year,chamber,congress,session,aflcio_num,bill_type,bill_number,bill_id,bill_title,vote_question,date,result,yea_total,nay_total,aflcio_position,aflcio_label,voteview_rollnumber,voteview_url,corrections,source_page,aflcio_description,source_csv,also_scored_in
1967,House,90,1,1,H.Res.,7,HRES7-90,House Rules,previous question,1967-01-10,Rejected,196,225,Y,Y=Right; N=Wrong,4,https://voteview.com/rollcall/RH0900004,,2,"The proposal - Motion by Rep. Albert (D-Okla.) to keep liberalized House rules adopted by 89th Congress. Background - The House Rules Committee's ability to stall legislation indefinitely was curbed by the 89th Congress. On opening day of the 90th Congress Albert made an unsuccessful parliamentary move to assure the liberalized House rules would continue in effect. The vote - On motion to save liberalized rules. Rejected, 196-225, January 10, 1967. Yea - right. Nay - wrong.",house_1967.csv,house_1968.csv#1
1967,House,90,1,2,H.R.,9960,HR9960-90,Rent Supplements,amendment,1967-05-17,Adopted,233,171,N,Y=Wrong; N=Right,54,https://voteview.com/rollcall/RH0900054,,2,"The proposal - Amendment by Rep. Davis (R-Wis.) to cut $10 million from rent supplements program. Background - The 89th Congress enacted a rent supplement program to help poor families live in decent housing. Funding the program has been a constant battle although it is the first housing subsidy program ever endorsed by all segments of the real estate industry. Despite this, House conservatives voted to cut the rent supplements plan. The vote - On the amendment. Approved, 233-171, May 17, 1967. Yea - wrong. Nay - right.",house_1967.csv,
1967,House,90,1,3,H.R.,9960,HR9960-90,Model Cities,motion to recommit,1967-05-17,Rejected,193,213,N,Y=Wrong; N=Right,55,https://voteview.com/rollcall/RH0900055,,2,"The proposal - Motion by Rep. Michel (R-Ill.) to strip model cities program of $225 million in project funds. Background - Enacted in 1966, the model cities program was designed to renovate slums and blighted neighborhoods. It provides federal financial and technical aid to cities. It was intended to develop means for a comprehensive attack on social economic and physical problems that beset the slums and the poor who live in them. The vote - On motion to cripple model cities program. Rejected, 193-213, May 17, 1967. Yea - wrong. Nay - right.",house_1967.csv,house_1968.csv#10
1967,House,90,1,4,H.R.,7819,HR7819-90,Elementary and Secondary Education,amendment,1967-05-24,Adopted,230,185,N,Y=Wrong; N=Right,59,https://voteview.com/rollcall/RH0900059,,2,"The proposal - Amendment by Rep. Green (D-Ore.) that would in effect undermine key parts of the aid to education program under the guise of ""states rights."" Background - one of the great and hopeful breakthroughs of the 89th Congress was passage of the first major federal aid program to elementary and secondary schools. The law has helped school children in 90 percent of the nation's school districts, but its main achievement has been to aid children from low-income families. This ""states rights"" amendment transferred control of funds for fresh-idea programs to state boards of education, most of which work with outmoded distribution formulas weighted in favor of rural systems and against the deep-need core city school systems. The vote - On the amendment. Approved, 230-185, May 24, 1967. Yea - wrong. Nay - right.",house_1967.csv,house_1968.csv#2
1967,House,90,1,5,H.R.,1318,HR1318-90,Food Stamp Program,amendment,1967-06-08,Rejected,173,191,N,Y=Wrong; N=Right,71,https://voteview.com/rollcall/RH0900071,,2,"The proposal - Agriculture Committee amendment to destroy the food stamp program. Background - The food stamp program helps millions of poor persons eat better at minimum cost. They pay, for example, $3 for government stamps worth three or four times that amount when exchanged for food. It is one of the most humane of all federal programs. The committee amendment called for passing 20 percent of the program's cost to the states. Its effect would have been that most of the 41 states now participating would have withdrawn, according to their own governors and welfare directors. The vote - On the amendment. Rejected, 173-191, June 8, 1967. Yea - wrong. Nay - right.",house_1967.csv,house_1968.csv#11
1967,House,90,1,6,H.R.,10943,HR10943-90,Teachers Corps,motion to recommit,1967-06-27,Rejected,146,257,N,Y=Wrong; N=Right,85,https://voteview.com/rollcall/RH0900085,,2,"The proposal - Motion by Rep. Gurney (R-Fla.) to kill the Teachers Corps. Background - The Teachers Corps was established to give deprived children an extra boost in education. It sends specially-trained teachers into the slums. Since its inception, it has been a target of reactionaries despite its modest cost. The vote - On the motion to kill the Teachers Corps. Rejected, 146-257, June 27, 1967. Yea - wrong. Nay - right.",house_1967.csv,
1967,House,90,1,7,S.J.Res.,81,SJRES81-90,Compulsory Arbitration,passage,1967-07-17,Passed,244,148,N,Y=Wrong; N=Right,93,https://voteview.com/rollcall/RH0900093,,3,"The proposal - A motion by Rep. Friedel (D-Md.) to accept Senate-passed compulsory arbitration legislation, forcing striking rail shopcraft workers back to work. Background - The first nationwide rail strike in more than 20 years began July 15, 1967. It ended two days later when Congress forced workers back to their jobs to await a settlement by a presidential panel. Compulsory arbitration was vigorously opposed by the labor movement as a dangerous federal intervention in labor-management affairs and an infringement of basic collective bargaining rights of both labor and management. The vote - On accepting Senate-passed legislation to force strikers back to work. Approved, 244-148, July 17, 1967. Yea - wrong. Nay - right.",house_1967.csv,house_1968.csv#3
1967,House,90,1,8,H.Res.,74,HRES74-90,Rat Control,rule,1967-07-20,Rejected,176,207,Y,Y=Right; N=Wrong,97,https://voteview.com/rollcall/RH0900097,,3,"The proposal - A proposal to bring to the floor for consideration the Rat Extermination Act. Background - Rats are disease-spreaders. They bite 14,000 Americans each year, mostly children and mostly in city slums. They cause $1 billion loss damage in food and goods annually. The proposal was greeted with jests and frivolity by some representatives. The vote - On the proposal to consider the President's rat control program. Rejected, 176-207, July 20, 1967. Yea - right. Nay - wrong.",house_1967.csv,house_1968.csv#12
1967,House,90,1,9,H.R.,11641,HR11641-90,Public Power,amendment,1967-07-25,Adopted,233,169,N,Y=Wrong; N=Right,98,https://voteview.com/rollcall/RH0900098,,3,"The proposal - Amendment by Rep. Giaimo (D-Conn.) to the public work appropriations bill, to cut the $1.6 million in planning funds for Dickey-Lincoln power project in Maine. Background - The Dickey-Lincoln power project has been the center of a public vs. private power battle. The project was designed to bring abundant power at low cost to a depressed region where power rates are among the highest in the country. The vote - On the proposal to knock out planning funds for Dickey Lincoln. Approved, 233-169, July 25, 1967. Yea - wrong. Nay - right.",house_1967.csv,
1967,House,90,1,10,H.R.,7977,HR7977-90,Postal and Federal Pay Raise,motion to recommit,1967-10-11,Rejected,199,211,N,Y=Wrong; N=Right,158,https://voteview.com/rollcall/RH0900158,,3,"The proposal - A motion by Rep. Gross (R-Iowa) to reduce salary increases for postal workers and other federal civilian employes. Background - Federal salaries do not match salaries for equivalent jobs in private industry. An effort was made to bring postal workers and other federal civilian employes in line with private industry salaries by a multi-step salary increase over three years. The proposal by Gross would have killed all but the first-step increase. The vote - On the motion to delete all but the first step of salary increases. Rejected, 199-211, Oct. 11, 1967. Yea - wrong. Nay - right.",house_1967.csv,house_1968.csv#4
1967,House,90,1,11,H.J.Res.,888,HJRES888-90,Appropriations,amendment,1967-10-18,Adopted,238,164,N,Y=Wrong; N=Right,166,https://voteview.com/rollcall/RH0900166,,3,"The proposal - An amendment by Rep. Whitten (D-Miss.) to force an $8.5 billion cut in the administration's budget for fiscal 1968. Background - Seeking to embarrass the President, conservatives tried a series of maneuvers to slash and to stall appropriations bills throughout the first session of the 90th Congress. Their main target, apart from harassment, was to force starvation of new Great Society programs through cuts in appropriations for labor, education, health, housing, welfare and the war on poverty. The vote - On the amendment. Approved, 238-164, Oct. 18, 1967. Yea - wrong. Nay - right.",house_1967.csv,house_1968.csv#5
1967,House,90,1,12,S.,2388,S2388-90,War on Poverty,motion to recommit,1967-11-15,Adopted,221,190,N,Y=Wrong; N=Right,206,https://voteview.com/rollcall/RH0900206,,3,"The proposal - Motion by Rep. Ayres (R-Ohio) to slash $460 million from the Office of Economic Opportunity (command post for the war on poverty) authorization. Background - Conservatives waged war on the war on poverty throughout the first session of the 90th Congress. Their objective was to dismantle the OEO and ""spin off"" poverty program to other federal agencies where the programs would lose impact and effectiveness. While dismantling efforts were defeated, the deep slash in funds from a proposed $2.06 billion to $1.6 billion would severely limit OEO operations, and would curtail or kill useful anti-poverty programs in many areas. The vote - On the motion. Approved, 221-190, Nov. 15, 1967. Yea - wrong. Nay - right.",house_1967.csv,
1968,House,90,1,7,H.R.,12144,HR12144-90,Meat Inspection,motion,1967-11-29,Rejected,166,207,Y,Y=Right; N=Wrong,225,https://voteview.com/rollcall/RH0900225,,2,"One of the big accomplishments of the 90th Congress was extension of federal meat inspection standards to the billions of pounds of meat which had been exempt because it wasn't sold across state lines. The Senate made major improvements in the original, very weak House bill. The conservative coalition voted down a motion to accept the Senate amendments which required states to match federal inspection standards. A public outcry finally brought approval of a good bill, but this attempt to strengthen the meat inspection law was beaten, 166-207, on Nov. 29, 1967. For - right; Against - wrong.",house_1968.csv,
1968,House,90,2,8,H.Res.,1100,HRES1100-90,Civil Rights,previous question,1968-04-10,Agreed to,229,195,Y,Y=Right; N=Wrong,294,https://voteview.com/rollcall/RH0900294,,3,"Final passage of the 1968 civil rights legislation would have been endangered if the House had not agreed to accept Senate amendments and instead insisted on sending the bill to a conference committee. The legislation outlawed housing discrimination, protected civil rights workers, and made it a federal crime to enter a state with the intent to take part in a riot. A conference would have opened the door to a new Senate filibuster and endangered the legislation. Church, labor and civil rights organizations pressed for a House vote on acceptance of the Senate-passed bill. The resolution which cleared the way for final passage was adopted, 229-195, on Apr. 10, 1968. For - right; Against - wrong.",house_1968.csv,
1968,House,90,2,6,H.R.,15414,HR15414-90,Taxes - Budget Cuts,motion,1968-05-29,Rejected,137,259,Y,Y=Right; N=Wrong,332,https://voteview.com/rollcall/RH0900332,,2,"Conservatives insisted on - and got - a deep budget cut in return for going along with a tax increase the President said was essential to the nation's economy. Earlier, Administration supporters sought to reduce the amount of the budget slash - a compromise which would have permitted high priority programs to continue while reducing funds for less urgent matters. This compromise was rejected by the House, 137-259, on May 29, 1968. For - right; Against - wrong.",house_1968.csv,
1968,House,90,2,13,H.R.,18037,HR18037-90,Anti-Poverty Funds,amendment,1968-06-26,Rejected,181,220,N,Y=Wrong; N=Right,360,https://voteview.com/rollcall/RH0900360,,3,"A Republican motion to slash $100 million from anti-poverty funds would have deprived thousands of children of participation in the Head Start program and forced the closing of 13 Job Corps centers - slamming the door shut on training opportunities for young men and women. Adoption of the motion would have served notice that Congress and the nation was preparing to abandon the war on poverty as ""too costly"" for the world's richest nation. The cutback was rejected, 181-220, on June 26, 1968. For - wrong; Against - right.",house_1968.csv,
1968,House,90,2,9,H.R.,17989,HR17989-90,Housing,passage,1968-07-10,Passed,295,114,Y,Y=Right; N=Wrong,374,https://voteview.com/rollcall/RH0900374,,3,"Decent homes for all Americans would go a long way toward meeting the nation's most pressing problems. An important step was taken in this year's housing legislation. It provides for building 1.7 million new or rehabilitated housing units in the next three years for low and moderate income families. It includes interest subsidies to help low income families buy homes and incentives for apartment-builders to provide low-rent units. Other sections of the legislation expand rent supplement and model cities programs. The housing bill was passed, 295-114, on July 10, 1968. For - right; Against - wrong.",house_1968.csv,
1969,House,91,1,1,H.R.,514,HR514-91,Aid to Education,substitute,1969-04-23,Adopted,235,184,N,Y=Wrong; N=Right,20,https://voteview.com/rollcall/RH0910020,,2,"One of the great breakthroughs of recent years was legislation providing federal aid to education. It has aided more than 90 percent of all American school districts, with particular emphasis on poverty areas. One of its strengths had been the ability of school administrators to plan several years in advance for the use of expected federal funds. However, Rep. Green (D-Ore.) proposed an amendment limiting extension of the school aid plan to two years instead of five and giving states control over part of the federal funds. Her amendment was approved 235-184, Apr. 23, 1969. For - wrong. Against - right.",house_1969.csv,
1969,House,91,1,3,H.R.,11612,HR11612-91,Farm Subsidies,amendment,1969-05-27,Adopted,225,142,Y,Y=Right; N=Wrong,28,https://voteview.com/rollcall/RH0910028,,2,"Some large farm owners get vast subsidy payments from the government. Sen. Eastland (D-Miss.), for example, receives approximately $150,000 a year in subsidies. Rep. Conte (R-Mass.) proposed limiting subsidy payments to $20,000. This was approved 225-142, May 27, 1969. For - right. Against - wrong.",house_1969.csv,
1969,House,91,1,4,H.R.,12290,HR12290-91,Surtax,passage,1969-06-30,Passed,210,205,N,Y=Wrong; N=Right,44,https://voteview.com/rollcall/RH0910044,,2,"Over opposition of labor and other tax reform forces, the House extended the surtax on income tax one year without including meaningful tax reform. However, the margin was so close before the vote that it brought firm pledges from House Ways & Means Chairman Mills and Pres. Nixon to consider tax reform immediately. This paved the way for reforms and the $750 personal exemption in the final tax measure signed into law. The measure passed June 30, 1969 by a vote of 210-205. For - wrong. Against - right.",house_1969.csv,house_1970.csv#3
1969,House,91,1,2,H.R.,13111,HR13111-91,Education Funds,amendment,1969-07-31,Adopted,294,119,Y,Y=Right; N=Wrong,63,https://voteview.com/rollcall/RH0910063,,2,"The Administration budget called for totally inadequate funding of federal aid to education - less than half the amount Congress had authorized to be spent. The House Appropriations Committee recommended an additional $121 million for education aid. But the gap between that amount and the need would still have been too wide in the opinion of labor and education groups. The AFL-CIO helped rally support for an amendment by Rep. Joelson (D-N.J.) to add an additional $894.5 million for education programs. It was approved 294-119, July 31, 1969. For - right. Against - wrong.",house_1969.csv,house_1970.csv#1
1969,House,91,1,5,H.R.,13270,HR13270-91,Tax Reform,motion to recommit,1969-08-07,Rejected,78,345,N,Y=Wrong; N=Right,72,https://voteview.com/rollcall/RH0910072,tally 345-78 -> 78-345 per Voteview roll 72; the card prints a defeated proposal's tally majority-first,2,"After months of hearings, the House came up with a tax bill that would narrow some existing loopholes, provide some tax relief for each taxpayer and eliminate taxes entirely for many poor families. Rep. Bush (R-Tex)., who declared the measure was too harsh on the oil industry, made an effort to kill the bill by having it recommitted to the Ways & Means Committee. His motion was defeated 345-78 on Aug. 7, 1969. For - wrong. Against - right.",house_1969.csv,
1969,House,91,1,6,H.R.,11039,HR11039-91,Peace Corps,motion to recommit,1969-09-08,Rejected,144,186,N,Y=Wrong; N=Right,78,https://voteview.com/rollcall/RH0910078,tally 186-144 -> 144-186 per Voteview roll 78; the card prints a defeated proposal's tally majority-first,3,"The Peace Corps has made friends for America all over the world. It was one of the most popular new programs of the 1960s. Despite its success, some conservatives have sought to cut back its funding. Rep. Gross (R-Iowa) proposed an $11.1 million reduction in Peace Corps funds. His proposal was rejected 186-144, Sept. 8, 1969. For - wrong. Against - right.",house_1969.csv,
1969,House,91,1,7,H.J.Res.,681,HJRES681-91,Electoral College,motion to recommit,1969-09-18,Rejected,162,246,N,Y=Wrong; N=Right,82,https://voteview.com/rollcall/RH0910082,tally 246-162 -> 162-246 per Voteview roll 82; the card prints a defeated proposal's tally majority-first,3,"The 1968 presidential election, with the threat that it would be thrown for decision into the U.S. House because of a third-party candidate, renewed interest in long-delayed electoral reform, primarily in direct election of the President and abolition of the Electoral College. The House Judiciary Committee reported a bill to this effect, backed by committee leaders of both parties. The House eventually passed the committee bill but first had to deal with a proposal by Rep. Dennis (R-Ind.) which would have retained the Electoral College. The Dennis proposal was rejected 246-162, Sept. 18, 1969. For - wrong. Against - right.",house_1969.csv,house_1970.csv#4
1969,House,91,1,8,H.R.,4249,HR4249-91,Voting Rights,amendment,1969-12-11,Adopted,208,204,N,Y=Wrong; N=Right,150,https://voteview.com/rollcall/RH0910150,tally 208-203 -> 208-204 per Voteview roll 150; the card is out by one vote on the nay side,3,"The Voting Rights Act of 1965 helped add one million voters to the registration rolls in seven southern states. It has been one of the most successful human rights laws of recent years. Rep. Ford (R-Mich.) introduced - as a substitute for a simple five-year extension of the present act - an Administration proposal that seriously weakened voting rights protections by abolishing close supervision of Deep South states where in the past coercion and subterfuge had kept Negroes from voting. It was adopted 208-203, Dec. 11, 1969. For - wrong. Against - right.",house_1969.csv,
1969,House,91,1,10,H.R.,12321,HR12321-91,War on Poverty,motion to recommit,1969-12-12,Rejected,163,231,N,Y=Wrong; N=Right,153,https://voteview.com/rollcall/RH0910153,tally 231-163 -> 163-231 per Voteview roll 153; the card prints a defeated proposal's tally majority-first,3,"The effort to scuttle the war on poverty has been constant. Despite this, the anti-poverty program has had some successes, and one reason for them has been the presence of a central authority, the Office of Economic Opportunity, that can coordinate the various anti-poverty programs. Rep. Ayres (R-Ohio) tried to fragment the anti-poverty program by turning it over to the states and reducing the authority of the OEO. His plan was rejected, 231-163, Dec. 12, 1969. For - wrong. Against - right.",house_1969.csv,house_1970.csv#7
1969,House,91,1,9,H.R.,13111,HR13111-91,School Desegregation,motion to table,1969-12-18,Rejected,181,216,N,Y=Wrong; N=Right,167,https://voteview.com/rollcall/RH0910167,tally 216-181 -> 181-216 per Voteview roll 167; the card prints a defeated proposal's tally majority-first,3,"The House had voted to prevent HEW funds from being withheld from school districts with so-called ""freedom of choice"" plans. These plans are a device to avoid school desegregation. They have been ruled illegal by the U.S. Supreme Court. Later an effort was made to reverse the original House action. Rep. Flood (D-Pa.) tried to block this reversal but failed 216-181, Dec. 18, 1969. For - wrong. Against - right.",house_1969.csv,house_1970.csv#5
1970,House,91,2,2,H.R.,13111,HR13111-91,HEW Veto,veto override,1970-01-28,Rejected,226,191,Y,Y=Right; N=Wrong,180,https://voteview.com/rollcall/RH0910180,,2,"When Congress added $1.1 billion to Pres. Nixon's HEW appropriations requests, to provide adequate funds for needed health and education programs, the President vetoed the measure, charging the additional funding was inflationary. A proposal to override the veto won a 226-191 majority, Jan. 28, 1970, but fell short of the two-thirds majority necessary to override. For - right. Against - wrong.",house_1970.csv,
1970,House,91,2,8,H.R.,16311,HR16311-91,Family Aid Job Standards,motion to recommit,1970-04-16,Adopted,248,149,N,Y=Wrong; N=Right,221,https://voteview.com/rollcall/RH0910221,,3,"A move was made to strike from the Family Assistance Act employment standards that had been written into the bill at the request of the AFL-CIO to prevent using a welfare program to provide employers with substandard-paid workers. The motion was approved Apr. 16, 1970, 248-149. For - wrong. Against - right.",house_1970.csv,
1970,House,91,2,6,H.Res.,914,HRES914-91,Voting Rights,previous question,1970-06-17,Agreed to,224,183,Y,Y=Right; N=Wrong,273,https://voteview.com/rollcall/RH0910273,,2,"The 1965 Voting Rights Act has helped add more than a million voters to the registration rolls in seven southern states and has been the most successful human rights legislation in recent years. An Administration move to weaken it succeeded narrowly in the House in December 1969. But the Senate restored the act to its original form - concentrating in seven states - and added the voting franchise for 18-year-olds and standardized residency requirements for voting for president. When it came before the House again, Rep. Matsunaga (D-Hawaii) moved to accept the AFL-CIO-supported Senate version. His motion carried June 17, 1970, 224-183. For - right. Against - wrong.",house_1970.csv,
1970,House,91,2,9,H.R.,11102,HR11102-91,Hospital Construction,veto override,1970-06-25,Passed,279,98,Y,Y=Right; N=Wrong,279,https://voteview.com/rollcall/RH0910279,,3,"Construction and modernization of urgently needed health facilities were threatened by Pres. Nixon's veto of a bill extending the Hill-Burton program of federal grants. This was another instance of a presidential veto aimed at funding of an important social welfare program. The veto came only a year after the President himself had warned that the nation is in a health crisis and ""unless action is taken . . . we will have a breakdown in our medical care system affecting millions."" The vote to override the veto far exceeded the necessary two-thirds majority, June 25, 1970, 279-98. For - right. Against - wrong.",house_1970.csv,
1970,House,91,2,10,H.R.,17495,HR17495-91,Mortgage Funds,amendment,1970-06-25,Adopted,216,112,N,Y=Wrong; N=Right,281,https://voteview.com/rollcall/RH0910281,tally 215-113 -> 216-112 per Voteview roll 281,3,"The nation is in a housing crisis. There is not enough of it, and too much of what there is is substandard. New housing starts are way down because of Administration ""tight money"" policies and prohibitive interest rates. Rep. Patman (D-Tex.) proposed a National Development Bank to help provide mortgage funds for middle income families unable to get conventional loans. But a move to knock out his proposal, and leave homeseekers at the mercy of the bankers and money-lenders, succeeded June 25, 1970, 215-113. For - wrong. Against - right.",house_1970.csv,
1970,House,91,2,11,H.R.,17070,HR17070-91,Postal Service Open Shop,motion to table,1970-07-09,Rejected,153,230,Y,Y=Right; N=Wrong,295,https://voteview.com/rollcall/RH0910295,"tally 154-229 -> 153-230 per Voteview roll 295; Voteview gives roll 295 bill_number HR1562, which is roll 293's and 294's for H.R. 15628, while its own dtl_desc, roll 296 of the same day, rolls 275 and 276 and the Senate's roll 478 all name H.R. 17070, so HR17070 is stored",3,"Rep. Dulski (D-N.Y.) tried to retain the union security provision of the postal reform bill by moving to table, thus kill, a motion for the House to insist on an open shop clause. Even though the right to negotiate a union shop was part of the agreement the Administration made with the AFL-CIO and seven postal unions, 148 Republicans voted against union security, only 19 for it. The Dulski motion to save the union security provision was rejected July 9, 1970, 154-229. For - right. Against - wrong.",house_1970.csv,
1970,House,91,2,12,H.R.,14705,HR14705-91,Farm Workers' Jobless Aid,motion to recommit,1970-07-23,Rejected,170,219,Y,Y=Right; N=Wrong,307,https://voteview.com/rollcall/RH0910307,,3,"Farm workers, whose employment is mainly seasonal and who suffer long stretches of joblessness, are not covered by unemployment insurance. Even though the Administration had endorsed partial coverage of farm workers, the House conservative coalition fought any extension of unemployment insurance to agriculture. A proposal by Rep. O'Hara (D-Mich.) to extend jobless pay coverage to workers on farms with eight or more employes who are on payroll 26 or more weeks of the year would have aided more than 250,000 farm workers. It was rejected July 23, 1970, 170-219. For - right. Against - wrong.",house_1970.csv,
1971,House,92,1,1,H.J.Res.,468,HJRES468-92,Funds for SST,amendment,1971-03-18,Adopted,215,204,N,Y=Wrong; N=Right,15,https://voteview.com/rollcall/RH0920015,tally 216-203 -> 215-204 per Voteview roll 15,2,"Thousands of aerospace workers faced layoffs when the House voted against appropriating funds to continue development of an American-built supersonic airliner. The AFL-CIO supported funding for the SST as vital to the preservation of the nation's leadership in aircraft manufacturing as well as essential to the economy. On Mar. 18, 1971, the House voted 216-203 for an amendment cutting off SST funds. For - wrong. Against - right.",house_1971.csv,
1971,House,92,1,9,H.R.,7016,HR7016-92,Federal School Funds,amendment,1971-04-07,Rejected,188,191,Y,Y=Right; N=Wrong,30,https://voteview.com/rollcall/RH0920030,,3,"Administration budget cuts in aid to education played a major role in the financial crisis facing the nation's schools. Rep. Hathaway (D-Me.) attempted to increase federal funding of school programs by approximately 15 percent during House action on the education appropriation bill. The Hathaway amendment, supported by organized labor and education groups, was narrowly defeated, 188-191, on Apr. 7, 1971. For - right. Against - wrong.",house_1971.csv,
1971,House,92,1,2,H.R.,5376,HR5376-92,Accelerated Public Works,motion to recommit,1971-04-22,Rejected,128,261,N,Y=Wrong; N=Right,35,https://voteview.com/rollcall/RH0920035,tally 128-262 -> 128-261 per Voteview roll 35,2,"Despite continued high unemployment, the Administration opposed a $2 billion accelerated public works program aimed at providing 170,000 jobs and needed facilities in communities with heavy joblessness. Administration supporters in the House attempted to kill the bill by offering a motion to send it back to committee with instructions to eliminate the accelerated public works program. On Apr. 22, 1971, the effort to kill accelerated public works was defeated 128-262. For - wrong. Against - right.",house_1971.csv,
1971,House,92,1,3,H.R.,3613,HR3613-92,Public Service Jobs,substitute,1971-06-02,Rejected,182,204,N,Y=Wrong; N=Right,67,https://voteview.com/rollcall/RH0920067,,2,"As one means of improving the economy, the AFL-CIO strongly supported congressional efforts to enact a public service employment program providing jobs for the unemployed in the public sector. The Administration opposed this approach to reducing unemployment as the President had vetoed similar legislation in 1970. In an effort to defeat this legislation, the Administration supported a substitute bill that would have scuttled existing manpower programs and replaced them with a revenue-sharing proposal. On June 2, 1971, the Administration-backed substitute was defeated in the House by a vote of 182-204. For - wrong. Against - right.",house_1971.csv,
1971,House,92,1,8,H.R.,9270,HR9270-92,Food for Strikers,amendment,1971-06-23,Rejected,172,225,N,Y=Wrong; N=Right,103,https://voteview.com/rollcall/RH0920103,,3,"Striking workers and their families have always been entitled to food stamps as long as they met other eligibility requirements under the program. During House action on an agricultural appropriation bill, Rep. Michel (R-Ill.) attempted to deny food stamps to strikers and their families. The Michel amendment was defeated on June 23, 1971, by a 172-225 vote. For - wrong. Against - right.",house_1971.csv,
1971,House,92,1,4,H.R.,8432,HR8432-92,Lockheed Loan Guarantee,passage,1971-07-30,Passed,192,189,Y,Y=Right; N=Wrong,152,https://voteview.com/rollcall/RH0920152,"Voteview rolls 151 and 152 give bill_number HR3432 while both of their own dtl_desc read H.R. 8432, and Voteview's own Senate roll 164 on the same measure gives HR8432, so HR8432 is stored",2,"With over 72,000 jobs at stake, the AFL-CIO supported passage of a bill providing a federal guarantee for a $250 million loan to the Lockheed Aircraft Corp. Under the terms of the bill, the loan was to be made by private banks. There would be no cost to the government unless Lockheed went bankrupt. In that case, the government would have priority over other creditors on the company's assets. The bill passed the House on July 30, 1971, by a 192-189 vote. For - right. Against - wrong.",house_1971.csv,
1971,House,92,1,10,H.R.,1746,HR1746-92,Enforcing Equal Employment,substitute,1971-09-16,Adopted,202,197,N,Y=Wrong; N=Right,174,https://voteview.com/rollcall/RH0920174,,3,"The AFL-CIO and civil rights groups strongly supported legislation giving the Equal Employment Opportunity Commission the enforcement power necessary to stop illegal job discrimination. Business groups and the Administration, however, backed a weak substitute that denied enforcement power to EEOC and limited action to court suits. The House voted, 202-197, against effective enforcement and for the substitute bill on Sept. 16, 1971. For - wrong. Against - right.",house_1971.csv,
1971,House,92,1,6,H.Res.,596,HRES596-92,Federal Pay Raise,passage,1971-10-04,Rejected,174,207,Y,Y=Right; N=Wrong,188,https://voteview.com/rollcall/RH0920188,,2,"Although federal employes were scheduled to receive a comparability salary increase on Jan. 1, 1972, the President, as part of his ""wage freeze,"" attempted to defer this increase until July 1, 1972. The House by a 174-207 vote on Oct. 4, 1971, failed to pass a resolution that would have overturned the President's postponement of catch-up pay for federal employes. For - right. Against - wrong.",house_1971.csv,
1971,House,92,1,11,H.R.,11060,HR11060-92,Election Reform,amendment,1971-11-30,Adopted,233,147,Y,Y=Right; N=Wrong,281,https://voteview.com/rollcall/RH0920281,,3,"During House consideration of campaign reform legislation, Rep. Hansen (R-Ida.) offered an amendment clarifying court rulings on union political activities. The amendment made it clear that organized labor has the right to spend funds from dues income to communicate with members and conduct non-partisan registration and get-out-the-vote drives aimed at members and their families. Passage of the Hansen amendment blocked an announced effort by Rep. Crane (R-Ill.) to offer an amendment severely limiting labor's political rights. On Nov. 30, 1971, the House approved the Hansen amendment by a vote of 233-147. For - right. Against - wrong.",house_1971.csv,
1971,House,92,1,12,S.,2007,S2007-92,Child Care,conference report,1971-12-07,Adopted,211,187,Y,Y=Right; N=Wrong,297,https://voteview.com/rollcall/RH0920297,,3,"The need for decent day care for the children of America's millions of working women was recognized by both the House and Senate. As reported by a conference committee, the new bill provided voluntary comprehensive day care services with a fee schedule based on ability-to-pay. Despite all-out Administration opposition, the House approved the badly needed new day care program, by a 211-187 vote on Dec. 7, 1971. The President then vetoed the measure and the Senate failed to override. For - right. Against - wrong.",house_1971.csv,
1971,House,92,1,7,H.R.,11309,HR11309-92,Wage Retroactivity,amendment,1971-12-10,Adopted,209,151,N,Y=Wrong; N=Right,309,https://voteview.com/rollcall/RH0920309,,3,"Legislation extending the President's wage-price control authority cleared the House Banking Committee with a provision permitting back pay for most wage increases that were due during the Phase 1 freeze. The bill was crippled on the House floor when an amendment sponsored by Rep. Stephens (D-Ga.) was approved. The Stephens amendment limited back pay to those cases where an employer had already raised prices to cover the increase, and thereby ruled out most retroactive pay boosts. The damage was later repaired in House-Senate conference. On Dec. 10, 1971, the House adopted the Stephens amendment by a 209-151 vote. For - wrong. Against - right.",house_1971.csv,
1971,House,92,1,5,H.R.,6065,HR6065-92,Unemployment Compensation Extension,conference report,1971-12-15,Adopted,194,149,Y,Y=Right; N=Wrong,318,https://voteview.com/rollcall/RH0920318,,2,"Late in the session, Congress approved a 13-week extension of unemployment compensation benefits for an estimated 538,000 workers who had exhausted basic and extended unemployment compensation. This temporary program, starting in February, provides aid to workers who are the victims of long-term unemployment in states with the highest jobless rates. The emergency program was included as part of a conference report approved by the House on Dec. 15, 1971, by a 194-149 vote. For - right. Against - wrong.",house_1971.csv,
1972,House,92,2,1,H.Res.,796,HRES796-92,Compulsory Arbitration,rule,1972-02-09,Adopted,203,170,N,Y=Wrong; N=Right,345,https://voteview.com/rollcall/RH0920345,,2,"Ignoring the fact that the West Coast Longshoreman's Union (ILWU) and management had reached agreement in their seven-month long contract dispute, the House bowed to strong White House pressure and passed legislation providing for a ban on further strike activities and compulsory arbitration of all unresolved contract differences. The AFL-CIO strongly opposed this legislation as an unwarranted intrusion into the collective bargaining process. The key vote on this proposal was on a motion to adopt a procedural rule which would allow for a vote on the compulsory arbitration bill. Despite labor's opposition the rule was adopted by a 203-170 roll call vote on Feb. 9. For - wrong. Against - right.",house_1972.csv,
1972,House,92,2,2,H.R.,11896,HR11896-92,Pollution Control,amendment,1972-03-29,Adopted,274,118,Y,Y=Right; N=Wrong,380,https://voteview.com/rollcall/RH0920380,tally 275-117 -> 274-118 per Voteview roll 380,2,"In the second session of the 92nd Congress, the House acted to curb a pernicious employer practice known as ""environmental blackmail"" by which workers or their union are threatened by an employer with massive job layoffs unless they align with the company in publicly opposing the issuance of a pollution abatement order. This type of coercion has enabled many large scale polluters to forestall compliance with federal clean water standards. During debate on amendments to the 1970 Federal Water Pollution Control Act, the House passed an amendment introduced by Rep. William Ford (D-Mich.), which would allow workers or their union to obtain from the Environmental Protection Agency a public investigation to substantiate these job-loss claims by employers. The measure was approved by a 275-117 recorded teller vote on Mar. 29. For - right. Against - wrong.",house_1972.csv,
1972,House,92,2,4,H.R.,7130,HR7130-92,Minimum Wage (1),substitute,1972-05-11,Adopted,217,191,N,Y=Wrong; N=Right,418,https://voteview.com/rollcall/RH0920418,,2,"During House debate on pending minimum wage legislation, southern Democrats joined with conservative Republicans to defeat a labor supported $2 minimum wage bill with expanded coverage for an additional 8.4 million workers, by instead substituting a $1.80 package with no expanded coverage and containing a sub-minimum youth wage. Despite strong labor opposition to this Administration-backed substitute bill, introduced by Rep. John Erlenborn (R-Ill.), the House adopted the measure by a 217-191 recorded teller vote on May 11. For - wrong. Against - right.",house_1972.csv,
1972,House,92,2,6,H.R.,15417,HR15417-92,Job Safety,amendment,1972-06-15,Adopted,213,154,N,Y=Wrong; N=Right,458,https://voteview.com/rollcall/RH0920458,,2,"In the second session of the 92nd Congress efforts were made to seriously weaken the less than two-year-old Occupational Safety & Health Act. In debate on a Labor-HEW Appropriations bill, Rep. Paul Findley (R-Ill.) introduced an amendment to exempt firms employing 25 or fewer employes from coverage under the act. This amendment, strongly opposed by organized labor, would have excluded more than 25 per cent of the workers and 86 per cent of the job sites presently covered by the law. Particularly hard hit would have been construction and farm workers. Although the House on June 15 approved the Findley amendment by a 213-154 recorded teller-vote, the final conference report on the bill weakened the effect of this amendment. For - wrong. Against - right.",house_1972.csv,
1972,House,92,2,7,H.R.,15417,HR15417-92,Federal School Funds,amendment,1972-06-15,Adopted,212,163,Y,Y=Right; N=Wrong,459,https://voteview.com/rollcall/RH0920459,,3,"Administration budget cuts in aid to education have played a major role in the current financial crisis facing the nation's schools. In an effort to alleviate this situation Rep. William Hathaway (D-Me.), during House action on the education appropriations bill, introduced an amendment to increase federal funding of school programs by adding more than $363 million to the $636 million in education funds already appropriated in the pending bill. Despite threats of a presidential veto, the Hathaway amendment, supported by organized labor and education groups, was approved, 212-163, on June 15. For - right. Against - wrong.",house_1972.csv,
1972,House,92,2,10,H.Res.,986,HRES986-92,Revenue Sharing,previous question,1972-06-21,Agreed to,223,185,N,Y=Wrong; N=Right,465,https://voteview.com/rollcall/RH0920465,"Voteview roll 465 gives bill_number HRE996 while its own dtl_desc reads H. RES. 986; H. Rept. 92-1089 accompanies H. Res. 986 for H.R. 14370, so HRES986 is stored",3,"During House deliberations on a pending revenue sharing bill, the AFL-CIO sought the inclusion of a number of amendments designed not only to insure state spending of federal revenues in those programs of highest national priority, but also guarantee the maintenance of certain national labor protective standards as well as to encourage the states to adopt more progressive income tax systems. Since the bill was to be debated under a closed rule, which prohibited the consideration of any amendments to the bill, the key vote came on a procedural motion to defeat the closed rule and thus open the bill to amendments. The House, however, voted on June 21 by a roll call vote of 223-185 to sustain the closed rule. For - wrong. Against - right.",house_1972.csv,
1972,House,92,2,8,H.R.,15587,HR15587-92,Unemployment Compensation Extension,passage,1972-06-28,Passed,275,108,Y,Y=Right; N=Wrong,486,https://voteview.com/rollcall/RH0920486,tally 273-110 -> 275-108 per Voteview roll 486,3,"In late June, Congress approved a 6-month extension of unemployment compensation benefits for an estimated 400,000 workers who had exhausted basic and extended unemployment compensation. This temporary program, starting June 30, provides aid to workers who are the victims of long-term unemployment in states with the highest jobless rates. The emergency extension was approved by the House on June 28, 1972, by a 273-110 vote. For - right. Against - wrong.",house_1972.csv,
1972,House,92,2,9,H.R.,15690,HR15690-92,Food For Strikers,amendment,1972-06-29,Rejected,180,199,N,Y=Wrong; N=Right,488,https://voteview.com/rollcall/RH0920488,,3,"Striking workers and their families have always been entitled to food stamps as long as they complied with the stringent eligibility requirements under the program. During House action on an Agricultural appropriations bill, Rep. Robert H. Michel (R-Ill.) attempted to deny food stamps to strikers and their families. The Michel amendment was, however, defeated on June 29, by a 180-199 vote. For - wrong. Against - right.",house_1972.csv,
1972,House,92,2,11,H.R.,13853,HR13853-92,Jobs Legislation,passage,1972-07-19,Rejected,189,207,Y,Y=Right; N=Wrong,509,https://voteview.com/rollcall/RH0920509,tally 189-206 -> 189-207 per Voteview roll 509,3,"Ignoring the needs of the over 5.4 million unemployed Americans, a Republican-led conservative coalition, backstopped by strong White House pressure, succeeded in defeating a labor-supported $5 billion emergency public works bill. This legislation was specifically designed to reduce unemployment by creating over 500,000 jobs in the construction of much-needed water, sewer and pollution control facilities. The key vote was on the final passage of the bill when it was rejected by a 189-206 roll call vote on July 19. For - right. Against - wrong.",house_1972.csv,
1972,House,92,2,5,H.R.,7130,HR7130-92,Minimum Wage (2),motion,1972-08-01,Rejected,190,198,Y,Y=Right; N=Wrong,521,https://voteview.com/rollcall/RH0920521,,2,"Although the House action was reversed in the Senate by the passage of a labor-supported minimum wage bill, House Republicans and southern Democrats were able to sidetrack the legislation through a parliamentary maneuver. On Aug. 1 this coalition succeeding in rejecting, by a 190-198 roll call vote, a motion to go to a House-Senate conference on the legislation where these differences could be resolved. For - right. Against - wrong.",house_1972.csv,
1972,House,92,2,3,H.R.,16071,HR16071-92,Worker Protection,amendment,1972-08-16,Rejected,161,201,N,Y=Wrong; N=Right,554,https://voteview.com/rollcall/RH0920554,,2,"During House consideration of legislation authorizing funds for the Public Works & Economic Development Act, an effort was made to delete from the bill a worker protection provision guaranteeing unemployment compensation benefits to workers losing their jobs as a result of the issuance of pollution control orders. The provision also included rent or mortgage assistance for those displaced workers facing eviction. The key vote came on a motion introduced by Rep. Gene Snyder (R-Ky.) to strike from the bill the worker protection language which the House rejected by a 161-201 recorder teller vote on Aug. 16. For - wrong. Against - right.",house_1972.csv,
1973,House,93,1,10,H.Res.,357,HRES357-93,Wage-Price Controls,previous question,1973-04-16,Rejected,147,258,Y,Y=Right; N=Wrong,51,https://voteview.com/rollcall/RH0930051,,3,"Legislation extending the President's wage-price control authority for an additional year cleared the House Banking Committee with labor-supported provisions rolling back prices, interest rates and rents while exempting workers earning less than $3.50 hourly from wage controls. Strong Administration and business opposition to these provisions resulted in a successful parliamentary maneuver supported by Republicans and southern Democrats aimed at sidetracking the committee bill. The effect was to pave the way for House approval of a substitute one-year measure which extended the existing inequitable economic control program. The key 147-258 vote came on a procedural issue on April 16. An affirmative vote opposed adoption of the inadequate substitute bill. For - Right. Against - Wrong.",house_1973.csv,
1973,House,93,1,1,H.R.,7935,HR7935-93,Minimum Wage (1),substitute,1973-06-06,Rejected,199,218,N,Y=Wrong; N=Right,119,https://voteview.com/rollcall/RH0930119,,2,"During House debate on a labor-backed $2.20 minimum wage bill which included expanded coverage for over 6 million workers and the elimination of overtime exemptions, a conservative coalition sought to substitute a bill providing no new coverage or elimination of overtime exemptions and establishing a subminimum youth wage. The House rejected the substitute bill sponsored by Rep. John Erlenborn (R-Ill.) by a 199-218 vote on June 6. For - Wrong. Against - Right.",house_1973.csv,
1973,House,93,1,3,H.R.,77,HR77-93,Legal Services Bargaining,amendment,1973-06-12,Rejected,177,223,N,Y=Wrong; N=Right,146,https://voteview.com/rollcall/RH0930146,,2,The success of experimental programs providing low-cost legal assistance to union members paid for jointly by employers and employes spurred labor-backed legislation amending the Taft-Hartley Act to permit labor unions to bargain collectively for prepaid legal services plans. During House debate Rep. William Steiger (R-Wis.) proposed to permit employers to refuse to bargain with a union for this fringe benefit. The House rejected Steiger's amendment by 177-223 vote on June 12. For - Wrong. Against - Right.,house_1973.csv,
1973,House,93,1,8,H.R.,8877,HR8877-93,Labor - HEW Appropriations,motion to recommit,1973-06-26,Rejected,186,219,N,Y=Wrong; N=Right,207,https://voteview.com/rollcall/RH0930207,,3,"During House debate on appropriations for the Labor Dept. and the Dept. of Health, Education & Welfare, conservatives led by Rep. Robert Michel (R-Ill.) attempted to slash $631 million from the measure, directly affecting some 26 labor-supported social programs in health, education and economic opportunity. The Michel strategy, to recommit the bill to the Appropriations Committee with instructions to delete these funds from the bill, was rejected by the House on June 26 by a 186-219 rollcall vote. For - Wrong. Against - Right.",house_1973.csv,
1973,House,93,1,4,H.R.,8860,HR8860-93,Food for Strikers,amendment,1973-07-19,Adopted,213,203,N,Y=Wrong; N=Right,251,https://voteview.com/rollcall/RH0930251,,2,"Striking workers and their families have always been entitled to food stamps as long as they complied with the stringent eligibility requirements under the program. During House action on a farm bill, Rep. William Dickinson (R-Ala.) offered an amendment to deny food stamps to strikers and their families. The Dickinson amendment was approved by the House on July 19 by a 213-203 vote although later dropped from the bill before final passage. For - Wrong. Against - Right.",house_1973.csv,
1973,House,93,1,11,S.,504,S504-93,Health Veto,veto override,1973-09-12,Rejected,274,143,Y,Y=Right; N=Wrong,328,https://voteview.com/rollcall/RH0930328,tally 273-144 -> 274-143 per Voteview roll 328,3,"Because ""The Emergency Medical Services Act of 1973"" included a provision prohibiting the Administration from phasing out eight existing Public Health Service hospitals, President Nixon vetoed this labor-supported legislation. On Sept. 12, the House fell five votes short of the two-thirds needed to override the President's action. The vote to override was 273-144. Later in the session, the ban against closing Public Health Service hospitals without the consent of Congress was written into a high-priority Defense Dept. authorization bill which the President signed into law. For Overriding - Right. Against - Wrong.",house_1973.csv,
1973,House,93,1,2,H.R.,7935,HR7935-93,Minimum Wage (2),veto override,1973-09-19,Rejected,259,164,Y,Y=Right; N=Wrong,341,https://voteview.com/rollcall/RH0930341,,2,"Despite skyrocketing consumer prices and an ever increasing number of families living in poverty, President Nixon on Sept. 6 vetoed as ""inflationary"" the labor-supported minimum wage bill. The House vote on Sept. 19 to override the veto was 259-164, falling 23 votes short of the two-thirds majority required to overcome a presidential veto. For Overriding - Right. Against - Wrong.",house_1973.csv,
1973,House,93,1,5,H.R.,9142,HR9142-93,Rail Workers Compensation,amendment,1973-11-08,Rejected,187,198,N,Y=Wrong; N=Right,418,https://voteview.com/rollcall/RH0930418,,2,"During House debate on legislation reorganizing seven bankrupt railroads, Rep. Dan Kuykendall (R-Tenn.) offered an anti-labor amendment to limit the period of compensation for railroad workers who lost their jobs or took pay cuts because of the reorganization. His amendment was rejected by a 187-198 vote on Nov. 8. For - Wrong. Against - Right.",house_1973.csv,
1973,House,93,1,9,S.,1081,S1081-93,Alaskan Pipeline,motion to recommit,1973-11-12,Rejected,162,213,N,Y=Wrong; N=Right,420,https://voteview.com/rollcall/RH0930420,,3,"Administration opposition to a number of Senate amendments to the Alaskan pipeline bill, particularly a consumer protection provision, moved the conservative coalition in the House to oppose adoption of a House-Senate conference report on the pipeline legislation. Rep. William Steiger (R-Wis.) attempted to send the legislation back to conference with instructions to delete the consumer provisions. Labor strongly opposed this maneuver and the House rejected the Steiger motion by a 162-213 vote on Nov. 12. For - Wrong. Against - Right.",house_1973.csv,
1973,House,93,1,7,H.R.,10710,HR10710-93,Trade Legislation (2),amendment,1973-12-11,Adopted,319,80,Y,Y=Right; N=Wrong,473,https://voteview.com/rollcall/RH0930473,,3,"Although strongly opposing final passage of the trade bill, the AFL-CIO supported the adoption of an amendment to the bill sponsored by Rep. Charles Vanik (D-Ohio) prohibiting government-backed credits or loan guarantees to the Soviet Union until such time as it eased its restrictive emigration policies. By an overwhelming 319-80 vote, the House on Dec. 11 approved the Vanik amendment. For - Right. Against - Wrong.",house_1973.csv,
1973,House,93,1,6,H.R.,10710,HR10710-93,Trade Legislation (1),passage,1973-12-11,Passed,272,140,N,Y=Wrong; N=Right,475,https://voteview.com/rollcall/RH0930475,,2,"The AFL-CIO has long urged enactment of the Burke-Hartke trade bill in order to curb the loss of American jobs resulting from unregulated imports, the export of U.S. capital and technology and the runaway of American industry to low-wage areas of the world. However, the House Ways & Means Committee reported out an Administration-backed bill giving the President blank-check authority to deal with trade problems on a selective basis. Despite strong labor opposition, the House on Dec. 11 approved the bill by a 272-140 vote. For - Wrong. Against - Right.",house_1973.csv,
1974,House,93,2,1,H.R.,13163,HR13163-93,Consumer Protection Agency,substitute,1974-04-03,Rejected,176,223,N,Y=Wrong; N=Right,630,https://voteview.com/rollcall/RH0930630,,2,"Despite efforts by the Chamber of Commerce, National Association of Manufacturers and other anti-consumer lobbies, the House rejected an amendment by Rep. Clarence Brown (R-Ohio) designed to cripple labor-supported legislation establishing a federal consumer protection agency. The amendment, beaten by a 176-223 margin on Apr. 3 would have limited the agency's powers to seek judicial redress on behalf of consumers who had been injured or defrauded. For - Wrong. Against - Right.",house_1974.csv,
1974,House,93,2,2,H.R.,14013,HR14013-93,Public Service Jobs,amendment,1974-04-10,Adopted,236,168,Y,Y=Right; N=Wrong,645,https://voteview.com/rollcall/RH0930645,,2,"During debate on the 1974 supplemental appropriations bill, Rep. David Obey (D-Wis.) offered a labor-backed amendment providing an additional $150 million for job-creating public service employment programs. Without this additional funding, this federal jobs program would have been cut back at a time when national unemployment exceeded 5 percent and was increasing. The key vote came on Apr. 10 as the House approved the Obey amendment by a 236-168 vote. For - Right. Against - Wrong.",house_1974.csv,
1974,House,93,2,3,H.Res.,929,HRES929-93,Voter Registration,rule,1974-05-08,Rejected,197,204,Y,Y=Right; N=Wrong,681,https://voteview.com/rollcall/RH0930681,,2,"Fearing an increase in low-income and black voter participation, Republicans and southern Democrats combined forces to sidetrack labor-supported legislation making it easier for the public to register through a national postcard voter registration system. The defeat of the bill came when the House by a 197-204 vote on May 8 rejected a parliamentary motion to consider the rule under which the bill would be debated. For - Right. Against - Wrong.",house_1974.csv,
1974,House,93,2,4,H.R.,7824,HR7824-93,Legal Services for the Poor,motion to recommit,1974-05-15,Rejected,183,190,N,Y=Wrong; N=Right,690,https://voteview.com/rollcall/RH0930690,date 1974-05-16 -> 1974-05-15 per Voteview roll 690,2,Congress completed action in 1974 on legislation establishing an independent legal services corporation to provide free legal help to poor people who could not otherwise afford such assistance. Rep. John Erlenborn (R-Ohio) tried to gut the legislation by having a House-Senate compromise recommitted to conference with instructions that would have resulted in severely restricting the legal services available to the poor. The recommittal motion was rejected on May 16 by a 183-190 vote. For Recommittal - Wrong. Against - Right.,house_1974.csv,
1974,House,93,2,5,H.R.,13834,HR13834-93,Energy Crisis,passage,1974-05-21,Rejected,191,207,Y,Y=Right; N=Wrong,694,https://voteview.com/rollcall/RH0930694,,2,"In an effort to combat rising fuel prices and windfall oil industry profits, Rep. Harley Staggers (D.-W.Va.) sponsored emergency energy legislation providing the President with powers to cope with the energy crisis and including price rollbacks on domestically produced crude oil and price ceilings on imported oil. The measure also established an unemployment compensation fund for workers losing their jobs as a result of the energy crisis. However, in a key vote on May 21 the House failed by a 191-207 vote to muster the two-thirds vote necessary to pass this bill under an expedited parliamentary procedure. For - Right. Against - Wrong.",house_1974.csv,
1974,House,93,2,6,H.R.,15155,HR15155-93,Low Cost Public Power,amendment,1974-06-06,Rejected,186,200,N,Y=Wrong; N=Right,730,https://voteview.com/rollcall/RH0930730,tally 186-201 -> 186-200 per Voteview roll 730,2,"For ten years the planned Dickey-Lincoln power plant - designed to supply New England states with low cost electrical power - has failed to get off the drawing boards because of opposition by private utility interests. In 1974, preconstruction planning funds for this project were included in the fiscal 1975 Public Works appropriations bill. During debate on the bill, the House rejected by a 186-201 vote June 6 an effort to strike Dickey-Lincoln funds from the bill. For - Wrong. Against - Right.",house_1974.csv,
1974,House,93,2,7,H.Res.,1110,HRES1110-93,Environment - Land Use Planning,rule,1974-06-11,Rejected,204,211,Y,Y=Right; N=Wrong,739,https://voteview.com/rollcall/RH0930739,,3,"The lack of a coordinated and effective national land use policy and decision-making process has led to serious environmental problems including pollution, rural decline, urban sprawl and resource depletion. Organized labor strongly supported Senate passed legislation providing federal coordination, minimum standards, grants and technical assistance to the states in the formulation of their land use policies. Conservative Republicans and southern Democrats backed by land speculators and real estate interests, raised the spectre of ""big government"" to kill the bill before it reached the House floor. The key vote came June 11 when the House by a 204-211 vote rejected the parliamentary motion to approve the rule under which the bill would be debated. For - Right. Against - Wrong.",house_1974.csv,
1974,House,93,2,8,H.R.,15472,HR15472-93,Food Stamps for Strikers,amendment,1974-06-21,Rejected,147,169,N,Y=Wrong; N=Right,760,https://voteview.com/rollcall/RH0930760,,3,"Striking workers and their families have always been entitled to food stamps as long as they complied with the stringent eligibility requirements under the program. During House action on the Agriculture Appropriations bill, Rep. William Dickinson (R-Ala.) offered an amendment to deny food stamps to strikers and their families. The Dickinson amendment was rejected by the House on June 21 by a 147-169 vote. For - Wrong. Against - Right.",house_1974.csv,
1974,House,93,2,9,H.R.,15580,HR15580-93,Job Safety,amendment,1974-06-27,Adopted,201,194,N,Y=Wrong; N=Right,779,https://voteview.com/rollcall/RH0930779,,3,"In the second session of the 93rd Congress efforts were again made to seriously weaken the Occupational Safety & Health Act. In debate on the Labor-HEW appropriations bill, Rep. Paul Findley (R-Ill.) introduced an amendment to exempt firms employing 25 or fewer employes from coverage under the act. This amendment excluded more than 30 percent of the workers and 90 percent of the job sites presently covered by law. Despite strong labor opposition to this anti-worker amendment, the House on June 27 approved the Findley proposal by a 201-194 recorded teller-vote. For - Wrong. Against - Right.",house_1974.csv,
1974,House,93,2,10,S.,3203,S3203-93,Hospital Bargaining,conference report,1974-07-11,Adopted,205,193,Y,Y=Right; N=Wrong,804,https://voteview.com/rollcall/RH0930804,,3,"Since 1947 when the Taft-Hartley Act excluded non-profit hospital workers from coverage under the National Labor Relations Act, these workers, numbering an estimated 1.3 million in 1973, have been denied the basic trade union rights taken for granted by millions of other workers. In 1974, Congress remedied this situation by passing legislation bringing these workers under NLRA protection. The key vote in the House came on July 11 when by a 205-193 vote the House approved the conference report giving non-profit hospital workers collective bargaining rights. For - Right. Against - Wrong.",house_1974.csv,
1974,House,93,2,11,H.R.,16090,HR16090-93,Union Political Rights,motion to recommit,1974-08-08,Rejected,164,243,N,Y=Wrong; N=Right,876,https://voteview.com/rollcall/RH0930876,tally 164-213 -> 164-243 per Voteview roll 876,3,"During House action on the federal election campaign reform bill, Rep. William Dickinson (R-Ala.) attempted to include a provision that would have severely crippled COPE-type political campaign activities. If approved, Rep. Dickinson's recommittal motion would have required each union voluntary campaign fund to include the name of every contributor as well as individual specified candidates to whom the contribution would be given. In a key vote, however, the House on Aug. 8 rejected the Dickinson amendment by a 164-213 vote. For - Wrong. Against - Right.",house_1974.csv,
1975,House,94,1,20,H.R.,5901,HR5901-94,Federal School Funds,amendment,1975-04-16,Adopted,259,143,Y,Y=Right; N=Wrong,84,https://voteview.com/rollcall/RH0940084,,5,"A combination of runaway inflation and budget cuts in education by the Nixon and Ford Administrations has played a major role in the current financial crisis facing the nation's schools. To alleviate this situation, the House, in debate on the fiscal 1976 Education Appropriations bill, approved 259-143 on Apr. 16 an amendment by Representatives Roybal (D-Calif.), Obey (D-Wis.), and Stokes (D-Ohio) increasing education spending by $487 million. President Ford's later veto of this appropriations bill was overridden. For - Right. Against - Wrong.",house_1975.csv,
1975,House,94,1,23,H.R.,4296,HR4296-94,Farm Bill Veto,veto override,1975-05-13,Rejected,245,182,Y,Y=Right; N=Wrong,144,https://voteview.com/rollcall/RH0940144,,5,"Despite declining farm income and skyrocketing production costs which have financially squeezed small farmers, President Ford vetoed a one-year emergency farm bill that would have improved income guarantees to farmers while protecting consumers. The legislation had the strong backing of labor, consumer and various farm groups. On May 13, the House by a 245-182 vote fell 40 votes short of the two-thirds margin needed for override. For - Right. Against - Wrong.",house_1975.csv,
1975,House,94,1,3,H.R.,5247,HR5247-94,Public Works Jobs,passage,1975-05-20,Passed,312,86,Y,Y=Right; N=Wrong,163,https://voteview.com/rollcall/RH0940163,,2,"Amid threats of still another presidential veto, the House on May 20 passed 312-86 a public works authorization bill allocating $5 billion in federal aid to states and local communities for public works construction programs. Needed public works programs are high on the AFL-CIO agenda because they create useful jobs. First priority for spending under the legislation was given to those areas where unemployment exceeded the national rate. For - Right. Against - Wrong.",house_1975.csv,
1975,House,94,1,18,H.R.,6219,HR6219-94,Voting Rights Act,amendment,1975-06-03,Rejected,133,279,N,Y=Wrong; N=Right,183,https://voteview.com/rollcall/RH0940183,"tally 134-279 -> 133-279 per Voteview roll 183, the bail-out amendment the card describes; roll 182 of the same day matches the printed yea at 134-269 but is the WIGGINS substitute where the card names Butler, and the roster grid picks 183 at 100% against 182's 92%",4,"The 1965 landmark Civil Rights Act curbed the use of discriminatory voting practices and has resulted in significant increases in minority voting participation. Labor-supported legislation extending the act for 10 years and broadening its protections was passed by Congress and signed into law in 1975. Prior to House passage of the bill, Rep. Butler (R-Va.) offered a crippling amendment allowing states to be exempted from coverage if they met certain minimal ""escape"" provisions. The proposal was strongly opposed by labor, civil rights and other groups, and the House rejected it 134-279 on June 3. For - Wrong. Against - Right.",house_1975.csv,
1975,House,94,1,1,H.R.,4481,HR4481-94,Emergency Jobs Veto,veto override,1975-06-04,Rejected,277,145,Y,Y=Right; N=Wrong,188,https://voteview.com/rollcall/RH0940188,,2,With the recession deepening and national unemployment at 9.2 percent - the highest since 1941 - President Ford in late May vetoed labor-backed emergency employment legislation appropriating $5.3 billion to create over 1 million jobs for the unemployed. The AFL-CIO General Board had recommended enactment of such legislation to stimulate economic recovery and relieve high unemployment. The House effort to override this veto on June 4 was blocked by a coalition of conservative Democrats and Republicans and the 277-145 override vote fell 5 votes short of the necessary two-thirds margin. For - Right. Against - Wrong.,house_1975.csv,
1975,House,94,1,22,H.R.,25,HR25-94,Strip Mining Veto,veto override,1975-06-10,Rejected,278,143,Y,Y=Right; N=Wrong,200,https://voteview.com/rollcall/RH0940200,,5,"Labor-backed environmental legislation providing minimum federal standards for state development of mandatory strip mining control laws became another veto victim of President Ford in 1975. The legislation was in response to serious environmental devastation caused by surface mining companies in their strip mining operations. In an effort to override the veto on June 10, the House failed to muster the two-thirds vote needed as the 278-143 vote was three votes short. For - Right. Against - Wrong.",house_1975.csv,
1975,House,94,1,2,H.R.,4485,HR4485-94,Emergency Housing Veto,veto override,1975-06-25,Rejected,268,157,Y,Y=Right; N=Wrong,259,https://voteview.com/rollcall/RH0940259,date 1975-06-04 -> 1975-06-25 per Voteview roll 259: the card repeats record 1's date for the housing veto override; 268-157 occurs once in the whole 94th House,2,"Legislation to stimulate the depressed housing industry - another program strongly backed by the AFL-CIO General Board - similarly fell victim to another Ford veto. The vetoed bill, by providing some $1.35 billion in housing subsidy assistance for both new construction and rehabilitation of more than 500,000 housing units over the next year, would have created an estimated 800,000 jobs in construction and related industries. The legislation also included a program of low-interest mortgage assistance loans to help jobless workers meet these payments. Once again the House effort to overcome Ford's veto was blocked by the conservative coalition as the 268-157 override vote on June 4 fell 16 votes short of the two-thirds margin needed. For - Right. Against - Wrong.",house_1975.csv,
1975,House,94,1,9,H.R.,8069,HR8069-94,Job Safety,amendment,1975-06-25,Rejected,186,231,N,Y=Wrong; N=Right,260,https://voteview.com/rollcall/RH0940260,,3,"During debate on the Labor-HEW Appropriations bill, Rep. Findley (R-Ill.) renewed his yearly efforts to cripple the Occupational Safety & Health Act. His amendment would have prohibited the Occupational Safety & Health Administration from penalizing first violations of job safety regulations on any work site with fewer than 26 workers. His proviso would have effectively denied job safety protection to more than 30 percent of the workers and 90 percent of the work sites presently covered by the law. The proposal was strongly opposed by the AFL-CIO, and the House on June 25 rejected it 186-231. For - Wrong. Against - Right.",house_1975.csv,
1975,House,94,1,6,H.R.,5900,HR5900-94,Situs Picketing Rights (1),passage,1975-07-25,Passed,230,177,Y,Y=Right; N=Wrong,326,https://voteview.com/rollcall/RH0940326,tally 230-178 -> 230-177 per Voteview roll 326,2,"The House on July 25 passed 230-178, legislation giving construction workers situs picketing rights. Sought by organized labor since 1951 when a Supreme Court decision had interpreted such action to be an illegal secondary boycott, the bill gave building tradesmen the same rights that industrial workers have to picket a job site in order to publicize a dispute with their employers. For - Right. Against - Wrong.",house_1975.csv,
1975,House,94,1,14,H.R.,7014,HR7014-94,Oil Price Controls (1),amendment,1975-07-30,Adopted,218,207,Y,Y=Right; N=Wrong,347,https://voteview.com/rollcall/RH0940347,,4,"Despite record high profits of the energy industry over the past few years directly contributing to the nation's inflationary problems, the oil lobby continued its efforts in 1975 to seek decontrol of oil prices. The major effort came during House consideration of an omnibus energy conservation bill. The House rejected outright decontrol and instead approved a compromise proposal by Representatives Staggers (D-W.Va.) and Eckhardt (D-Tex.) retaining price controls on oil from existing wells, rolling back the inflated price of ""new"" oil and establishing a three-tier system of oil pricing. The labor-backed amendment was approved by a 218-207 vote on July 30. For - Right. Against - Wrong.",house_1975.csv,
1975,House,94,1,15,H.R.,7014,HR7014-94,Oil Price Control (2),motion to recommit,1975-09-23,Rejected,171,232,N,Y=Wrong; N=Right,404,https://voteview.com/rollcall/RH0940404,,4,"Prior to passage of the labor-backed comprehensive energy bill, the Ford Administration, bowing to oil industry opposition to the bill, threatened a veto of the measure. In a last-ditch effort to kill it, Rep. Brown (R-Ohio) attempted to have the bill recommitted to eliminate the price control provisions. The House rejected the Brown recommittal motion 171-232 on Sept. 23. For Recommittal - Wrong. Against Recommittal - Right.",house_1975.csv,
1975,House,94,1,17,H.R.,8617,HR8617-94,Hatch Act Reform,amendment,1975-10-21,Rejected,147,260,N,Y=Wrong; N=Right,461,https://voteview.com/rollcall/RH0940461,,4,"The 1939 Political Activity Act, commonly known as the Hatch Act, now prohibits some 2.8 million federal and postal employes from participating in partisan political activities. Reform legislation designed to correct this inequity while also strengthening existing restrictions against political coercion of federal workers was passed by the House in late 1975. During debate, the House on Oct. 21 rejected 147-260 an amendment by Rep. Fisher (D-Va.) that would have maintained nearly all the prohibitions against federal worker participation in the political process. The legislation is now before the Senate. For - Wrong. Against - Right.",house_1975.csv,
1975,House,94,1,5,H.R.,8672,HR8672-94,Railroad Jobs,passage,1975-10-23,Passed,261,129,Y,Y=Right; N=Wrong,475,https://voteview.com/rollcall/RH0940475,,2,"Amid continuing threats of a presidential veto, the House on Oct. 23 approved 261-129 labor-endorsed railroad legislation. The bill authorized $240 million for the employment of jobless railroad workers and others in the rehabilitation and repair of dilapidated railroad track and roadbeds. For - Right. Against - Wrong.",house_1975.csv,
1975,House,94,1,19,H.R.,10024,HR10024-94,Housing Discrimination,amendment,1975-10-31,Rejected,165,167,N,Y=Wrong; N=Right,487,https://voteview.com/rollcall/RH0940487,,5,"Congress passed and the President signed into law legislation to restrict the practice of ""redlining"" certain urban areas by mortgage lenders. The redlining practice arbitrarily denies mortgage loans for housing and has been a major cause of inner-city decline. The House, in passing a comprehensive banking bill, included a provision requiring lenders in metropolitan areas to disclose over a four-year period the amount of mortgage money being made available in urban neighborhoods. The provision would thus discourage redlining and encourage credit allocation for inner city housing. During debate on the bill Rep. Brown (R-Mich.) attempted to gut this anti-discrimination feature by limiting it to only certain metropolitan areas. The House, however, rejected this attempt 165-167 on Oct. 31. For - Wrong. Against - Right.",house_1975.csv,
1975,House,94,1,21,H.R.,7575,HR7575-94,Consumer Protection,amendment,1975-11-06,Rejected,175,233,N,Y=Wrong; N=Right,496,https://voteview.com/rollcall/RH0940496,,5,"In an effort to scuttle labor-backed legislation establishing an Agency for Consumer Advocacy, anti-consumer forces led by Rep. Fuqua (D-Fla.) sought to place labor-management relations within the new agency's jurisdiction. The amendment, strongly backed by the Chamber of Commerce, National Association of Manufacturers and other anti-consumer groups, was an effort to kill the legislation. The House on Nov. 6 rejected the amendment 175-233. For - Wrong. Against - Right.",house_1975.csv,
1975,House,94,1,4,H.Con.Res.,466,HCONRES466-94,The Federal Budget,amendment,1975-11-12,Adopted,213,203,Y,Y=Right; N=Wrong,513,https://voteview.com/rollcall/RH0940513,,2,"During debate on the second budget resolution setting fiscal 1976 spending and revenue levels, the House on Nov. 12 approved 213-203 a labor-backed amendment offered by Rep. O'Neill increasing spending for programs including jobs and education. The amendment bumped funding by some $8.5 billion in budget authority and $1.1 billion in outlays over the Budget Committee recommendations. Of the total budget authority in the ""package"" amendment, 16 percent was for jobs and education. For - Right. Against - Wrong.",house_1975.csv,
1975,House,94,1,8,H.R.,10647,HR10647-94,Food Stamp Cutback,amendment,1975-11-13,Rejected,159,230,N,Y=Wrong; N=Right,519,https://voteview.com/rollcall/RH0940519,,3,"During House debate on a supplemental appropriations bill, Rep. Findley (R-Ill.) attempted to severely cripple the food stamp program. Findley's amendment would have effectively prohibited benefits to many needy people including the working poor, the elderly and the families of both unemployed and striking workers. The House, on November 13, rejected this crippling amendment 159-230. For - Wrong. Against - Right.",house_1975.csv,
1975,House,94,1,10,H.R.,10612,HR10612-94,Tax Reform - Real Estate Loophole,amendment,1975-12-04,Rejected,192,226,Y,Y=Right; N=Wrong,546,https://voteview.com/rollcall/RH0940546,,3,"In action on the first major tax reform bill since 1969, the House rejected a labor-backed reform amendment further closing an important real estate tax loophole. Introduced by Rep. Mikva (D-Ill.), the proposal would have prevented real estate investors from offsetting actual profits from one property with artificial ""paper losses"" from another. The House rejected the amendment 192-226 on Dec. 4. For - Right. Against - Wrong.",house_1975.csv,
1975,House,94,1,11,H.R.,10612,HR10612-94,Tax Reform - Export Subsidy Loophole,amendment,1975-12-04,Rejected,199,223,Y,Y=Right; N=Wrong,550,https://voteview.com/rollcall/RH0940550,,3,"A second tax reform amendment to reduce from five to three years the tax loophole allowing firms to defer export profits through the Domestic International Sales Corp. (DISC) programs was also defeated. Introduced by Rep. Karth (D-Minn.), this reform was rejected by 199-223 on Dec. 4. For - Right. Against - Wrong.",house_1975.csv,
1975,House,94,1,12,H.R.,10612,HR10612-94,Tax Reform - Spending Ceiling,motion to recommit,1975-12-04,Rejected,202,220,N,Y=Wrong; N=Right,551,https://voteview.com/rollcall/RH0940551,,3,"Prior to passage, Rep. Schneebeli (R-Pa.) attempted to send the tax bill back to committee with instructions to add an Administration-backed federal spending ceiling for 1976. The ceiling was designed to force an indiscriminate federal spending cutback in exchange for President Ford's approval of the tax bill. The House rejected the move 202-220 on Dec. 4. For Recommittal - Wrong. Against Recommittal Right.",house_1975.csv,
1975,House,94,1,13,H.R.,10612,HR10612-94,Tax Reform - Passage,passage,1975-12-04,Passed,257,168,Y,Y=Right; N=Wrong,552,https://voteview.com/rollcall/RH0940552,,3,"Although the real estate and DISC tax reform amendments were blocked, the House approved other major reform amendments strongly backed by the AFL-CIO. These amendments deleted from the bill a ""give-away"" provision allowing wealthy individuals to use current capital losses to recover past taxes, tightened the minimum tax on persons whose income would otherwise escape taxation and retained a withholding tax on earnings of foreign investors in U.S. firms. The bill also continued through 1976 tax reductions approved by Congress earlier in the year. The AFL-CIO thus supported final passage of the combination tax reform-tax cut bill which the House approved 257-168 on Dec. 4. For - Right. Against - Wrong.",house_1975.csv,
1975,House,94,1,16,H.R.,8631,HR8631-94,Nuclear Energy Development,passage,1975-12-08,Passed,329,61,Y,Y=Right; N=Wrong,559,https://voteview.com/rollcall/RH0940559,,4,"Essential to the national goal of energy independence is the continued development of nuclear power as an alternative energy source. The 1957 Price-Anderson Act, a mandatory multi-million dollar program of private and federal liability insurance, protects the public against loss in the event of an accident at a nuclear power plant site. This law has spurred the development of nuclear power from the experimental energy stage to where it now is a significant source of energy for consumers. Late in 1975, labor-endorsed legislation to extend this law for 10 years and increase the limits of liability was approved by Congress and signed into law. On Dec. 8 the House approved 329-61 extension of this important supplemental energy program. For - Right. Against - Wrong.",house_1975.csv,
1975,House,94,1,7,H.R.,5900,HR5900-94,Situs Picketing Rights (2),conference report,1975-12-11,Adopted,229,189,Y,Y=Right; N=Wrong,570,https://voteview.com/rollcall/RH0940570,,2,"Overcoming continuous opposition by anti-labor interests, the House on Dec. 11 approved 229-189 the conference report on the situs picketing bill. The conference-reported bill included earlier House-passed legislation sought by President Ford to promote stability in construction industry collective bargaining. Later, however, President Ford, reneging on earlier promises to sign the legislation and ignoring the past support of situs picketing by every President since Truman, buckled to right-wing and big business pressures and vetoed the labor bill. For - Right. Against - Wrong.",house_1975.csv,
1976,House,94,2,3,H.R.,8069,HR8069-94,Labor-HEW Appropriations Veto,veto override,1976-01-27,Passed,310,113,Y,Y=Right; N=Wrong,625,https://voteview.com/rollcall/RH0940625,,2,"The House rejected President Ford's veto of a $36 billion appropriations measure for the Departments of Labor and Health, Education & Welfare. The bill significantly increased funds for labor-backed manpower, health, education and job safety programs. The House voted 310-113 on Jan. 27 to override the President's action. The Senate also overrode this veto. For - Right. Against - Wrong.",house_1976.csv,
1976,House,94,2,13,H.R.,9464,HR9464-94,Natural Gas Deregulation,substitute,1976-02-05,Adopted,205,201,Y,Y=Right; N=Wrong,637,https://voteview.com/rollcall/RH0940637,,3,"A last minute effort by labor and consumer groups blocked almost certain passage of a proposal to deregulate the price of natural gas sold in interstate commerce. Long sought by the nation's energy interests and solidly backed by the Ford Administration, deregulation would have initially cost American consumers an estimated $5.4 billion yearly, increasing to over $17 billion annually in five to seven years. A compromise amendment by Rep. Smith (D-Iowa) which allowed partial price deregulation for only small gas producers but more importantly extended controls to previously unregulated intrastate gas was approved by a 205-201 vote Feb. 5. For - Right. Against - Wrong.",house_1976.csv,
1976,House,94,2,15,H.R.,11665,HR11665-94,Education Funds,amendment,1976-02-10,Rejected,134,267,N,Y=Wrong; N=Right,645,https://voteview.com/rollcall/RH0940645,,4,"The nation's federal aid to education program allocates funds to areas ""impacted"" by federal installations to help defray state and local educational costs of children whose families are employed by these installations. In recent years such ""impact"" aid was extended to locales having low-rent public housing to help pay the educational cost of children residing in these areas. Long-time antagonists of this program tried to block appropriations for it. During debate on legislation revising educational funding for 1976, Rep. Michel (R-Ill.) offered an amendment to eliminate the $98 million allocated for this educational aid. His amendment was rejected 134-267 on Feb. 10. For - Wrong. Against - Right.",house_1976.csv,
1976,House,94,2,16,H.R.,11453,HR11453-94,Public Service Jobs,substitute,1976-02-10,Rejected,175,226,N,Y=Wrong; N=Right,647,https://voteview.com/rollcall/RH0940647,,4,"With well over 7 million Americans unemployed, the House approved a two-year expansion of the labor-backed public service jobs program (CETA). The bill would effectively double the number of jobs available to 600,000. Despite increasing unemployment, the Administration sought only an extension of the program at existing levels. A substitute to this effect by Rep. Quie (R-Minn.) was rejected 175-226 Feb. 10. For - Wrong. Against - Right.",house_1976.csv,
1976,House,94,2,1,H.R.,5247,HR5247-94,Public Works Jobs Veto (1),veto override,1976-02-19,Passed,319,98,Y,Y=Right; N=Wrong,654,https://voteview.com/rollcall/RH0940654,,2,"Showing his continuing indifference to the plight of unemployed Americans, President Ford vetoed a $6.1 billion public works jobs bill. This was the third major employment bill approved by the 94th Congress to be erased by a presidential veto. The measure would have created an estimated 600,000 jobs primarily in the construction of much needed public facilities such as schools and libraries and water, sewer and pollution control projects. The House on Feb. 19 successfully overrode the veto by a 319-98 vote. However, the Senate later failed in this effort. For - Right. Against - Wrong.",house_1976.csv,
1976,House,94,2,22,H.R.,12203,HR12203-94,UNDP Funding,amendment,1976-03-04,Rejected,179,208,Y,Y=Right; N=Wrong,672,https://voteview.com/rollcall/RH0940672,,5,"The AFL-CIO has urged termination of U.S. contributions to the United Nations Development Program (UNDP). This UN agency, which is charged with promoting economic growth and stability in under-developed nations, has squandered millions in funding and mismanaged projects which have never been completed. Meanwhile, eastern bloc countries and oil-rich Arab states have received funds far in excess of their contributions to the UNDP. During House debate on foreign aid appropriations for 1977, Rep. Edwards (R-Ala.) introduced an amendment to delete $85.5 million allocated to the UNDP. The House rejected his proposal 179-208 on Mar. 4. For - Right. Against - Wrong.",house_1976.csv,
1976,House,94,2,12,H.R.,12406,HR12406-94,Union Political Rights,amendment,1976-04-01,Rejected,175,220,N,Y=Wrong; N=Right,719,https://voteview.com/rollcall/RH0940719,,3,"During House debate on legislation reconstructing the Federal Election Commission, conservatives offered a series of amendments to gag labor's political voice. The most serious of these was a proposal by Rep. Wiggins (R-Calif) designed to discourage union political activities by overloading local unions with cumbersome reporting requirements. The Wiggins amendment would have required that all the costs of communicating with members on any election matter would have to be reported. The House rejected the amendment 175-220 on Apr. 1. For - Wrong. Against - Right.",house_1976.csv,
1976,House,94,2,23,H.R.,12438,HR12438-94,Defense Spending,amendment,1976-04-08,Rejected,177,210,N,Y=Wrong; N=Right,743,https://voteview.com/rollcall/RH0940743,,5,"During House debate on a 1977 defense authorization bill, numerous attempts were made to block or delay development of various weapons systems. One such amendment offered by Rep. Seiberling (D-Ohio) would have deferred the expenditure of $960 million for the development of the B-1 strategic bomber until after Feb. 1977. The House rejected the amendment 177-210 on Apr. 8. For - Wrong. Against - Right.",house_1976.csv,
1976,House,94,2,5,H.R.,8617,HR8617-94,Hatch Act Reform Veto,veto override,1976-04-29,Rejected,243,160,Y,Y=Right; N=Wrong,762,https://voteview.com/rollcall/RH0940762,,2,Another Ford veto blocked legislation giving nearly 2.8 million federal and postal employees the same rights now enjoyed by other Americans to participate in partisan political activities. President Ford based his veto on the erroneous assertion that the bill weakened existing protections against political coercion and intimidation of federal workers when in fact it significantly improved these safeguards. On Apr. 29 the House by a 243-160 margin failed by 25 votes to obtain the two-thirds vote needed to override the veto. For - Right. Against - Wrong.,house_1976.csv,
1976,House,94,2,6,H.Con.Res.,611,HCONRES611-94,Humphrey-Hawkins Bill,amendment,1976-04-29,Rejected,177,206,N,Y=Wrong; N=Right,765,https://voteview.com/rollcall/RH0940765,,2,"A priority on labor's legislative agenda, this legislation would provide a mechanism to better coordinate national economic planning and direct it toward the primary economic goal of full employment. Designed to reduce national adult unemployment to a 3 percent rate within four years, the bill sets up a variety of federally-assisted jobs programs to be implemented if other methods of reducing unemployment fail. Start-up planning and administrative funds for the Humphrey-Hawkins bill were provided in the first Congressional Budget Resolution. An effort by Rep. Sarasin (R-Conn.) to strip these funds from the bill was rejected 177-206 on Apr. 29. For - Wrong. Against - Right.",house_1976.csv,
1976,House,94,2,4,H.R.,9803,HR9803-94,Day Care Funds Veto,veto override,1976-05-04,Passed,301,101,Y,Y=Right; N=Wrong,782,https://voteview.com/rollcall/RH0940782,bill HR9308 -> HR9803 per Voteview roll 782's own description and per Senate roll 776 on the same veto; Voteview's bill_number field transposes two digits,2,"President Ford vetoed a stopgap funding bill to help state child care centers comply with federal health and staffing requirements. Financially unable to meet these standards, many of these facilities would be closed down because federal funds would be cut off. Denial of these child care services would force many low-income working mothers back to welfare in order to care for their children. The House on May 4 easily overrode the veto by a 301-101 vote. However, on the following day the Senate sustained the veto. For - Right. Against - Wrong.",house_1976.csv,
1976,House,94,2,21,H.R.,13350,HR13350-94,Nuclear Energy,amendment,1976-05-20,Rejected,173,209,N,Y=Wrong; N=Right,822,https://voteview.com/rollcall/RH0940822,,5,"The AFL-CIO strongly supports federal efforts to develop alternate sources of energy to meet the nation's long-term needs. Nuclear energy is one of these potential sources of power. During debate on legislation providing funds for the Energy Research & Development Administration for 1977, opponents of nuclear energy development again tried to block the continuing construction of the Clinch River breeder reactor demonstration project. An amendment by Rep. Coughlin (R-Pa.) placing severe financing restrictions on the project so as to delay its development was defeated 173-209 on May 20. For - Wrong. Against - Right.",house_1976.csv,
1976,House,94,2,9,H.R.,13367,HR13367-94,Davis-Bacon Wages,substitute,1976-06-10,Rejected,174,218,Y,Y=Right; N=Wrong,874,https://voteview.com/rollcall/RH0940874,,3,"To prevent jurisdictions utilizing federal revenue-sharing funds from evading the program's minimal Davis-Bacon Act fair wage requirements and thus pay wages lower than those prevailing in the area, the AFL-CIO sought to expand the wage coverage provisions in the revenue-sharing program. Under existing law only projects using 25 percent or more federal funds have to pay the prevailing rate. An amendment by Rep. O'Hara (D-Mich.) to require Davis-Bacon rates whenever any revenue sharing funds are used was defeated 174-218 on June 10. For - Right. Against - Wrong.",house_1976.csv,
1976,House,94,2,18,H.R.,14237,HR14237-94,Food Stamp Program,amendment,1976-06-16,Rejected,184,222,N,Y=Wrong; N=Right,895,https://voteview.com/rollcall/RH0940895,,4,"The Administration's assault on programs to help the nation's needy continued in 1976. Singled out for special attack was the food stamp program, whose rolls have swelled as a result of soaring unemployment. Regressive Administration guidelines designed to slash millions of working poor and low-income families from the food stamp rolls were blocked by court action, but House conservatives tried to effect these changes through legislative action. During debate on the 1977 agricultural appropriations bill, Rep. Rousselot (R-Calif.) tried to slash over $794 million from the food stamp program. The House rejected his proposal by a 184-222 vote on June 16. For - Wrong. Against - Right.",house_1976.csv,
1976,House,94,2,8,H.R.,14232,HR14232-94,Job Safety,amendment,1976-06-24,Adopted,231,160,N,Y=Wrong; N=Right,944,https://voteview.com/rollcall/RH0940944,tally 231-161 -> 231-160 per Voteview roll 944,3,"On June 24, during debate on a Labor-HEW appropriations bill, the House approved 231-161 an amendment by Rep. Findley (R-Ill.) seriously weakening the 1970 Occupational Safety & Health Act. By excluding firms employing 10 or fewer workers from coverage under the job safety law, this amendment would arbitrarily deny protection to 83 percent of all workplaces and 20 percent of all workers presently covered. For - Wrong. Against - Right.",house_1976.csv,
1976,House,94,2,17,H.R.,14232,HR14232-94,Summer Jobs for Youth,amendment,1976-06-24,Adopted,183,181,Y,Y=Right; N=Wrong,951,https://voteview.com/rollcall/RH0940951,,4,"During debate on the 1977 Labor-HEW appropriations bill on June 24, the House approved 183-181 an amendment by Rep. Mitchell (D-Md.) increasing funds for the Summer Youth Employment program. This program was created to combat the high rate of unemployment among young workers - more than double that of other age groups. Mitchell's amendment brought funding up to the spending targets set earlier by Congress in the first Budget Resolution. For - Right. Against - Wrong.",house_1976.csv,
1976,House,94,2,7,S.,3295,S3295-94,Housing Funds,motion to recommit,1976-06-30,Rejected,157,250,N,Y=Wrong; N=Right,977,https://voteview.com/rollcall/RH0940977,,2,"Over Administration objections, the House made significant improvements in the nation's housing programs when it passed the 1977 housing authorization bill. Among other provisions, the legislation increased funding available for housing for the elderly and reactivated the public housing construction program. A last-minute motion by Rep. Brown (R-Mich.) to recommit the conference report on the bill to delete these provisions was defeated 157-250 on June 30. For Recommittal - Wrong. Against Recommittal - Right.",house_1976.csv,
1976,House,94,2,19,H.Res.,1302,HRES1302-94,Oil Prices,motion,1976-07-01,Rejected,194,208,Y,Y=Right; N=Wrong,986,https://voteview.com/rollcall/RH0940986,date 1976-06-30 -> 1976-07-01 per Voteview roll 986,5,"Blocked in their efforts to deregulate natural gas prices, President Ford and his Federal Energy Administration pushed to end price controls on various oil products. They met with partial success as Congress refused to block a proposal to decontrol prices of diesel fuel, home heating oil and other middle distillate fuels. These fuels supply 17 percent of domestic energy needs. The estimated increased cost on home heating bills alone would be over $1 billion. Although Congress has veto power over such decisions, a resolution to block this proposal was tied up in the House Commerce Committee. A motion by Rep. Dingell (D-Mich.) to discharge the resolution from the committee to allow for its floor consideration was defeated by a 194-208 vote on June 30. As a result, the price decontrol proposal went into effect. For Discharge - Right. Against Discharge - Wrong.",house_1976.csv,
1976,House,94,2,11,H.R.,10210,HR10210-94,Unemployment Compensation (2),amendment,1976-07-20,Rejected,186,212,N,Y=Wrong; N=Right,1005,https://voteview.com/rollcall/RH0941005,,3,"Opponents of the unemployment compensation bill sought to eliminate one of the few significant reforms in the legislation. As reported by committee, the bill extended benefit protection to over 8.3 million state and local government workers not previously covered. Rep. Ketchum (R-Calif.) offered an amendment to strike this provision. It was rejected 186-212 on July 20. For - Wrong. Against - Right.",house_1976.csv,
1976,House,94,2,10,H.R.,10210,HR10210-94,Unemployment Compensation (1),amendment,1976-07-20,Rejected,113,281,Y,Y=Right; N=Wrong,1007,https://voteview.com/rollcall/RH0941007,,3,"House-passed legislation to improve the federal-state system of unemployment compensation benefits fell far short of overall reforms long sought by the AFL-CIO. A key fight on the bill, strongly opposed by business interests, came on an amendment by Rep. Corman (D-Calif.) providing for a uniform federal standard to upgrade the inadequate maximum benefits paid by most states. The labor-backed amendment would have set the benefits at 50 percent of a person's average weekly wage up to a maximum equal to two-thirds of the statewide average weekly wage. The House rejected the amendment by a 113-281 vote on July 20. For - Right. Against - Wrong.",house_1976.csv,
1976,House,94,2,2,S.,3201,S3201-94,Public Works Jobs Veto (2),veto override,1976-07-22,Passed,310,96,Y,Y=Right; N=Wrong,1015,https://voteview.com/rollcall/RH0941015,,2,"Despite the earlier setback, Congress resurrected and passed a scaled-down version of the vetoed public works measure. The $3.9 billion bill would create over 300,000 jobs. Like the previously vetoed bill, the measure included over $1 billion in aid to financially-strapped cities and states. Again President Ford vetoed the bill. This time, however, Congress rebuffed him. Following the Senate's lead, the House voted 310-96 on July 22 to override the veto. For - Right. Against - Wrong.",house_1976.csv,
1976,House,94,2,14,H.R.,13555,HR13555-94,Mine Safety,amendment,1976-07-27,Rejected,119,263,N,Y=Wrong; N=Right,1032,https://voteview.com/rollcall/RH0941032,,4,"Each year hundreds of miners lose their lives because of lax enforcement of mine safety laws primarily because the Interior Dept. which enforces these laws is also responsible for maximizing mine production. To end this conflict of interest, the AFL-CIO has long proposed the transfer of job safety functions to the Labor Dept. so that all job safety programs might be under one jurisdiction. Legislation to effect this change was passed by the House despite Administration opposition. Rep. Quie (R-Minn.) offered an Administration-backed substitute bill to prevent this transfer. His proposal was rejected by the House on July 27 by a 119-263 vote. For - Wrong. Against - Right.",house_1976.csv,
1976,House,94,2,20,H.R.,11552,HR11552-94,Postcard Voter Registration,amendment,1976-08-09,Rejected,172,199,N,Y=Wrong; N=Right,1079,https://voteview.com/rollcall/RH0941079,date taken from Voteview roll 1079: the card gives Aug. 9 for the bill's passage and no date for the amendment itself,5,"In 1972 only 55 percent of the electorate voted in the presidential elections. Two years later only 40 percent of eligible voters cast ballots in congressional elections. Millions of American voters fail to go to the polls each year because of state and local registration laws that actually discourage registration to vote. To curb this decline in voter participation, the AFL-CIO endorsed a bill establishing a national postcard voter registration system which the House approved Aug. 9. During debate on the bill, the House defeated 172-199 an amendment by Rep. Frenzel (R-Minn.) to disallow implementation of the postcard system in 1976 elections and thus discourage Senate action this year. For - Wrong. Against - Right.",house_1976.csv,
1977,House,95,1,11,S.Con.Res.,10,SCONRES10-95,Economic Stimulus,conference report,1977-03-03,Adopted,226,173,Y,Y=Right; N=Wrong,35,https://voteview.com/rollcall/RH0950035,date 1977-03-04 -> 1977-03-03 per Voteview roll 35,3,"Reacting to the need to provide more funds for economic recovery, the House, as part of its third budget resolution revising federal spending for fiscal year 1977, increased President Carter's proposed spending for jobs and local assistance. The extra monies were targeted to such programs as public works, public service jobs and youth employment. The conference report which added $3.4 billion for these economic stimulus programs was approved by a 226-173 vote on Mar. 4. For - Right. Against - Wrong.",house_1977.csv,
1977,House,95,1,22,H.R.,1746,HR1746-95,Rhodesia Boycott,passage,1977-03-14,Passed,250,146,Y,Y=Right; N=Wrong,58,https://voteview.com/rollcall/RH0950058,,5,"In violation of a United Nations embargo against importing commodities from the racist Rhodesian government, the United States has been importing chromium ore since 1971. That year Sen. Harry Byrd (Ind-Va.) won Senate approval of a proviso prohibiting U.S. adherence to the boycott when it involved strategic materials such as chrome. In 1977, with the strong support of the Carter Administration, Congress approved legislation repealing the Byrd amendment. The House passed its version of the bill by a 250-146 vote on Mar. 14. For - Right. Against - Wrong.",house_1977.csv,
1977,House,95,1,5,H.R.,4250,HR4250-95,Situs Picketing Rights,passage,1977-03-23,Rejected,205,217,Y,Y=Right; N=Wrong,83,https://voteview.com/rollcall/RH0950083,,2,"House conservatives backed by some moderate Democrats helped defeat passage of labor-backed situs picketing. The legislation, a goal of organized labor for over a quarter of a century, would have reinstated equal rights for building trades workers to picket an entire job site - a right which industrial workers now have. By a 205-217 vote the House rejected the bill on March 23. For - Right. Against - Wrong.",house_1977.csv,
1977,House,95,1,23,H.R.,5294,HR5294-95,Aid to Consumers,passage,1977-04-04,Passed,199,198,Y,Y=Right; N=Wrong,106,https://voteview.com/rollcall/RH0950106,,5,Legislation to outlaw abusive tactics by bill collection agencies was passed by Congress in 1977 and signed into law by President Carter. The legislation curbed harassment of consumers at their workplace and disallowed such practices as late night phone calls and false representation. The House passed the consumer protection legislation by a narrow 199-198 vote on Apr. 4. For - Right. Against - Wrong.,house_1977.csv,
1977,House,95,1,8,H.R.,2,HR2-95,Strip Mining Controls,motion to recommit,1977-04-29,Rejected,83,228,N,Y=Wrong; N=Right,154,https://voteview.com/rollcall/RH0950154,,3,"The AFL-CIO endorsed legislation vetoed twice by President Ford providing for federal minimum standards for state strip mining control laws. This environmental bill was signed into law by President Carter in 1977. During House consideration, Rep. Robert Bauman (R-Md.) attempted to have the bill killed by recommitting it to committee. His effort failed by an 83-228 vote on Apr. 29. For recommittal - Wrong. Against - Right.",house_1977.csv,
1977,House,95,1,12,H.R.,6655,HR6655-95,Community Development Aid,amendment,1977-05-10,Rejected,149,261,N,Y=Wrong; N=Right,199,https://voteview.com/rollcall/RH0950199,,3,In 1977 Congress completed action on legislation extending community development funding assistance to financially depressed cities and locales. During debate on the legislation an effort was made to delete a labor-backed spending formula giving priority to those urban areas most in need. The amendment offered by Rep. Mark Hannaford (D-Calif.) was defeated 149-261 on May 10. For - Wrong. Against - Right.,house_1977.csv,
1977,House,95,1,13,H.R.,6810,HR6810-95,Aid to Cities and States,amendment,1977-05-13,Rejected,127,216,N,Y=Wrong; N=Right,211,https://voteview.com/rollcall/RH0950211,,4,Congress approved legislation to extend and expand the program of counter-cyclical funds to help cities and states maintain public services and thus avoid massive layoff of public workers during periods of high unemployment. During House debate the AFL-CIO opposed an amendment by Rep. Les Aspin (D-Wis.) to rewrite the allocation formula so that a smaller share of the funds would have gone to areas with the highest unemployment. This amendment was beaten 127-216 on May 13. For - Wrong. Against - Right.,house_1977.csv,
1977,House,95,1,6,H.R.,10,HR10-95,Hatch Act Reform,amendment,1977-06-07,Adopted,266,139,Y,Y=Right; N=Wrong,291,https://voteview.com/rollcall/RH0950291,,2,"In debate on the Hatch Act Reform bill, Rep. John Ashbrook (R-Ohio) succeeded in securing House approval of an amendment to disallow unions from using funds for such legal political activities as non-partisan voter registration drives and get-out-the-vote efforts. Later, however, the House approved by a 266-139 vote on June 7 an amendment by Rep. Bill Clay (D-Mo.) effectively nullifying the anti-union Ashbrook amendment. For - Right. Against - Wrong.",house_1977.csv,
1977,House,95,1,14,H.R.,7553,HR7553-95,Water Projects,amendment,1977-06-14,Rejected,194,218,N,Y=Wrong; N=Right,313,https://voteview.com/rollcall/RH0950313,,4,"Federal funding of water resource projects has contributed significantly to the economic development of the nation in such areas as inland water transportation, energy power generation, flood control, water storage and irrigation. These projects have also provided thousands of job opportunities for American workers. In early 1977, the Carter Administration announced its intention to terminate funding for a number of these projects. However, the House on June 14, during debate on a public works appropriations bill rejected 194-218 an Administration supported amendment by Rep. Silvio Conte (R-Mass.) and Butler Derrick (D-S.C.) to kill 16 water projects and cut back one other. For - Wrong. Against - Right.",house_1977.csv,
1977,House,95,1,10,H.R.,7555,HR7555-95,Job Safety,amendment,1977-06-16,Rejected,162,231,N,Y=Wrong; N=Right,322,https://voteview.com/rollcall/RH0950322,,3,"Every year since passage of the landmark job safety law, conservatives have attempted to weaken the Occupational Safety & Health Act. In 1977 Rep. Steven Symms (R-Idaho) tried to slash OSHA funding by $6.3 million for fiscal 1978. The House rejected this effort by a 162-231 vote on June 16. For - Wrong. Against - Right.",house_1977.csv,
1977,House,95,1,21,H.R.,7555,HR7555-95,Education and Health Funding,amendment,1977-06-16,Rejected,72,334,N,Y=Wrong; N=Right,323,https://voteview.com/rollcall/RH0950323,,5,"During House consideration of 1978 Labor-HEW appropriations, Rep. Bob Michel (R-Ill.) attempted to slash $563.5 million in federal funds for 11 health, education and elderly programs. Opposed by labor, his amendment was beaten 72-334 on June 16. For - Wrong. Against - Right.",house_1977.csv,
1977,House,95,1,18,H.R.,4287,HR4287-95,Mine Safety,substitute,1977-07-15,Rejected,151,188,N,Y=Wrong; N=Right,392,https://voteview.com/rollcall/RH0950392,,5,Legislation to improve federal mine safety laws by consolidating and improving mine safety programs and transferring enforcement functions from the Interior Dept. to the Labor Dept. was signed into law by President Carter in 1977. During House debate on this bill Rep. Ronald Sarasin (R-Mass.) introduced a weaker substitute bill which would have maintained separate laws for hard rock and coal miners. The House rejected the Sarasin substitute by a 151-188 vote on July 15. For - Wrong. Against - Right.,house_1977.csv,
1977,House,95,1,9,H.R.,7171,HR7171-95,Food Stamps For Strikers,amendment,1977-07-27,Rejected,170,249,N,Y=Wrong; N=Right,437,https://voteview.com/rollcall/RH0950437,,3,"Striking workers and their families are entitled to food stamps as long as they comply with the stringent eligibility requirements under the program. During House consideration of a 1977 farm bill which included a four-year extension of the food stamp program, Rep. Richard Kelly (R-Fla.) offered an amendment to deny food stamps to strikers and their families. The House rejected the Kelly amendment by a 170-249 vote on July 27. For - Wrong. Against - Right.",house_1977.csv,
1977,House,95,1,19,H.R.,8444,HR8444-95,Davis-Bacon Wages,amendment,1977-08-02,Adopted,265,161,Y,Y=Right; N=Wrong,463,https://voteview.com/rollcall/RH0950463,,5,"President Carter's national energy program included recommendations to encourage energy conservation by authorizing funds for school, hospital and public building insulation programs. During House debate on the legislation Rep. William Ford (D-Mich.) offered an amendment to extend the wage protections of the Davis-Bacon Act to workers installing insulation. His amendment mandated the payment of the prevailing wage paid for similar work in their areas. By a 265-161 vote on Aug. 2 the House approved the Ford amendment. For - Right. Against - Wrong.",house_1977.csv,
1977,House,95,1,15,H.R.,8444,HR8444-95,Natural Gas Deregulation,amendment,1977-08-03,Rejected,199,227,N,Y=Wrong; N=Right,468,https://voteview.com/rollcall/RH0950468,,4,"Since the 1955 merger convention the AFL-CIO has fought efforts by the energy industry to deregulate federal price controls on natural gas. Deregulation would cost consumers billions of dollars and have a catastrophic effect on the economy. During House consideration of a national energy policy bill, Rep. Clarence Brown (R-Ohio) offered the industry's deregulation amendment which would cost consumers an estimated $71 billion by 1985. The House rejected Brown's amendment by a 199-227 vote on Aug. 3. For - Wrong. Against - Right.",house_1977.csv,
1977,House,95,1,16,H.R.,8444,HR8444-95,Energy Tax Windfall,amendment,1977-08-04,Rejected,198,223,N,Y=Wrong; N=Right,474,https://voteview.com/rollcall/RH0950474,,4,"President Carter had recommended increased taxes on domestically produced oil in order to encourage conservation through higher prices. The AFL-CIO strongly opposed this rationing through higher taxes. During debate on House legislation which included the so-called crude oil equalization tax, Rep. James Jones (D-Okla.) tried to return a portion of these tax revenues to the oil industry rather than rebating all of the tax revenues to consumers. The AFL-CIO strongly opposed this amendment which was defeated by a 198-223 vote on Aug. 4. For - Wrong. Against - Right.",house_1977.csv,
1977,House,95,1,3,H.R.,3744,HR3744-95,Minimum Wage (1),amendment,1977-09-15,Rejected,209,211,N,Y=Wrong; N=Right,512,https://voteview.com/rollcall/RH0950512,tally 210-211 -> 209-211 per Voteview roll 512,2,The House rejected a move to establish a subminimum wage rate for non-student workers aged 18 or younger. An amendment offered by Rep. Robert Cornell (D-Wis.) would have allowed employers to pay these workers 85 percent of the minimum wage for the first six months. The AFL-CIO opposed the amendment on the basis that it would not relieve high teenage unemployment and would cause displacement of older workers by younger workers who could be paid less. The House rejected the amendment by a narrow 210-211 vote on Sept. 15. For - Wrong. Against - Right.,house_1977.csv,
1977,House,95,1,1,H.Res.,799,HRES799-95,Labor Law Reform (1),previous question,1977-10-04,Agreed to,267,152,Y,Y=Right; N=Wrong,575,https://voteview.com/rollcall/RH0950575,,2,"Conservatives were defeated in an attempt to sidetrack the Labor Law Reform bill and substitute for it an anti-union, employer-backed measure. By a 267-152 count on Oct. 4 the House, in a procedural vote, in effect upheld the rule which only allowed for debate on amendments germane to the substance of the Labor Law Reform legislation. Thus consideration of the anti-worker bill was blocked. For the rule - Right. Against - Wrong.",house_1977.csv,
1977,House,95,1,2,H.R.,8410,HR8410-95,Labor Law Reform (2),passage,1977-10-06,Passed,257,163,Y,Y=Right; N=Wrong,591,https://voteview.com/rollcall/RH0950591,,2,"In 1977 the House approved labor law reform legislation designed to better protect a worker's right to seek union representation. Endorsed by President Carter, the bill expedites the administration and procedures of the National Labor Relations Act while also strengthening penalties against labor law violators. The package of reforms contained in the legislation represents the most important revision in labor law since passage of the 1935 Wagner Act. Overcoming the concerted opposition of business and right-wing groups the House on Oct. 6 approved its version of the legislation by a 257-163 vote. For - Right. Against - Wrong.",house_1977.csv,
1977,House,95,1,7,H.R.,1037,HR1037-95,Cargo Equity,passage,1977-10-19,Rejected,165,257,Y,Y=Right; N=Wrong,618,https://voteview.com/rollcall/RH0950618,,3,"To help rebuild the American Merchant Marine, protect the maritime environment and better assure the security of a portion of oil imports, the AFL-CIO backed legislation mandating that a percentage of U.S. oil be carried in American ships. With only 3 percent of oil imports now carried in American vessels, the bill would have boosted that percentage to 9.5 percent by 1981. The legislation would have created an estimated 20,000 maritime related jobs. The House, however, defeated the bill by a 165-257 vote on Oct. 19. For - Right. Against - Wrong.",house_1977.csv,
1977,House,95,1,17,H.R.,9375,HR9375-95,Nuclear Energy Development,amendment,1977-10-19,Adopted,252,165,Y,Y=Right; N=Wrong,620,https://voteview.com/rollcall/RH0950620,,4,"To help meet the nation's energy demands the AFL-CIO has supported development of all energy resources to best determine their feasibility as future energy sources. As part of its energy program the Carter Administration proposed, however, that development of the Clinch River nuclear breeder reactor demonstration project be discontinued. During debate on Oct. 19 on a supplemental appropriations bill the House approved 252-165 an amendment by Rep. Tom Bevil (D-Ala.) restoring $80 million in funding for the Clinch River project. For - Right. Against - Wrong.",house_1977.csv,
1977,House,95,1,4,H.R.,3744,HR3744-95,Minimum Wage (2),conference report,1977-10-20,Adopted,236,185,Y,Y=Right; N=Wrong,622,https://voteview.com/rollcall/RH0950622,tally 236-187 -> 236-185 per Voteview roll 622,2,"President Carter on Nov. 1 signed into law labor-backed minimum wage legislation. The final bill increased the minimum wage rate in four steps from the current $2.30 to $3.35 by 1981. The bill also made other significant improvements in the fair wage law. Despite strong opposition from business groups, the House on Oct. 20, approved the conference report on the bill by a 236-187 vote. For - Right. Against - Wrong.",house_1977.csv,
1977,House,95,1,20,H.R.,9346,HR9346-95,Social Security,amendment,1977-10-27,Adopted,268,149,N,Y=Wrong; N=Right,647,https://voteview.com/rollcall/RH0950647,,5,"In 1977 the Congress approved legislation to stabilize the financing of the social security system. During House consideration of the bill, Rep. William Ketchum (R-Calif.) offered a crippling amendment phasing out the present limitation on the outside earnings of a social security recipient thus increasing the number of eligible beneficiaries. An increase in employee payroll taxes would finance this provision. His amendment primarily benefits higher income beneficiaries working full time at the expense of higher taxes on low and middle income wage earners. The House approved the amendment by a 268-149 vote on Oct. 27. For - Wrong. Against - Right.",house_1977.csv,
1978,House,95,2,2,H.R.,1614,HR1614-95,Buy and Build American,amendment,1978-02-02,Rejected,201,208,Y,Y=Right; N=Wrong,732,https://voteview.com/rollcall/RH0950732,,2,"With hundreds of thousands of U.S. jobs disappearing annually as a result of unregulated imports and unfair foreign trade competition, the AFL-CIO renewed labor's support for American preference provisions requiring that all taxpayer-financed federal programs utilize goods and services produced in the United States where available. During debate on legislation to revise the existing law governing development of resources in the outer continental shelf, Rep. John Murphy (D-N.Y.) offered a ""buy and build American"" requirement mandating the use of American workers and domestically manufactured rigs, platforms and other materials to be used in off-shore production of oil and gas. Ignoring an unemployment rate in excess of 6 percent and the stimulative economic effect of this requirement, the House by a 201-208 vote on Feb. 2 rejected the Murphy amendment. For - Right. Against - Wrong.",house_1978.csv,
1978,House,95,2,16,H.R.,6805,HR6805-95,Consumer Agency,passage,1978-02-08,Rejected,189,227,Y,Y=Right; N=Wrong,747,https://voteview.com/rollcall/RH0950747,,5,"In 1978 the AFL-CIO renewed its decade-long fight to win establishment of an Office of Consumer Representation to give consumers an effective voice in the often complex federal policy-making process. The consumer office would also perform a number of other services, consolidating some 26 consumer functions of various government agencies into one centralized consumer agency. Despite the strong support of President Carter and a broad coalition of labor, consumer, farm, and other groups, the House by a 189-227 vote on Feb. 8 killed the consumer agency legislation. For - Right. Against - Wrong.",house_1978.csv,
1978,House,95,2,11,H.R.,9179,HR9179-95,Overseas Private Investment Corporation,passage,1978-02-24,Passed,191,165,N,Y=Wrong; N=Right,770,https://voteview.com/rollcall/RH0950770,date 1978-02-23 -> 1978-02-24 per Voteview roll 770,4,"This taxpayer financed government agency insures private investment abroad against losses from political and other risks. The AFL-CIO has opposed continuation of OPIC because it encourages U.S. firms to invest in other countries, draining this country of much needed investment revenue and resulting in the loss of U.S. jobs and production capabilities. In late February, the House considered a one-year extension of OPIC. Despite a trade deficit approaching $30 billion and unemployment due to imports on the rise, the House approved the extension by a 191-165 margin on Feb. 23. For - Wrong. Against - Right.",house_1978.csv,
1978,House,95,2,3,H.R.,50,HR50-95,Humphrey-Hawkins (1),substitute,1978-03-09,Rejected,198,223,N,Y=Wrong; N=Right,806,https://voteview.com/rollcall/RH0950806,,2,"In the 95th Congress the AFL-CIO backed legislation introduced by the late Sen. Hubert H. Humphrey and Rep. Augustus F. Hawkins (D-Calif.) designed to make full employment the nation's top economic priority. Full employment would be accomplished primarily through private sector jobs brought about by coordinating fiscal, monetary and employment policies of the federal government to promote healthy, economic growth. The bill set an unemployment rate target of a modest 4 percent to be accomplished by 1983. During consideration of the full employment bill, House Republicans tried to cripple it with weakening amendments. The most serious was an attempt by Rep. James Jeffords (R-Vt.) to gut the bill by equating a lowering of the inflation rate to 3 percent with the 4 percent unemployment goal in the bill. The amendment was rejected 198-223 on Mar. 9. For - Wrong. Against - Right.",house_1978.csv,
1978,House,95,2,4,H.R.,50,HR50-95,Humphrey-Hawkins (2),passage,1978-03-16,Passed,257,152,Y,Y=Right; N=Wrong,841,https://voteview.com/rollcall/RH0950841,tally 259-152 -> 257-152 per Voteview roll 841,2,On Mar. 16 the House approved the Humphrey-Hawkins full employment bill 259-152. For - Right. Against - Wrong.,house_1978.csv,
1978,House,95,2,8,H.R.,3161,HR3161-95,Federal Firefighters' Workweek,passage,1978-04-12,Passed,241,129,Y,Y=Right; N=Wrong,884,https://voteview.com/rollcall/RH0950884,,3,"Despite standardization of the 40-hour workweek for most private and public employees, some 11,500 firefighters employed by the federal government work a 72-hour week. Although they are on the job 33 percent more hours each week than municipal firefighters, they receive less than 25 percent in additional pay. The AFL-CIO supported legislation sponsored by Reps. Herbert E. Harris (D-Va.) and Patricia Schroeder (D-Colo.) to reduce the workweek to 56 hours and provide overtime pay for work in excess of 54 hours. The House passed this bill 241-129 on Apr. 12, but President Carter later vetoed the measure. For - Right. Against - Wrong.",house_1978.csv,
1978,House,95,2,17,H.R.,8494,HR8494-95,Lobbying Reform,amendment,1978-04-19,Adopted,245,161,Y,Y=Right; N=Wrong,903,https://voteview.com/rollcall/RH0950903,,5,"The existing law that regulates congressional lobbying is so riddled with loopholes that the public and Congress are unable to determine how special interest groups work for or against legislation. A major flaw is that groups such as the National Right to Work committee, the National Association of Manufacturers, and other organizations that stimulate so-called grass roots lobbying through mailings to Congress fail to report such activities. During House debate on labor-backed lobbying reform legislation, the AFL-CIO supported an amendment by Rep. Walter Flowers (D-Ala.) to require that registered lobbying organizations fully disclose mass mailing efforts and similar solicitations. The House approved this amendment 245-161 on Apr. 19. For - Right. Against - Wrong.",house_1978.csv,
1978,House,95,2,12,H.Con.Res.,559,HCONRES559-95,Federal Budget (1),amendment,1978-05-09,Rejected,195,203,N,Y=Wrong; N=Right,954,https://voteview.com/rollcall/RH0950954,,4,"During debate on the first budget resolution - the initial step in the congressional budget process determining overall federal spending targets - House fiscal conservatives sought wholesale, arbitrary cuts in federal spending. Such was the thrust of an amendment by Rep. Joseph Fisher (D-Va.) to cut the federal budget across the board by 2 percent. Because more than half of the federal budget consists of mandatory, uncontrollable spending for programs like social security, revenue sharing and interest on the public debt, this cut would have to be taken in its entirety from so-called discretionary programs - education, employment, job training, public works, health and defense. Thus $10 billion would have to be cut from these programs. The AFL-CIO strongly opposed the Fisher amendment which was beaten 195-203 on May 9. For - Wrong. Against - Right.",house_1978.csv,
1978,House,95,2,13,H.Con.Res.,559,HCONRES559-95,Federal Budget (2),amendment,1978-05-10,Rejected,192,205,N,Y=Wrong; N=Right,960,https://voteview.com/rollcall/RH0950960,,4,"Rep. John Ashbrook (R-Ohio) offered an amendment to the first budget resolution to slash spending for the Dept. of Health, Education & Welfare by $3.1 billion. This cut would have drastically reduced spending for education, health, and programs for the elderly. The Ashbrook amendment was defeated 192-205 on May 10. For - Wrong. Against - Right.",house_1978.csv,
1978,House,95,2,15,H.R.,12050,HR12050-95,Tuition Tax Credits,amendment,1978-06-01,Adopted,209,194,N,Y=Wrong; N=Right,1041,https://voteview.com/rollcall/RH0951041,,4,"Organized labor has long been in the forefront of federal, state, and local efforts to provide for free public education for all. For that reason the AFL-CIO strongly opposed in 1978 proposals allowing for a tuition tax credit for families who choose to send their children to private schools. Tuition tax credits would benefit mostly higher income persons and cost the federal treasury several billion dollars in revenue. This revenue loss would eventually be taken out of the total education budget, thus seriously impairing federal aid to the nation's public school system. During debate on legislation to provide tuition tax credits for college education expenses, Rep. Charles Vanik (D-Ohio) offered an amendment to permit tax credits for private elementary and secondary education costs. The estimated revenue loss from the Vanik amendment would be $895 million by 1981. Despite labor's opposition, the Vanik proposal won House approval 209-194 on June 1. For - Wrong. Against - Right.",house_1978.csv,
1978,House,95,2,1,H.R.,12929,HR12929-95,Job Safety,amendment,1978-06-13,Rejected,183,216,N,Y=Wrong; N=Right,1091,https://voteview.com/rollcall/RH0951091,tally 184-216 -> 183-216 per Voteview roll 1091,2,"Each year right-wing conservatives in Congress attempt to destroy the landmark 1970 Occupational Safety & Health Act (OSHA), the nation's major industrial safety law. The House ringleader of this anti-worker campaign is Rep. Steven Symms (R-Ida.). In 1978 Symms tried to slash $28.4 million in job safety funding from a labor-HEW appropriations bill. This would have seriously impaired effective enforcement of the law. Although the Symms amendment was initially approved, the House on a second vote on June 13 rejected it by a 184-216 vote. For - Wrong. Against - Right.",house_1978.csv,
1978,House,95,2,7,H.R.,12433,HR12433-95,Davis-Bacon Wages,amendment,1978-06-28,Rejected,173,218,N,Y=Wrong; N=Right,1151,https://voteview.com/rollcall/RH0951151,,3,"The 1931 Davis-Bacon Act requires the payment of prevailing wages on federally-financed projects to assure that construction workers are paid a fair and equitable wage rate. During House consideration of a housing authorization bill, anti-labor conservatives led by Rep. Thomas M. Hagedorn (R-Minn.) sought to weaken the Davis-Bacon Act provisions relating to this federal program. His amendment proposed that the Davis-Bacon prevailing wage requirement be waived on housing rehabilitation projects built by neighborhood-based, non-profit organizations. Opponents argued that such a waiver would result in lower pay for black and other minority construction workers. By a 173-218 vote on June 28, the House rejected the Hagedorn amendment. For - Wrong. Against - Right.",house_1978.csv,
1978,House,95,2,18,H.Res.,1172,HRES1172-95,Election Financing,previous question,1978-07-19,Agreed to,213,196,N,Y=Wrong; N=Right,1199,https://voteview.com/rollcall/RH0951199,,5,"Federal election financing now is provided only for presidential candidates. The AFL-CIO supports legislation to extend public financing to congressional elections as well. An effort to allow for consideration of a public financing amendment was made during House deliberations on a bill authorizing funds for the Federal Election Commission, but was defeated on a procedural vote sustaining the limited rule by a 213-196 vote on July 19. For sustaining rule - Wrong. Against sustaining rule - Right.",house_1978.csv,
1978,House,95,2,5,H.R.,12452,HR12452-95,Public Service Jobs (1),amendment,1978-08-09,Adopted,230,175,N,Y=Wrong; N=Right,1299,https://voteview.com/rollcall/RH0951299,,2,"A major weapon against high unemployment is public service jobs funded under the Comprehensive Employment & Training Act (CETA). During House debate on legislation authorizing refunding for CETA, the bill was substantially crippled. A major setback came when the House approved a provision by Rep. David Obey (D-Wis.) to slash the amount of pay a CETA worker could earn on a public service job and to cut back the average CETA wages paid by local jurisdictions. This amendment would effectively remove from the program the ability of most high-wage urban areas to employ CETA workers on entry-level jobs. Despite AFL-CIO opposition, the House approved the Obey amendment by a 230-175 vote on Aug. 9. For - Wrong. Against - Right.",house_1978.csv,
1978,House,95,2,6,H.R.,12452,HR12452-95,Public Service Jobs (2),amendment,1978-08-09,Adopted,221,181,N,Y=Wrong; N=Right,1300,https://voteview.com/rollcall/RH0951300,,3,"A second assault on the CETA program came against the so-called countercyclical public service jobs for unemployed skilled and semi-skilled workers. Rep. James Jeffords (R-Vt.) offered an amendment to cut this program by a minimum of 100,000 jobs. Again, despite AFL-CIO opposition, the House approved the amendment by a 221-181 vote on Aug. 9. For - Wrong. Against - Right.",house_1978.csv,
1978,House,95,2,9,H.Res.,1306,HRES1306-95,Tax Cuts (1),previous question,1978-08-10,Agreed to,284,130,N,Y=Wrong; N=Right,1302,https://voteview.com/rollcall/RH0951302,,3,"After rejecting most of the tax reforms proposed by the Carter Administration and supported by the AFL-CIO, the House Ways & Means Committee adopted a tax cut bill heavily weighted toward upper income taxpayers. The bill also would roll back previous progress in closing capital gains loopholes. In an attempt to repair the damage, a liberal coalition attempted two key modifications in the bill during House floor deliberations. The first proposal was an amendment by Rep. Richard Gephardt (D-Mo.) designed to provide some relief from rising social security taxes by allowing a 5 percent income tax credit for social security taxes paid. However, the proposed rule under which the House was to consider the bill precluded a vote on the Gephardt amendment. An effort by the AFL-CIO and other groups to amend the rule and allow debate on the Gephardt proposal failed 284-130 on Aug. 10. For sustaining rule - Wrong. Against sustaining rule - Right.",house_1978.csv,
1978,House,95,2,10,H.R.,13511,HR13511-95,Tax Cuts (2),amendment,1978-08-10,Rejected,193,225,Y,Y=Right; N=Wrong,1306,https://voteview.com/rollcall/RH0951306,,3,"A second effort came on an amendment by Reps. James Corman (D-Calif.) and Joseph Fisher (D-Va.) to tilt the overall tax benefits more toward low and middle income-wage earners, limit tax cuts for the rich and reduce capital gains relief. The House rejected the Corman-Fisher amendment on Aug. 10, 193-225. For - Right. Against - Wrong.",house_1978.csv,
1978,House,95,2,20,H.R.,12931,HR12931-95,Foreign Aid Funds,amendment,1978-08-14,Adopted,241,153,Y,Y=Right; N=Wrong,1315,https://voteview.com/rollcall/RH0951315,,5,"The Inter-American Development Bank and the International Development Association are two principal foreign aid lending institutions that provide long-term economic improvement loans to less-developed nations and finance various large-scale projects helping low-income workers in these countries. During House debate on foreign aid appropriations legislation, Rep. Clarence Long (D-Md.) sought to cut funds for these two banks by an additional 30 percent on top of the 17 percent already cut from President Carter's budget recommendation. To head off this drastic cut, Rep. David Obey (D-Wis.) offered a substitute amendment for a 2 percent reduction. The House approved the substitute 241-153 on Aug. 14. For - Right. Against - Wrong.",house_1978.csv,
1978,House,95,2,19,H.J.Res.,638,HJRES638-95,Equal Rights Amendment,amendment,1978-08-15,Rejected,196,227,N,Y=Wrong; N=Right,1326,https://voteview.com/rollcall/RH0951326,,5,"In 1972 Congress overwhelmingly approved a constitutional amendment prohibiting discrimination based on sex. Such an amendment requires ratification by three-fourths - 38 - of the states. With 35 states having approved ERA and a March 1979 ratification deadline approaching, the AFL-CIO threw its support behind House legislation to extend the deadline for an additional seven years. The legislation was vociferously opposed by right-wing conservatives. The extension bill reported by the House Judiciary Committee allowed an additional 39 months for state approval. The key vote came on an amendment by Rep. Thomas F. Railsback (R-Ill.) allowing states to rescind their previous approval of ERA. Labor opposed the amendment as potentially destructive of the constitutional process of ratification. The proposal was defeated 196-227 on Aug. 15. For - Wrong. Against - Right.",house_1978.csv,
1978,House,95,2,14,H.Con.Res.,683,HCONRES683-95,Federal Budget (3),amendment,1978-08-16,Rejected,201,206,N,Y=Wrong; N=Right,1328,https://voteview.com/rollcall/RH0951328,,4,"During debate on the second budget resolution, which sets final federal spending ceilings, conservatives again tried to pass severe spending cuts. The key vote came on a proposal by Rep. Marjorie Holt (R-Md.) to cut taxes by an additional $10 billion and also reduce federal spending by the same $10 billion. Her proposed spending cut called for across-the-board slashes which would have required the heaviest cutbacks in social programs and defense. This amendment represented a major Republican effort to push through the first step of the inequitable and lopsided Kemp-Roth tax-cut bill that would drain the federal treasury of $30 billion in revenues over three years. The bulk of the tax savings would go to corporations and the rich. By a narrow 201-206 vote on Aug. 16, the Holt amendment was rejected. For - Wrong. Against - Right.",house_1978.csv,
1979,House,96,1,18,H.Res.,157,HRES157-96,Balance the Federal Budget,previous question,1979-03-15,Agreed to,201,199,Y,Y=Right; N=Wrong,36,https://voteview.com/rollcall/RH0960036,,5,"In 1979, conservatives launched a campaign to force Congress to balance the federal budget, regardless of economic conditions. A balanced budget requirement would prohibit federal spending that exceeds federal revenues. Without the option of deficit spending, recessions could easily turn into depressions as economic stimulus programs, including public works, public service jobs, mass transit, housing, etc., could lead to an unbalanced budget and, therefore, would be outlawed. A key fight on the balanced budget requirement came when Rep. Phil Gramm (D-Tex.), proposed an amendment mandating a balanced budget by 1981 unless two-thirds of the House and Senate voided the requirement. This would have effectively left a legislative minority in control of federal fiscal policy. The House on Mar. 15 killed the amendment by narrowly upholding, 201-199, the debate rule blocking consideration. For the rule - Right. Against the rule - Wrong.",house_1979.csv,
1979,House,96,1,20,H.Con.Res.,107,HCONRES107-96,Food Stamps,amendment,1979-05-09,Rejected,147,276,N,Y=Wrong; N=Right,120,https://voteview.com/rollcall/RH0960120,,5,"The food stamp program has been the major federal weapon in the war on hunger. By the end of 1978 the program was helping some 15.6 million poor people. In 1979, conservatives targeted this much-needed food assistance program in their drive to ax federal spending for human services. Rep. Thomas Coleman (R-Mo.) offered an amendment to slash some $650 million from the food stamp program. The House rejected the proposal, 147-276, on May 9. For - Wrong. Against - Right.",house_1979.csv,
1979,House,96,1,19,H.Con.Res.,107,HCONRES107-96,Federal Budget,amendment,1979-05-09,Rejected,198,218,N,Y=Wrong; N=Right,123,https://voteview.com/rollcall/RH0960123,,5,"The 1974 Budget Act requires Congress to set federal spending goals. The initial step in that procedure - the first budget resolution - establishes spending targets for the next fiscal year and must be enacted by May 15 of each year. During debate on the first budget resolution for fiscal year 1980, the House fought off repeated conservative attempts to cut back spending for human needs in such program areas as health, education and jobs. The key vote came on an amendment by Rep. Majorie Holt (R-Md.) to slash over $6 billion in non-defense spending, primarily in social programs. The House rejected the Holt amendment, 198-218, on May 9. The AFL-CIO urged grass roots activities on this vote. For - Wrong. Against - Right.",house_1979.csv,
1979,House,96,1,1,H.R.,3875,HR3875-96,Davis-Bacon I,amendment,1979-06-06,Rejected,155,244,N,Y=Wrong; N=Right,171,https://voteview.com/rollcall/RH0960171,,2,"After thwarting labor law reform, situs picketing and other key labor legislation in the last Congress, big business tried to take the offensive in 1979. The first target: elimination of the wage protections of the Davis-Bacon Act, which requires payment of prevailing wages for work on federally-financed construction. Davis-Bacon discourages cut-throat contract bidding based on paying low wages. The first attempt was an amendment by Rep. George Hansen (R-Ida.) to a federal housing bill. He proposed to knock out Davis-Bacon protections on Indian housing and residential housing rehabilitation projects carried out by neighborhood non-profit groups. Passage of the amendment would have set in motion a program-by-program attack on Davis-Bacon in Congress. The House overwhelmingly defeated the amendment, 155-244, on June 6. The AFL-CIO urged grass roots activities on this vote. For - Wrong. Against - Right.",house_1979.csv,
1979,House,96,1,4,H.R.,111,HR111-96,Collective Bargaining Rights,passage,1979-06-21,Passed,224,202,Y,Y=Right; N=Wrong,251,https://voteview.com/rollcall/RH0960251,,2,"Legislation implementing last year's Panama Canal treaties included key worker protection provisions for Canal Zone workers. The bill brought these employees under Title VII of the 1978 Civil Service Reform Act, which provides for collective bargaining on all issues except wages, which are set separately by law. Without the implementing legislation, these workers would have been denied statutory collective bargaining and union rights protections. A conservative-led effort to defeat the implementing legislation was rejected as the House approved the bill, 224-202, on June 21. For - Right. Against - Wrong.",house_1979.csv,
1979,House,96,1,13,H.R.,3930,HR3930-96,Energy V - Oil Industry Monopoly,amendment,1979-06-26,Rejected,127,263,Y,Y=Right; N=Wrong,261,https://voteview.com/rollcall/RH0960261,,4,"The tentacles of the oil industry exert excessive monopoly power over U.S. energy sources. For example, the top 20 oil companies control 94 percent of crude oil reserves, over 75 percent of well production, 84 percent of refining capacity, 92 percent of pipeline shipments and over 80 percent of the retail outlets. This same cartel also controls, in other energy areas, 40 percent of leased coal reserves, over 70 percent of natural gas supply and more than 50 percent of uranium stock. Big oil is also getting heavily involved in solar and geothermal energy production. In 1979, Congress considered legislation to provide federal funds encouraging development of synthetic fuels. Rep. Morris Udall (D-Ariz.) proposed an amendment to keep the largest eight oil companies from monopolizing this new potential energy source. The House rejected the Udall amendment, 127-263, on June 26. For - Right. Against - Wrong.",house_1979.csv,
1979,House,96,1,3,H.R.,4389,HR4389-96,Job Safety,amendment,1979-06-27,Rejected,177,240,N,Y=Wrong; N=Right,269,https://voteview.com/rollcall/RH0960269,,2,"The attack on working people continued in 1979 as conservatives tried to cripple the Occupational Safety & Health Administration, the agency charged with protecting the lives and health of American workers on the job. Rep. Steven Symms (R-Ida.) once again led the ""destroy OSHA"" campaign. During debate on a Labor Dept. funding bill, Symms tried to slash $10.3 million in funds for OSHA job site inspection and other enforcement activities. The House rejected the Symms amendment, 177-240, on June 27. For - Wrong. Against - Right.",house_1979.csv,
1979,House,96,1,9,H.R.,3919,HR3919-96,Energy I - Oil Industry Profits,substitute,1979-06-28,Adopted,236,183,N,Y=Wrong; N=Right,279,https://voteview.com/rollcall/RH0960279,,3,"Throughout 1979, the oil lobby repeatedly won key legislative battles in the Congress. Early in the year, President Carter decontrolled the price of domestically produced crude oil, an action that the Treasury Dept. acknowledges will cost American consumers $1.1 trillion over the next 10 years. This will have a catastrophic inflationary effect on the economy and the pocketbooks of American workers. To recover billions of dollars in excess oil company profits for development of alternative energy sources, Carter proposed a windfall profits tax. The AFL-CIO found the proposal inadequate and, facing a Congress unwilling to reinstate price controls, urged a tougher windfall tax. The House Ways & Means Committee reported a bill that was stronger than the Administration's proposal and set the tax rate at 70 percent. But when the bill came to the floor, the oil lobby succeeded in substantially weakening the committee bill. An amendment by Rep. James Jones (D-Okla.), approved, 236-183, on June 28, cut the tax rate from 70 to 60 percent and shaved billions of dollars in taxes off specific categories of oil. The Jones amendment will have the effect of giving the oil industry at least another $10 billion in windfall profits during the next decade. For - Wrong. Against - Right.",house_1979.csv,
1979,House,96,1,10,H.R.,3919,HR3919-96,Energy II - Oil Industry Profits,amendment,1979-06-28,Rejected,172,241,Y,Y=Right; N=Wrong,280,https://voteview.com/rollcall/RH0960280,,3,"In an attempt to strengthen the windfall tax bill, Rep. James Shannon (D-Mass.) and Rep. Richard Gephardt (D-Mo.) tried to extend the duration of the tax on old oil (produced before 1973) for an additional 13 months. Their amendment would have kept some $4 billion from going back into the coffers of the oil industry during the next 10 years. Once again, big oil won the day as the House rejected the amendment, 172-241, on June 28. For - Right. Against - Wrong.",house_1979.csv,
1979,House,96,1,11,H.R.,3919,HR3919-96,Energy III - Oil Industry Profits,motion to recommit,1979-06-28,Rejected,186,229,N,Y=Wrong; N=Right,281,https://voteview.com/rollcall/RH0960281,,4,"The intent of the windfall profits bill was to tax a major portion of the excess oil company profits resulting from decontrol. The new tax revenues would be used for programs encouraging conservation, developing alternative energy sources, mass transit and aid to low-income families unable to pay skyrocketing home heating oil costs. The oil industry pushed hard to have the billions in windfall profits ""plowed back"" to the companies. This scheme was proposed by Rep. Barber Conable (R-N.Y.) when he tried to recommit the windfall profits tax bill to committee with instructions to include the ""plowback"" provision. The House rejected his motion, 186-229, on June 28. For - Wrong. Against - Right.",house_1979.csv,
1979,House,96,1,17,H.R.,4439,HR4439-96,Rhodesian Sanctions,amendment,1979-06-28,Rejected,147,242,N,Y=Wrong; N=Right,282,https://voteview.com/rollcall/RH0960282,,5,"The AFL-CIO has repeatedly opposed efforts by congressional conservatives to end prematurely U.S. compliance with the United Nations trade and economic sanctions against the Rhodesian government. The installation of a new government in June 1979 brought hope of eventual majority rule and full democratic rights in Rhodesia. Until real progress is made in reaching these goals, the AFL-CIO and the Carter Administration oppose efforts to unilaterally lift economic sanctions. During House debate on Rhodesian policy, Rep. William Broomfield (R-Mich.) offered an amendment to cripple the President's authority to maintain the sanctions as leverage on the new Rhodesian government. His effort was rejected, 147-242, on June 28. For - Wrong. Against - Right.",house_1979.csv,
1979,House,96,1,15,H.R.,2444,HR2444-96,Education Department,passage,1979-07-11,Passed,210,206,N,Y=Wrong; N=Right,289,https://voteview.com/rollcall/RH0960289,,4,"The AFL-CIO opposed a Carter Administration bill to establish a separate Cabinet-level Dept. of Education because it would isolate education concerns from closely related issues such as child care, health services and income maintenance. Further, the proposed bill failed to bring a number of major education programs such as Headstart and veterans' education under the new agency. Federal education policy until now has been the responsibility of the Dept. of Health, Education & Welfare. The House approved the Dept. of Education bill, 210-206, on July 11. The AFL-CIO urged grass roots activities on this vote. For - Wrong. Against - Right.",house_1979.csv,
1979,House,96,1,2,H.R.,3951,HR3951-96,Davis-Bacon II,amendment,1979-07-16,Rejected,127,260,N,Y=Wrong; N=Right,305,https://voteview.com/rollcall/RH0960305,,2,"A second Davis-Bacon assault occurred during House debate on legislation to finance the Washington, D. C., subway system. Rep. John Ashbrook (R-Ohio) offered an amendment to deny Davis-Bacon coverage for subway construction workers. By a 127-260 margin, the House on July 16 rejected the amendment. The overwhelming defeat of this amendment resulted in no further record votes on proposals to cripple Davis-Bacon. The AFL-CIO urged grass roots activities on this vote. For - Wrong. Against - Right.",house_1979.csv,
1979,House,96,1,16,H.J.Res.,74,HJRES74-96,Civil Rights,passage,1979-07-24,Rejected,208,216,N,Y=Wrong; N=Right,341,https://voteview.com/rollcall/RH0960341,tally 209-216 -> 208-216 per Voteview roll 341,5,"The AFL-CIO has supported the use of busing as a last resort to overcome clear patterns of school segregation and to assure equal educational opportunity. In 1979, Rep. Ron Mottl (D-Ohio) introduced a constitutional amendment to ban busing. The AFL-CIO opposed this measure as an attack on the purpose of the Constitution, as well as on the 25-year struggle to overcome the effects of enforced school segregation. Mottl succeeded in securing the signatures of a majority of House members on a petition to discharge the amendment from the House Judiciary Committee. However, intensive lobbying by the AFL-CIO, civil rights, education and other groups turned the tide as the House, by a 209-216 vote on July 24, not only failed to gain the two-thirds vote necessary for a constitutional amendment, but provided a majority against the proposal. The AFL-CIO urged grass roots activities on this vote. For - Wrong. Against - Right.",house_1979.csv,
1979,House,96,1,6,H.R.,3236,HR3236-96,Assisting Disabled Workers,passage,1979-09-06,Passed,235,162,N,Y=Wrong; N=Right,407,https://voteview.com/rollcall/RH0960407,,2,"The federal social security system provides benefits to permanently disabled workers unable to be re-employed. Earlier this year, the Carter Administration proposed sharp cutbacks in disability insurance benefits at a time when participation rates were at a 20-year low and the disability fund was running a surplus. The House Ways & Means Committee later reported a bill lowering benefits for future disabled workers by an average of 15 percent and sharply restricting the right of disabled young workers to exclude low-earnings years in computing benefits. The AFL-CIO opposed these cutbacks, but the House approved the disability benefit reductions, 235-162, on Sept. 6. The AFL-CIO urged grass roots activities on this vote. For - Wrong. Against - Right.",house_1979.csv,
1979,House,96,1,5,H.R.,79,HR79-96,Union Publications,amendment,1979-09-07,Rejected,125,242,N,Y=Wrong; N=Right,410,https://voteview.com/rollcall/RH0960410,date 1979-09-09 -> 1979-09-07 per Voteview roll 410,2,"Postal rates for the publications of non-profit groups such as unions have increased over 1,200 percent during the last eight years. By 1987, rates will increase another 1,400 percent. These skyrocketing costs have already caused nearly 100 union papers to go out of business. As a result, unions are restricted in their ability to communicate with their members. To help offset the postal price hikes, Congress established a public service subsidy for the postal service. Many more union, church and other non-profit groups would cease publication without this subsidy. During debate on postal service legislation, Rep. James Courter (R-N.J.) tried to cut the subsidy by $1.6 billion over the next five years. The House rejected this effort, 125-242, on Sept. 9. For - Wrong. Against - Right.",house_1979.csv,
1979,House,96,1,7,H.R.,4034,HR4034-96,Export of Jobs,amendment,1979-09-18,Rejected,185,218,Y,Y=Right; N=Wrong,436,https://voteview.com/rollcall/RH0960436,tally 186-218 -> 185-218 per Voteview roll 436,3,"Unregulated exports of U.S. commodities have cost the nation hundreds of thousands of job opportunities while driving up the cost of goods in short supply. Over 400,000 jobs in the shoe and leather finishing industry are threatened by the scarcity and rising price of domestic cattle hides as export demand has caused the price of this unfinished product to nearly double since 1977. Other major leather-producing countries have already clamped on export controls. During House debate on a federal export policy bill, Rep. James Shannon (D-Mass.) offered a proposal to establish export controls on cattle hides if certain shortage conditions existed. Ignoring employment and cost impact, the House rejected the Shannon amendment, 186-218, on Sept. 18. The AFL-CIO urged grass roots activities on this vote. For - Right. Against - Wrong.",house_1979.csv,
1979,House,96,1,14,H.R.,4034,HR4034-96,Energy VI - Alaskan Oil Exports,amendment,1979-09-25,Rejected,61,340,N,Y=Wrong; N=Right,462,https://voteview.com/rollcall/RH0960462,,4,"The energy crisis of 1979 could have gotten far worse had the Congress approved a proposal to allow the oil industry to export Alaskan oil. This would have saved oil companies transportation costs, but would have done nothing to lower U.S. oil prices. The proposal would have chilled new U.S. refinery construction and potential for a California-Texas pipeline. The AFL-CIO and consumer groups vigorously fought this scheme at a time when oil and gas shortages were already driving up energy costs and threatening workers' living standards and the U.S. economy. The House faced the issue in an export policy bill, which contained safeguards prohibiting Alaskan oil exports unless consumers benefitted. An effort by Rep. William Dannemeyer (R-Calif.) to weaken these protections was soundly defeated, 61-340, on Sept. 25. The AFL-CIO urged grass roots activities on this vote. For - Wrong. Against - Right.",house_1979.csv,
1979,House,96,1,8,H.R.,5359,HR5359-96,Jobs for the Unemployed,amendment,1979-09-28,Rejected,174,187,Y,Y=Right; N=Wrong,473,https://voteview.com/rollcall/RH0960473,,3,"During House debate on a Defense Dept. appropriations bill, Rep. Joseph Addabbo (D-N.Y.) tried to assist areas experiencing economic distress and high unemployment by setting aside a limited amount of funding for military supply contracts for these areas. His amendment was backed by the AFL-CIO as a means of targeting federal spending to areas most in need. Although the jobless rate is increasing, the House rejected the Addabbo amendment, 174-187, on Sept. 28. For - Right. Against - Wrong.",house_1979.csv,
1979,House,96,1,12,H.R.,3000,HR3000-96,Energy IV - Oil Price Decontrol,amendment,1979-10-11,Rejected,135,257,Y,Y=Right; N=Wrong,495,https://voteview.com/rollcall/RH0960495,,4,"The double-digit inflation of 1978 was fueled primarily by skyrocketing energy costs. Making matters worse was President Carter's decision to phase out federal price controls on domestic oil which will result in consumers paying an additional $1.1 trillion over the next decade. For a family of four, this will mean an average fuel cost increase of nearly $20,000 in the next ten years. During debate on a Dept. of Energy funding bill, Rep. Toby Moffett (D-Conn.) offered an amendment to clamp controls back on crude oil. By 135-257 on Oct. 11, the House voted with big oil and against American consumers. The AFL-CIO urged grass roots activities on this vote. For - Right. Against - Wrong.",house_1979.csv,
1980,House,96,1,18,S.,832,S832-96,Election Financing Reform,amendment,1979-10-17,Adopted,217,198,Y,Y=Right; N=Wrong,515,https://voteview.com/rollcall/RH0960515,,3,"In 1974, campaign costs for the average House election were about $55,000. Barely four years later, the price tag had jumped to over $90,000. Meanwhile, corporate political action committees (PACs) numbering 89 in 1974 have grown to more than 1,100. In the 1978 congressional elections over 800 business PACs, 500 trade association PACs and several dozen pro-business, right-wing groups spent nearly $25 million - two and one-half times as much as all labor union political contributions. This dollar deluge, coupled with skyrocketing campaign costs, threatens to undermine the integrity of our electoral system and the credibility of the legislative process. To stem this tide, the AFL-CIO, a long-time proponent of public financing of federal elections, backed legislation to curb the amount of PAC contributions to House elections. The bill, offered as an amendment by Rep. David Obey (D-Wis.) to a funding bill for the Federal Election Commission, would have limited total contributions that a candidate could receive from all PACs to $70,000 - $85,000 if a runoff election occurred - and would have limited individual PAC contributions to each candidate to a maximum of $9,000. Backed by strong support from labor and other public-interest groups, the Obey amendment was approved 217-198 on Oct. 17, 1979. For - Right. Against - Wrong.",house_1980.csv,
1980,House,96,1,13,H.R.,3000,HR3000-96,Energy II - Gas Price Regulation,amendment,1979-10-24,Rejected,189,225,N,Y=Wrong; N=Right,532,https://voteview.com/rollcall/RH0960532,,3,"Amid soaring oil industry profits resulting primarily from President Carter's decision to remove federal price controls on domestic oil, the oil lobby sought to gouge consumers even more by eliminating federal price controls on gasoline. Under current controls, the pump price can only be increased to reflect inflation and higher crude oil costs. Federal regulation also provides for an allocation system to assure an even distribution of supply throughout the country. Despite price increases of some 52 percent over the prior twelve months, the House at first voted for an amendment by Rep. James Courter (R-N.J.) to scrap price controls as well as the allocation system. Then on a second vote on Oct. 24, 1979, the House rejected the Courter amendment 189-225. For - Wrong. Against - Right.",house_1980.csv,
1980,House,96,1,14,H.R.,4985,HR4985-96,Energy III - Energy Development,amendment,1979-11-01,Rejected,192,215,N,Y=Wrong; N=Right,556,https://voteview.com/rollcall/RH0960556,,3,"A key element in the drive for energy independence was legislation to establish a five-member Energy Mobilization Board with broad powers to expedite the decision-making process for national priority energy projects. The bill was designed to eliminate delays, duplication and frivolous challenges to energy projects while preserving environmental values as well as state and local responsibilities. The board would be empowered to set project deadlines after consultation with state and local officials. Judicial review of its decisions would be expedited. Any waiver of federal statutes obstructing project development - excluding labor, civil rights and water rights laws - could only be made upon the recommendation of the board with the concurrence of Congress and the President. During House debate, Rep. Morris Udall (D-Ariz.) tried to weaken the bill by deleting the waiver procedure. His substitute bill was killed on a 192-215 vote on Nov. 1, 1979. For - Wrong. Against - Right.",house_1980.csv,
1980,House,96,1,6,H.R.,2063,HR2063-96,Public Works Jobs,motion to recommit,1979-11-14,Rejected,148,250,N,Y=Wrong; N=Right,589,https://voteview.com/rollcall/RH0960589,,2,"In 1979 the House approved labor-backed legislation expanding funding for the Economic Development Administration, which was created in 1965 to offer financial aid to hard-hit communities to help them attract new investment or revive failing businesses. A key part of the new legislation was a standby $2-billion public works jobs program providing funds for local construction or improvement of such facilities as water and sewer systems, schools, fire stations and court houses. The funds would become available when national unemployment exceeded 6.5 percent. An attempt by Rep. Gene Snyder (R-Ky.) to send this standby public works program back to committee was overwhelmingly defeated by a 148-250 vote on Nov. 14, 1979. For recommittal - Wrong. Against recommittal - Right.",house_1980.csv,
1980,House,96,1,19,H.R.,2323,HR2323-96,Consumer Protection,amendment,1979-11-14,Adopted,223,147,N,Y=Wrong; N=Right,591,https://voteview.com/rollcall/RH0960591,,3,"On the heels of defeating legislation in the 95th Congress to establish a badly needed Consumer Protection Agency, the lobbies of big business in the 96th Congress aimed their guns at the consumer protection powers of the Federal Trade Commission. The FTC is charged with protecting the public from marketplace monopolies and fraudulent business practices. During House debate on an FTC funding bill, Rep. Marty Russo (D-Ill.) tried to stop an FTC consumer rulemaking requiring the funeral industry to disclose the prices of its goods and services while prohibiting certain deceptive misrepresentations found to be rampant in the industry. For union members, the high cost of funerals has seriously eroded the survivor's benefit left to next of kin through fringe benefit life insurance or other coverages. The FTC price-disclosure rule was seen as a sure way to stimulate competition and lower funeral costs. But, the House sided with the funeral industry against bereaved consumers and approved the Russo amendment by a 223-147 vote on Nov. 14, 1979. For - Wrong. Against - Right.",house_1980.csv,
1980,House,96,1,16,H.R.,2626,HR2626-96,Health Care Costs,substitute,1979-11-15,Adopted,234,166,N,Y=Wrong; N=Right,593,https://voteview.com/rollcall/RH0960593,,3,"In 1979, the average cost of one day's hospital care was an astronomical $226. Rising hospital costs are a leading cause of inflation and a major part of the nation's whopping $184.4 billion 1979 health-care bill. Translated for a family of four, over $3,200 yearly is spent on medical services. The Carter Administration and labor again pushed legislation in 1979 to hold down these spiraling hospital costs by implementing mandatory controls to go into effect only for those hospitals unable or unwilling to keep increased costs to no more than 11.6 percent. Hospitals in states that already have mandatory cost-containment programs would be exempt. This legislation was strongly opposed by the American Medical Association and the hospital industry. The labor-backed bill was torpedoed when the House on Nov. 15, 1979, voted 234-166 approval of a substitute bill offered by Rep. Richard Gephardt (D-Mo.) creating a commission to further study the problem. For - Wrong. Against - Right.",house_1980.csv,
1980,House,96,1,2,H.R.,2222,HR2222-96,Collective Bargaining Rights for Hospital Workers,passage,1979-11-28,Rejected,167,227,Y,Y=Right; N=Wrong,612,https://voteview.com/rollcall/RH0960612,,2,"In 1976 the National Labor Relations Board ruled that hospital interns and residents are ""students"" and therefore not entitled to the protections of federal labor law. These employees now routinely work 80 to 100 hour workweeks at low rates of pay. Yet, these workers are denied any voice in improving their oppressive working conditions. Such long hours can undermine adequate hospital health care and unnecessarily jeopardize the medical condition of patients. In 1980, Rep. Frank Thompson (D-N.J.) sponsored legislation to restore labor law protections for these workers. However, the House, less than two weeks after shooting down a labor-backed bill to help fight inflation by controlling hospital costs, handed the medical lobbies still another success by rejecting this worker-rights bill by a 167-227 vote on Nov. 28, 1979. For - Right. Against - Wrong.",house_1980.csv,
1980,House,96,1,5,H.R.,5860,HR5860-96,Auto Industry Jobs,passage,1979-12-18,Passed,271,136,Y,Y=Right; N=Wrong,661,https://voteview.com/rollcall/RH0960661,,2,"Massive retooling needs and the flood of imported cars helped put the nation's third largest auto manufacturer - Chrysler - on the brink of economic collapse in late 1979. The jobs of nearly a half-million workers in steel, glass, rubber, metal, leather and other supplier industries as well as Chrysler auto workers hung in the balance. Several states and many communities were also threatened with economic disaster if Chrysler closed its doors. To prevent that from happening, the AFL-CIO-backed legislation providing a $1.5-billion federal loan guarantee to Chrysler. The loan was dependent upon the company finding $2 billion in matching funds from workers, dealers and creditors. The House version demanded $400 million in wage concessions from Chrysler union workers. By a 271-136 vote, on Dec. 18, 1979, the House approved the loan package. For - Right. Against - Wrong.",house_1980.csv,
1980,House,96,2,1,H.R.,5980,HR5980-96,Protection of Prevailing Wages,amendment,1980-01-31,Rejected,130,266,N,Y=Wrong; N=Right,690,https://voteview.com/rollcall/RH0960690,,2,"Despite two lopsided defeats in 1979, House conservatives continued their unrelenting attack on the Davis-Bacon Act in 1980. The 48-year-old law requires payment of prevailing wages to workers on federally financed construction projects. That gives local contractors who uphold the labor standards of the community a fair chance to compete for government projects, rather than being undercut by outside firms bringing in cut-rate labor. The Davis-Bacon Act also assures stability in a notoriously unstable industry, guarantees adequate wage rates to allow for the recruitment, training and maintenance of a skilled construction labor force within the local area, and helps protect the government against fly-by-night operators seeking to win government contracts by paying wages too low to attract competent craftsmen. During House debate on legislation providing federal financial assistance to economically distressed states and cities, Rep. Robert Walker (R-Pa.) tried to strike the Davis-Bacon protections from the bill. Again this anti-worker amendment was overwhelmingly defeated by a 130-266 vote on Jan. 31, 1980. For - Wrong. Against - Right.",house_1980.csv,
1980,House,96,2,11,H.R.,5980,HR5980-96,Aid to Cities and States,motion to recommit,1980-01-31,Rejected,178,215,N,Y=Wrong; N=Right,691,https://voteview.com/rollcall/RH0960691,,2,"In early 1980, the House cleared a $1-billion bill to provide anti-recession financial help to economically distressed cities and states. The legislation was designed to help these jurisdictions maintain public services and thus avoid massive layoffs during the current recession. Leading the conservative effort to weaken the bill, Rep. Thomas Kindness (R-Ohio) tried to send the measure back to committee with instructions to slash funding nearly in half. His motion to recommit was beaten by a 178-215 vote on Jan. 31, 1980. For recommittal - Wrong. Against recommittal - Right.",house_1980.csv,
1980,House,96,2,4,H.R.,5507,HR5507-96,Unemployment Benefits,motion to recommit,1980-02-06,Rejected,188,215,N,Y=Wrong; N=Right,699,https://voteview.com/rollcall/RH0960699,date 1980-02-16 -> 1980-02-06 per Voteview roll 699,2,"A 1976 congressionally-approved revision, effective in 1980, cut unemployment benefits for retirees who also receive pensions. This anti-worker provision allows states to offset, dollar for dollar, the unemployment compensation benefit payable to an individual receiving social security, pension, retirement pay, annuity or any other similar payment that is based on the individual's previous work. The result: thousands of pensioners who had taken jobs to augment their pensions but were laid off in the current recession now found their unemployment compensation reduced by the amount of their pension benefits. The AFL-CIO has backed repeal of the pension offset. In the meantime, the federation in 1980 supported legislation by Rep. James Corman (D-Calif.) limiting the offset to cases in which a worker's pension and unemployment benefits are attributable to the same employer. Further, the bill limited the offset only to the amount of the employer contribution to the pension, while postponing until Jan. 1, 1982, the effective date of the 1976 change and the Corman modifier. Conservative Rep. John Rousselot (R-Calif.) attempted to undermine the measure by sending it back to committee with instructions to make the effective implementation date one year earlier. His motion to recommit was defeated 188-215 on Feb. 16, 1980. For recommittal - Wrong. Against recommittal - Right.",house_1980.csv,
1980,House,96,2,12,H.R.,3919,HR3919-96,Energy I - Oil Industry Profits,motion to recommit,1980-03-12,Rejected,185,227,N,Y=Wrong; N=Right,799,https://voteview.com/rollcall/RH0960799,date 1980-03-13 -> 1980-03-12 per Voteview roll 799,2,"Early in 1979, President Carter decontrolled the price of domestically produced crude oil, an action that the Treasury Dept. acknowledges will cost American consumers $1.1 trillion over the next ten years. This action is already having a catastrophic inflationary effect on the economy and the pocketbook of American workers. To recover billions of dollars in excess oil company profits for development of alternative energy sources, the President proposed a windfall profits tax. The AFL-CIO found the proposal inadequate and, facing a Congress unwilling to reinstate price controls, urged a tougher windfall tax. The windfall profits tax bill that emerged from conference taxed away less than 25 percent of the $1.1 trillion in excess oil industry profits over the next decade. While this conference agreement fell far short of the AFL-CIO's proposals, it was a significant improvement over the Senate bill and the best package that was politically achievable. A last-ditch maneuver by oil state representatives to weaken the bill failed as a motion by Rep. Bill Archer (R-Tex.) to return the bill to conference to add more tax exemptions for the oil industry was beaten by a 185-227 vote on Mar. 13, 1980. For - Wrong. Against - Right.",house_1980.csv,
1980,House,96,2,8,H.Con.Res.,307,HCONRES307-96,Balanced Budget I,amendment,1980-04-30,Rejected,70,336,Y,Y=Right; N=Wrong,859,https://voteview.com/rollcall/RH0960859,,2,"In a political panic to balance the federal budget, Congress in 1980 slashed $16 billion in spending for such programs as education, health, transportation, jobs and energy development. An estimated half-million workers would lose their jobs as a direct result of these symbolic cuts. Particularly hard-hit as the current recession deepened, were the very federal jobs programs used in the past to ease the shock of economic downturns. Ironically, no sooner had Congress balanced the budget than higher unemployment and continuing inflation unbalanced it once again. The AFL-CIO had strongly opposed balancing the federal ledger at a time of economic decline, terming it an empty political gesture that would do nothing to address the root causes of inflation - skyrocketing energy costs, exorbitant interest rates and rising food and medical care costs. The AFL-CIO warned that the meat-axing of essential federal programs required by a balanced budget would increase unemployment while deepening the recession. During House consideration of the 1981 budget resolution, which sets spending targets for the upcoming fiscal year, Rep. Richard Ottinger (D-N.Y.) led a labor-backed effort to restore the $16 billion in spending cuts. The Ottinger amendment would have balanced the budget instead through various tax reforms and other revenue-raising devices. His package proposal was rejected by a 70-336 vote on Apr. 30, 1980. For - Right. Against - Wrong.",house_1980.csv,
1980,House,96,2,9,H.Con.Res.,307,HCONRES307-96,Balanced Budget II,amendment,1980-05-01,Rejected,164,246,N,Y=Wrong; N=Right,862,https://voteview.com/rollcall/RH0960862,,2,"The rigid spending ceilings of the balanced budget enabled conservatives to put the House in the untenable position of having to slash funds for one national priority - fighting the recession - in order to increase monies for another - assuring a strong national defense. Conservatives, sensing an opportunity to further mangle labor-backed domestic programs, joined ranks behind Rep. Marjorie Holt (R-Md.) in an effort to cut $5 billion more from domestic spending and transfer those funds to the defense budget. The Holt amendment demanded a 20-percent across-the-board cutback in all federal regulatory agencies such as the Occupational Safety & Health Administration, the Federal Trade Commission and the Environmental Protection Agency. The Holt amendment, a clear-cut conservative assault on the federal government, was rejected by the House on a 164-246 vote on May 1, 1980. For - Wrong. Against - Right.",house_1980.csv,
1980,House,96,2,10,H.Con.Res.,307,HCONRES307-96,Balanced Budget III,budget resolution,1980-05-07,Passed,225,193,N,Y=Wrong; N=Right,869,https://voteview.com/rollcall/RH0960869,,2,"Despite opposition from labor, civil rights, education, environmental, consumer and other public-interest groups, the House passed the first budget resolution by a 225-193 vote on May 7, 1980. The bill cut $16 billion in spending from key domestic programs and could throw over a half-million American workers onto the unemployment lines. For - Wrong. Against - Right.",house_1980.csv,
1980,House,96,2,7,S.,1309,S1309-96,Food Stamps for Jobless Workers,amendment,1980-05-08,Adopted,241,147,N,Y=Wrong; N=Right,876,https://voteview.com/rollcall/RH0960876,,2,"Jobless workers trying to feed their families with food stamps became another target of the callous congressional drive to balance the federal budget and cut spending. At a time when the recession was taking jobs from millions of Americans permanently and temporarily, House conservatives tried to force jobless workers to pay back the value of food stamps they received to help them get by. An amendment by Rep. James Jeffords (R-Vt.) would have required ""payback"" if a worker earned more than 175 percent of the poverty-level income - or about $13,000 for a family of four. Thus, a lower middle-income worker who had been temporarily laid off would be forced, just at a time of recovery from the shock of unemployment, to reimburse the government the costs of his or her food stamps. By a 241-147 vote on May 8, 1980, this provision was adopted. For - Wrong. Against - Right.",house_1980.csv,
1980,House,96,2,3,H.R.,3904,HR3904-96,Workers' Pension Rights,amendment,1980-05-22,Rejected,160,218,N,Y=Wrong; N=Right,903,https://voteview.com/rollcall/RH0960903,,2,"To protect worker pension benefits, the 1974 pension protection law set up a reinsurance system funded by premiums from participating pension plans to pay benefits to retirees if a plan terminated. Although they have been required all along to pay nominal premiums, multi-employer plans were temporarily excluded from full pension benefit guarantee coverage in order to develop adequate experience on which to base the rates for the cost of reinsurance for such plans. The deadline for full inclusion of these plans in the reinsurance system was extended until 1978. However, by mid-1977, it had become clear that the 1974 law would require substantial change before full reinsurance coverage could be extended to the multi-employer plans. In 1980, the AFL-CIO backed legislation to accomplish this objective, including provisions establishing a graduated premium rate schedule for multi-employer plans. During debate on the bill, Rep. John Erlenborn (R-Ill.) tried to weaken the bill by conditioning slightly higher pension benefit guarantees on reducing from 30 to 20 years the period for which pension plans must have on account enough funds to pay retiree benefits. This amendment would have generated confusion and uncertainty within the administration of pension plans while doing nothing to strengthen their financial stability. By a 160-218 vote on May 22, 1980, the amendment was defeated. For - Wrong. Against - Right.",house_1980.csv,
1980,House,96,2,17,H.R.,5200,HR5200-96,Civil Rights - Housing,substitute,1980-06-11,Adopted,205,204,Y,Y=Right; N=Wrong,954,https://voteview.com/rollcall/RH0960954,,3,"The 1968 Fair Housing Act was designed to outlaw discrimination in the sale or rental of housing. However, a weak enforcement mechanism based primarily on conciliation has permitted discrimination to persist. The key civil rights fight of 1980 occurred over legislation by Rep. Don Edward (D-Calif.) to put teeth into the 1968 law by placing administrative law judges (ALJ) in the Dept. of Justice to hear complaints and impose penalties subject to review by a district court. Rep. James Sensenbrenner (R-Wis.) led the conservative effort to sink the bill by wiping out the ALJ system. His amendment was sidetracked as the House on June 11, 1980, narrowly adopted by a 205-204 vote a substitute proposal by Rep. Mike Synar (D-Okla.) preserving the ALJ system. For - Right. Against - Wrong.",house_1980.csv,
1980,House,96,2,15,S.,1308,S1308-96,Energy IV - Energy Development,motion to recommit,1980-06-27,Adopted,232,131,N,Y=Wrong; N=Right,1014,https://voteview.com/rollcall/RH0961014,,3,"A last-ditch effort by a coalition of House conservatives and liberals succeeded in recommitting to conference - and possibly killing - the labor-backed Energy Mobilization Board bill. This action was approved on June 27, 1980, when the House adopted 232-131 a motion to recommit by Rep. Sam Devine (R-Ohio). The delay resulting from this maneuver may have doomed the legislation in the 96th Congress. For - Wrong. Against - Right.",house_1980.csv,
1981,House,97,1,7,H.Con.Res.,115,HCONRES115-97,Destroying Federal Programs I,substitute,1981-05-06,Rejected,119,303,Y,Y=Right; N=Wrong,28,https://voteview.com/rollcall/RH0970028,tally 114-303 -> 119-303 and date 1981-05-04 -> 1981-05-06 per Voteview roll 28,2,"The Reagan budget slashed billions of dollars from 'people' programs in order to finance 'trickle-down' tax breaks for the rich and corporations. By eliminating more than $214 billion over three years, social investments necessary to strengthen the economy were eradicated, the meager incomes of the jobless, the elderly and the poor were cut, and the nation's long-range needs for energy security, transportation improvements, environmental safeguards and urban development were seriously endangered. During consideration of the First Budget Resolution - the first step in the congressional process that sets yearly federal spending targets - the AFL-CIO backed a substitute budget bill offered by Rep. David Obey (D-Wis.) to block a conservative alternative measure encompassing the Reagan budget cuts. The Obey bill sought to minimize damage to key programs such as unemployment compensation, Medicaid, housing, education and energy assistance. His substitute would have achieved budget savings comparable to the President's plan by limiting tax cuts to one year instead of three, while saving hundreds of thousands of jobs marked for extinction by the President's budget plan. Despite lobbying by the AFL-CIO and the Budget Coalition of more than 200 national public interest organizations, the Obey substitute was defeated 119-303 on May 6. For - Right. Against - Wrong.",house_1981.csv,
1981,House,97,1,8,H.Con.Res.,115,HCONRES115-97,Destroying Federal Programs II,substitute,1981-05-07,Adopted,253,176,N,Y=Wrong; N=Right,30,https://voteview.com/rollcall/RH0970030,,2,"Once the Obey substitute was defeated, the conservative coalition rammed through the Reagan budget. Representatives Delbert Latta (R-Ohio) and Phil Gramm (D-Tex.) had earlier joined forces to sponsor a substitute budget resolution incorporating the Reagan budget. The Gramm-Latta substitute inflicted far greater cuts in domestic programs than those originally proposed by the pending House Budget Committee measure. The extent of these budget cuts was far-reaching. For those seeking educational opportunity, $10 billion was cut in college loans and grants, aid to elementary and secondary schools, and the school lunch program. For the elderly, the budget made billion-dollar reductions in social security, railroad retirees' pensions, and federal employee retirement benefits while boosting Medicare premiums another billion dollars a year. For the jobless, $6 billion was axed from unemployment benefits while federal manpower programs were cut by $14 billion. For workers, major reductions in budget and personnel were imposed on such key agencies as OSHA and the NLRB. On economic development, $7 billion was severed from federal highway maintenance, mass transit and rail transportation funding. For the poor, $16 billion was cut from various assistance programs. Meanwhile key consumer and environmental agencies saw their budgets, staff and regulatory authority substantially curtailed. The AFL-CIO, warning that adoption of the substitute would cost a million Americans their jobs, condemned the Reagan budget cuts as 'a high-risk gamble with the future of America in which workers and the poor take the lion's share of the risk.' Turning aside labor's objections, the House adopted the Gramm-Latta substitute resolution 253-176 on May 7. Against - Right. For - Wrong.",house_1981.csv,
1981,House,97,1,5,H.R.,3512,HR3512-97,Crippling Federal Worker Rights,amendment,1981-05-13,Adopted,242,155,N,Y=Wrong; N=Right,37,https://voteview.com/rollcall/RH0970037,,2,"Federal employees were hammered hard by President Reagan's budget cuts in 1981, as nearly 11,000 were fired while many others were transferred, often to lower paying positions. In 1982 at least another 5,000 are expected to lose their jobs as the President attempts to reduce the federal work force by 75,000 jobs. In addition to these reductions in personnel, the Administration sought to raise premiums for federal employee health benefits while at the same time arbitrarily denying coverage for certain kinds of medical care services. Taking their cue from the President, congressional conservatives jumped in with their own version of anti-federal employee legislation during debate on a 1981 supplemental appropriations bill. Rep. John Ashbrook (R-Ohio) proposed an amendment to deny a full range of medical services for women, including abortions, which are now available under federal health insurance policies for which federal workers pay 60 percent of the premium. The AFL-CIO has taken no position on the issue of abortion; however, to the federation the key issue was not abortion but whether Congress could disregard the limited collective bargaining rights of federal workers by arbitrarily terminating certain health benefits that are now available to workers in the private sector. Despite opposition from the AFL-CIO, the amendment was approved 242-155 on May 13. Later, however, Senate opposition to this anti-worker proposal forced the House to drop it from the bill during conference deliberations. Against - Right. For - Wrong.",house_1981.csv,
1981,House,97,1,9,H.Res.,169,HRES169-97,Destroying Federal Programs III,previous question,1981-06-25,Rejected,209,217,Y,Y=Right; N=Wrong,95,https://voteview.com/rollcall/RH0970095,tally 210-217 -> 209-217 per Voteview roll 95,2,"The First Budget Resolution, which cut more than $35 billion from federal social and economic programs, included 'reconciliation' instructions requiring committees with jurisdiction over specific federal programs to translate these broad budget reductions into individual program cuts. Once completed, those cuts would then be packaged by the House Budget Committee into a budget 'reconciliation' bill - the second of three steps in the congressional budget process. While the House committees tried to achieve the budget cuts in a manner that minimized hardship and job losses, President Reagan sought to dictate to the Congress which programs should be cut and by how much. Only hours before the Budget Committee's reconciliation package was to be considered on the House floor, the conservative coalition countered with a 400-page budget bill targeting programs opposed by congressional conservatives for the steepest cuts. This strategy was a clear attempt to allow the Executive Branch to manipulate congressional budget procedure to bypass the legislative process, and push through massive cuts in federal programs that help working people and the poor. As a counter-strategy, House Democrats constructed a debate rule to force separate votes on each of the deepest Reagan cuts - in social security benefits, the school lunch program, college loans, inflation adjustments for federal retiree pensions, and housing and welfare assistance for the poor. The key vote came on a procedural motion by Rep. Richard Bolling (D-Mo.) to 'order the previous question' and thus end debate on the proposed Democratic rule. Seeking to avoid the political consequences of voting for deep cuts in federal programs that enjoyed wide public support, the conservative coalition lined up to defeat the Bolling motion by a 210-217 vote, June 25. By limiting Congress to a single vote on budget reconciliation, the President was thus able to achieve permanent changes in long-standing federal programs that would have been impossible under conditions of reasoned debate. For the motion - Right. Against the Motion - Wrong.",house_1981.csv,
1981,House,97,1,3,H.R.,3519,HR3519-97,Saving American Jobs,amendment,1981-07-16,Adopted,230,187,Y,Y=Right; N=Wrong,130,https://voteview.com/rollcall/RH0970130,tally printed 231-187; the roll call is 230-187 per Voteview roll 130,2,"As segments of the U.S. auto industry teetered on the brink of economic collapse, foreign car imports continued to take their toll. By year's end the United States had a staggering trade deficit of $10 billion in autos, auto parts and engines. Worse, nearly a million workers in auto plants and supplier industries stood in unemployment lines. With unregulated imports continuing to flood U.S. markets and thousands of job opportunities disappearing, the AFL-CIO renewed its support for 'Buy American' preference provisions requiring that all taxpayer-financed federal programs use U.S.-produced goods and services where available. During consideration of the 1982 Defense authorization bill, Rep. Elwood Hillis (R-Ind.) proposed an amendment prohibiting the Defense Dept. from signing a contract worth more than $50,000 to purchase civilian cars or light trucks not made in the United States or Canada. Seen as a small step toward revitalizing the sagging auto industry, the Hillis amendment was adopted 231-187 on July 16. For - Right. Against - Wrong.",house_1981.csv,
1981,House,97,1,13,H.R.,4035,HR4035-97,Achieving Energy Independence,amendment,1981-07-22,Rejected,177,236,N,Y=Wrong; N=Right,142,https://voteview.com/rollcall/RH0970142,,3,"During consideration of the 1982 Energy appropriations bill, Rep. Vin Weber (R-Minn.) proposed an amendment to delete $135 million in funding for construction of a synthetic fuels demonstration plant in Newman, Ky. If approved, this amendment would have weakened U.S. efforts to overcome its dependence on foreign oil and political vulnerability to countries that supply it. With several thousand jobs also at stake in an area hard hit by unemployment, the AFL-CIO urged that the amendment be rejected. It was voted down 177-236 on July 22. Against - Right. For - Wrong.",house_1981.csv,
1981,House,97,1,4,H.R.,4144,HR4144-97,Maintaining Public Works Jobs,amendment,1981-07-23,Rejected,198,208,N,Y=Wrong; N=Right,147,https://voteview.com/rollcall/RH0970147,,2,"A major federal public works program - the Tennessee-Tombigbee Waterway - barely escaped the ax of congressional budget cutting in 1981. This 232-mile inland canal, by connecting the Tennessee and Tombigbee Rivers, will allow barge traffic to flow from Appalachia to the Gulf seaport of Mobile, Ala. This labor-backed public works program is considered necessary to developing a modern mid-American waterway transportation system, which is vital to improving interstate commerce and furthering U.S. exports of agricultural commodities, coal and manufactured products. The government already has spent about $1 billion on the 'Tenn-Tom' project, which now is more than 80 percent complete. During debate on the 1982 energy and water appropriations bill, Rep. Joel Pritchard (R-Wash.) tried to delete $189 million earmarked for continuation of the 'Tenn-Tom' project. The Pritchard amendment would have resulted in lost construction, maintenance and transportation jobs while preventing improvement in U.S. commercial transportation and export capabilities. The amendment was rejected 198-208 on July 23. Against - Right. For - Wrong.",house_1981.csv,
1981,House,97,1,12,H.R.,4269,HR4269-97,Billion-Dollar Tax Giveaways,substitute,1981-07-29,Rejected,144,288,Y,Y=Right; N=Wrong,165,https://voteview.com/rollcall/RH0970165,,3,"The second part of the Reaganomics equation was a trickle-down, tax-cut bill that used the billions of dollars in budget reductions from federal social and economic programs to finance a huge tax cut for the rich and big business. As enacted, the Reagan tax bill is the most expensive revenue-loser in history. By 1986 it will cost the federal Treasury $750 billion in lost revenue. The Reagan tax bill will cut the effective corporate income tax rate in half at a loss of $170 billion within five years. And the oil companies will reap an additional $12 billion tax bonus. By 1986 the bill will save the heirs of the rich $15 billion in estate and gift taxes while new 'savings incentives' tax schemes heap another $21 billion on those who can afford large savings accounts. The highly touted 'across-the-board' cuts used to peddle the Reagan tax scheme were later labeled a 'Trojan Horse' by Reagan Budget Director David Stockman. They were really designed, he said, to ensure passage of the Administration's hidden objective - slashing the top income tax rate for the rich from 70 to 50 percent. Thus, the individual tax cuts allotted one-third of the tax savings to the wealthiest six percent of American taxpayers. During House deliberations on the tax bill, the Administration competed with House Democrats for the votes of oil-state Democrats. As a result, a so-called Democratic alternative tax bill emerged, loaded with a host of last-minute special-interest amendments, making it just as costly and only slightly less inequitable than the Reagan proposal. For that reason the AFL-CIO supported a substitute measure offered by Reps. Morris Udall (D-Ariz.), David Obey (D-Wis.), and Henry Reuss (D-Wis.), which provided for a one-year tax cut with no special-interest sweeteners for the oil industry or the wealthy. This labor-backed alternative would have provided for a fairer distribution of personal tax cuts while targeting business tax reductions to areas and firms in economic need, at less than half the cost of the Reagan package. Despite strong AFL-CIO lobbying, the House rejected the substitute 144-288 on July 29. For - Right. Against - Wrong.",house_1981.csv,
1981,House,97,1,14,H.R.,3112,HR3112-97,Protecting Civil Rights,amendment,1981-10-05,Rejected,132,277,N,Y=Wrong; N=Right,224,https://voteview.com/rollcall/RH0970224,,3,"The Voting Rights Act of 1965, a landmark civil rights law, important provisions of which are scheduled to expire in 1982, has resulted in doubling of voter registration among blacks in the South and has enabled greater numbers of minority citizens to seek and win elected office. The AFL-CIO and civil rights groups lobbied for extension of the law, particularly its important 'pre-clearance' provision, which requires political subdivisions with a history of discrimination to seek approval from the U.S. Attorney General before making any change in election laws or practices. When the Voting Rights Act extension bill came before the House, it contained a compromise 'bail-out' provision that would allow covered jurisdictions to apply for exemption from the 'pre-clearance' requirement if they satisfied certain criteria of good conduct in voting procedures and practices. One of those criteria was to bring their 'bail-out' petitions to the federal court in the District of Columbia. Rep. Caldwell Butler (R-Va.) proposed an amendment to allow jurisdictions to argue their 'bail-out' cases before federal judges across the country, in judicial forums which lacked the expertise of the D.C. court. The AFL-CIO urged rejection of the Butler amendment, which the House turned down by a 132-277 vote on Oct. 5. Against - Right. For - Wrong.",house_1981.csv,
1981,House,97,1,2,H.R.,4560,HR4560-97,Weakening Job Safety Protections,amendment,1981-10-06,Adopted,254,165,N,Y=Wrong; N=Right,233,https://voteview.com/rollcall/RH0970233,,2,"The conservative assault on big government set its sights on eradicating federal job safety protections for American workers. One target in 1981 was the Mine Safety & Health Administration (MSHA), whose health standards and enforcement policies for this hazardous industry are more stringent than those employed by OSHA. During consideration of a Labor Dept. appropriations bill, Rep. John Rousselot (R-Calif.) offered an amendment to prohibit MSHA from spending any funds to enforce safety and health rules for workers employed in stone, sand and gravel surface mining operations. His amendment excluded some 40,000 surface miners from any federal job safety protection including OSHA, despite the fact that in 1978-80, 134 workers died in accidents in those mining industries - the worst collective job fatality record in surface mining. Despite those grim statistics and strong AFL-CIO opposition, the House approved the Rousselot amendment 254-165 on Oct. 6. Against - Right. For - Wrong.",house_1981.csv,
1981,House,97,1,1,H.R.,4560,HR4560-97,Slashing Labor Department Funds,motion to recommit,1981-10-06,Rejected,168,249,N,Y=Wrong; N=Right,234,https://voteview.com/rollcall/RH0970234,,2,"The Reagan Administration's economic policies - Reaganomics - coupled a record tax bonanza for the wealthiest individuals and corporations with devastating cuts in the programs that help ensure a better life for the majority of Americans. The budget cuts hit particularly hard at the worker protection programs run by the Labor Dept. Federal funds to enforce union rights, job safety and fair wage legislation as well as unemployment compensation and manpower programs were slashed by nearly $23 billion over three years. Yet no sooner had Congress made these monumental budget reductions than the President sought more cuts. As the economy fell into recession and the Administration economic advisers began to realize the potential of huge budget deficits due to its giveaway tax bill, rising unemployment and high interest rates, the President in September demanded a further 12-percent cut in non-defense program funding. During the debate on the Labor Dept. appropriations bill, Rep. Ralph Regula (R-Ohio) tried to recommit the bill to the Appropriations Committee to inflict another round of even harsher budget reductions in programs that protect workers. In the first major budget defeat for the Administration, the House rejected the motion by a 168-249 vote on Oct. 6. Against - Right. For - Wrong.",house_1981.csv,
1981,House,97,1,15,H.R.,3603,HR3603-97,Food Stamps,amendment,1981-10-22,Rejected,147,251,N,Y=Wrong; N=Right,260,https://voteview.com/rollcall/RH0970260,,3,"A major supplementary unemployment benefit program to help feed the families of long-term jobless workers is the federal food stamp program. Long a target of conservatives, funding for the anti-hunger program was cut by nearly $2 billion in 1981, as Reagan budget cutters lopped off eligibility for 1.1 million needy persons. During House debate on a food stamp funding bill, conservatives led by Rep. Robert Walker (R-Pa.) tried a different strategy to cut even more from the programs. His amendment would have required most poor recipients of food stamp benefits to deplete their already meager incomes by paying for a portion of their benefits. Opposed by the AFL-CIO, the Walker amendment was rejected 147-251 on Oct. 22. Against - Right. For - Wrong.",house_1981.csv,
1981,House,97,1,10,H.J.Res.,357,HJRES357-97,Destroying Federal Programs IV,motion to recommit,1981-11-16,Rejected,189,201,N,Y=Wrong; N=Right,285,https://voteview.com/rollcall/RH0970285,,3,"No sooner had Congress approved President Reagan's massive budget cuts than he was back asking for still deeper reductions. The President's economic advisers realized that the combination of deepening recession, exorbitant interest rates and their near-trillion-dollar 'supply side' tax-cut giveaway were likely to generate uncontrollable deficits over the next few years. Instead of back-tracking on the tax bill, the President's solution was again to victimize those with little political influence by slashing their programs. In September, the President used television to urge another $16 billion in budget cuts, including a 12-percent across-the-board reduction in non-defense programs on top of the $35 billion in cuts enacted only two months earlier. Unable to complete action on all federal agency appropriations bills before a Nov. 20 deadline, the House Appropriations Committee reported a stopgap funding bill that cut another $2 billion - far short of the President's $16 billion request. When the bill came to the floor Rep. Robert Michel (R-Ill.) moved to recommit the bill to committee with orders that additional cuts be made. In a rare budgetary setback for the Administration, the House rejected Michel's motion 189-201 on Nov. 16. However, the President vetoed the bill, forcing an unprecedented and wasteful one-day shutdown of most government agencies. Against recommittal - Right. For recommittal - Wrong.",house_1981.csv,
1981,House,97,1,6,H.J.Res.,357,HJRES357-97,Pay Raise for Strikebreakers,passage,1981-11-22,Passed,213,183,N,Y=Wrong; N=Right,317,https://voteview.com/rollcall/RH0970317,,2,"The eradication of the Professional Air Traffic Controllers Organization (PATCO) and the firing of 12,000 of its members were among the most vicious anti-labor acts by the federal government. Reneging on his campaign promise to address PATCO concerns about excessive hours of work and other demanding working conditions, President Reagan's negotiators responded by offering the union a 16-percent pay cut after the membership had rejected the first contract. When PATCO struck, the government refused to continue contract negotiations. Twelve thousand PATCO workers then were fired, their union decertified and their membership condemned to joblessness with little hope of reemployment. Thus far, this government-imposed lockout has caused more than $100 million in losses to the airlines. Thousands of airline workers who were innocent victims of the government's hard-line position have subsequently been laid off. The Federal Aviation Administration now admits that it will be three to five years before it can train replacements at an estimated cost of $140,000 per controller. Since this bitter dispute began, AFL-CIO President Lane Kirkland and other union leaders have tried unsuccessfully to get the government to return the controllers to their jobs. Barely a week before the AFL-CIO Executive Council was to meet with President Reagan to discuss this issue, Congress voted to give the nonstriking controllers a pay raise that was in effect 40 percent higher than the government's last offer to PATCO. The pay raise had been included in the Senate version but not in the House version of an interim appropriations bill. Rep. Larry Coughlin (R-Pa.) offered a motion to have the House recede from its disagreement with the Senate amendment and thus in effect approve the pay boost. By a 213-183 vote on Nov. 22, the Coughlin motion was approved. Ironically, the entire continuing appropriations resolution, which included the pay hike for strikebreakers, was vetoed by the President and the controversial provision was removed from a subsequent funding bill. Against the motion - Right. For the motion - Wrong.",house_1981.csv,
1981,House,97,1,11,H.J.Res.,370,HJRES370-97,Destroying Federal Programs V,motion to recommit,1981-12-10,Adopted,222,194,N,Y=Wrong; N=Right,330,https://voteview.com/rollcall/RH0970330,,3,"Following President Reagan's veto of the continuing appropriations bill, the House Appropriations Committee constructed a new funding measure that fell far short of the President's budget-cutting expectations. Once the bill reached the floor, the Republicans again sought further cuts. Rep. Silvio Conte (R-Mass.) led the attack this time with another motion to send the interim funding bill back to committee with instructions to cut nearly $2 billion more than the $2 billion already cut by committee. The Republican strategy was to slice another $4 billion in federal spending so as to achieve an overall 4-percent across-the-board funding reduction in certain non-defense federal agencies. Particularly hard hit were Labor Dept. programs that had already been cut by 12 percent. For OSHA, the Conte motion cut another $5 million which, combined with earlier reductions, will force a major cutback in job safety inspections. An additional $8 million cut from the NLRB budget coupled with previous reductions will force layoffs of some 300 employees, thus delaying union elections and trebling the backlog of unfair labor practice charges and other cases before the Board. The new budget resolution also inflicted a 25 percent reduction in personnel who process unemployment benefit claims, which, at a time of rising unemployment, will significantly delay the payment of benefits. Despite strong AFL-CIO opposition to the Conte recommittal motion, it was adopted 222-194 on Dec. 10. Against recommittal - Right. For recommittal - Wrong.",house_1981.csv,
1982,House,97,2,2,H.R.,5922,HR5922-97,Restoring Mine Safety and Health Protections,amendment,1982-05-12,Rejected,186,220,N,Y=Wrong; N=Right,423,https://voteview.com/rollcall/RH0970423,,2,"In 1981, conservatives in Congress stripped the Mine Safety & Health Administration (MSHA) of its authority to enforce worker health and safety rules at stone, sand and gravel surface-mining sites. In taking this action, Congress ignored AFL-CIO protests that 134 workers died in those industries in 1978-80. Congressional action left these workers without any federal safety protection. Fortunately, in 1982 Congress reversed itself and restored MSHA protections to the 40,000 affected workers. The key vote came during consideration of an appropriations bill which included language restoring protections of the law to these workers; Rep. John Rousselot (R-Calif.), who led the anti-worker forces last year, attempted to delete the MSHA language. The House rejected the Rousselot amendment 186-220 on May 12. For - Wrong. Against - Right.",house_1982.csv,
1982,House,97,2,9,H.Con.Res.,345,HCONRES345-97,Defending Federal Programs that Help People I,substitute,1982-05-24,Rejected,152,268,Y,Y=Right; N=Wrong,444,https://voteview.com/rollcall/RH0970444,For/Against marker lost to the page-3 scan trim; position For=Right established from the p6 roster grid against roll 444,3,"The fiscal year 1983 budget submitted by President Reagan contained program cuts so unfair that both Republicans and Democrats in Congress rejected it out of hand. Congress then set about writing its own outline for government programs. Of the seven budget plans that came to a vote in the first round of debate - all of which were rejected - only one was designed to reverse the Reagan recession. This was the proposal by Rep. David Obey (D-Wis.). The Obey budget would have rescued programs such as unemployment compensation, public service jobs and training, veterans' benefits, education and transportation programs, as well as scientific research programs designed to improve America's productivity. The Obey budget would have financed these programs by reversing portions of the unfair Reagan tax cuts, restoring the full windfall profits tax on oil companies, and closing other tax loopholes. The Obey budget would have restored an estimated one million jobs, and would have produced a smaller federal deficit than the other budget plans. Nevertheless, conservatives in the House, eager to provide Reagan with another round of program slashes, rejected the Obey budget 152-268 on May 24.",house_1982.csv,
1982,House,97,2,10,H.Con.Res.,352,HCONRES352-97,Defending Federal Programs that Help People II,amendment,1982-06-10,Rejected,202,225,Y,Y=Right; N=Wrong,486,https://voteview.com/rollcall/RH0970486,,3,"After rejecting seven budget plans, the House began work again on a First Budget Resolution. This time the choice was simpler - a Democratic package offered by Budget Committee Chairman Jim Jones (D-Okla.) or the Reagan-endorsed Republican plan of Rep. Delbert Latta (R-Ohio). The AFL-CIO endorsed the Jones budget, which included creation of jobs in housing construction and in repair and maintenance of public buildings and other facilities, restoration of unemployment compensation in 25 states that were forced to ""trigger off"" extended benefits because of previous Reagan budget cuts, and allowance for tax reforms to help pay for programs such as Medicare. Unfortunately, Reagan budget cuts won out over people's needs. The Jones budget lost 202-225 on June 10. For - Right. Against - Wrong.",house_1982.csv,
1982,House,97,2,11,H.Con.Res.,352,HCONRES352-97,Defending Federal Programs that Help People III,substitute,1982-06-10,Adopted,220,207,N,Y=Wrong; N=Right,487,https://voteview.com/rollcall/RH0970487,,3,"Shortly after rejecting the AFL-CIO-endorsed Jones budget, the House passed another installment of Reagan budget cuts, introduced by Rep. Delbert Latta (R-Ohio). The cuts included an $11 billion cut in Medicare over three years, which will force the elderly to pay higher out-of-pocket costs for their health care. Also slated for additional cuts: trade adjustment assistance, the special unemployment compensation for those who lose their jobs due to government policies that encourage imports; college student loans; nutrition programs; veterans' programs; and virtually all other non-defense programs. The House approved the Reagan-backed Latta budget cuts by a 220-207 vote on June 10. For - Wrong. Against - Right.",house_1982.csv,
1982,House,97,2,12,H.R.,5922,HR5922-97,Providing Funds for Housing and Other Programs,veto override,1982-06-24,Rejected,253,151,Y,Y=Right; N=Wrong,518,https://voteview.com/rollcall/RH0970518,no date printed on the scorecard; 1982-06-24 per Voteview roll 518,3,"On June 24 Reagan sent a message to nearly a million unemployed construction workers and to families eager to buy a home but unable to pay exorbitant interest rates. The message: Don't look to me for sympathy - or help. On that date Reagan vetoed an urgent supplemental appropriations bill because it included a $3 billion program of subsidies to bring down home mortgage interest rates. The bill would have lowered interest rates for 210,000 home mortgages and would have restored more than 480,000 jobs. It had broad bipartisan support in Congress. It also included necessary stopgap funding for most government agencies pending enactment of regular appropriations bills. The House, in a 253-151 vote, failed to come up with the two-thirds majority needed to override the Reagan veto. Ironically, 75 Republicans voted for the housing program but then voted against overriding the Reagan veto of it. For - Right. Against - Wrong.",house_1982.csv,
1982,House,97,2,1,H.R.,6198,HR6198-97,Halting Attempts to Export U.S. Jobs,veto override,1982-07-13,Passed,324,86,Y,Y=Right; N=Wrong,522,https://voteview.com/rollcall/RH0970522,,2,"Even though Reaganomics already has caused unemployment to rise above 10 million, President Reagan offers no program to produce new jobs and, in fact, has taken action to directly wipe out existing jobs. Reagan cast a veto that his own Labor Dept. estimated could cost another 367,000 workers their jobs, causing Republicans and Democrats to wonder about his professed commitment to the jobless. Congress wisely overrode the Reagan veto. The veto came on a bipartisan bill to extend the century-old law requiring that books and periodicals written by Americans and published by U.S. companies be printed and bound in America in order to gain full copyright protection. The Labor Dept. showed that failure to extend the law could cost the United States 172,000 jobs in printing and another 195,000 jobs in supplier industries, due to the move-out of the U.S. printing industry to Far Eastern countries. Congress passed the extension by wide margins, and when Reagan vetoed the extension bill, the House overrode him 324-86 on July 13. For - Right. Against - Wrong.",house_1982.csv,
1982,House,97,2,3,H.R.,6030,HR6030-97,Targeting Defense Contracts to Ease Pain of Unemployment,amendment,1982-07-28,Adopted,237,170,Y,Y=Right; N=Wrong,562,https://voteview.com/rollcall/RH0970562,,2,"In 1982 the conservative-dominated Congress took remarkably little action to ease the hardship of the Reagan recession on more than 10 million unemployed Americans. But one show of concern came during consideration of the Defense Dept. authorization bill, when the House approved an amendment by Rep. Samuel Stratton (D-N.Y.) directing the Secretary of Defense to continue a test program in which certain contracts for goods and services are directed toward areas of the country with especially high unemployment. Thus jobs are provided to workers who have little likelihood of finding work in their communities. The Stratton amendment passed 237-170 on July 28. For - Right. Against - Wrong.",house_1982.csv,
1982,House,97,2,7,H.R.,6862,HR6862-97,Maintaining Pensions for Retired Federal Workers,motion to recommit,1982-08-03,Rejected,160,236,N,Y=Wrong; N=Right,577,https://voteview.com/rollcall/RH0970577,,3,"Congress so far has rejected President Reagan's attempts to slash cost-of-living adjustments in social security, but the separate pension system paid into by federal workers has proved more vulnerable to political attack. During consideration of the civil service budget, Rep. Edward Derwinski (R-Ill.) tried to slash $3.2 billion from the measure in order to impose a 4-percent ""cap"" on the federal pension COLA. Assuming an inflation rate of 7 percent, this would mean that pensioners would lose 3 percent of their purchasing power. The Democratic-controlled House rejected the Derwinski motion by a 160-236 vote on Aug. 3. (But the GOP-dominated Senate approved the unfair 4-percent cap, as did the House-Senate conference committee which forged a ""compromise"" between the House and Senate bills.) For - Wrong. Against - Right.",house_1982.csv,
1982,House,97,2,5,H.R.,5320,HR5320-97,Improving Worker Productivity - with Job Training Programs,motion to recommit,1982-08-04,Rejected,189,218,N,Y=Wrong; N=Right,585,https://voteview.com/rollcall/RH0970585,,2,"Labor Dept. programs, especially jobs programs, have taken a disproportionate share of the Reagan budget cuts, with the public service job-creation program completely wiped out. But as the Reagan recession caused joblessness to rise above 10 million, Congress became increasingly concerned about the unemployed, and the question was no longer whether to provide job training but how it should be handled. Rep. John Erlenborn (R-Ill.) attempted to make training programs one-sided, with virtually total control by management. The Erlenborn amendment would have given management veto power over any provision of a job training program, while worker representatives would have no such power. The AFL-CIO urged that the law provide for a fairer partnership among management, labor and local government officials in designing and managing the training programs. The House rejected the Erlenborn amendment, but Rep. Eugene Johnston (R-N.C.) moved to recommit the bill to committee in order to add the Erlenborn language. The House then rejected the Johnston motion 189-218 on Aug. 4. For - Wrong. Against - Right.",house_1982.csv,
1982,House,97,2,4,H.R.,6892,HR6892-97,Food Stamps for the Jobless,amendment,1982-08-10,Rejected,181,210,N,Y=Wrong; N=Right,597,https://voteview.com/rollcall/RH0970597,,2,"During consideration of budget reconciliation for agriculture programs, Rep. William Wampler (R-Va.) proposed deeper cuts in the food stamp program than those already in the bill. The Wampler amendment would have ended emergency food stamps for families that have recently lost their source of income. Thus, if a head of a household were laid off unexpectedly, the jobless family would have been denied food stamps for up to 30 days, even if it had no money to buy food in the meantime. The House rejected the Wampler amendment 181-210 on Aug. 10. For - Wrong. Against - Right.",house_1982.csv,
1982,House,97,2,6,H.R.,6100,HR6100-97,Defending Davis-Bacon Prevailing Wage Protections,amendment,1982-08-12,Rejected,140,237,N,Y=Wrong; N=Right,615,https://voteview.com/rollcall/RH0970615,,2,"Anti-worker members of Congress seize every opportunity to tear down America's labor laws, including the 50-year-old Davis-Bacon Act, which requires payment of locally prevailing wages to workers on federally financed construction projects. It assures local contractors who uphold community labor standards a fair chance to compete for government projects without being undercut by outside firms using cut-rate labor. It also protects the government from fly-by-night operators seeking to win federal contracts by paying wages too low to attract competent craftsmen. Stymied in their efforts to gain outright repeal of the Davis-Bacon law, anti-union lobbies and their congressional allies repeatedly have tried to eliminate the law piecemeal by removing its coverage from various types of government contracts. One such attempt came during House consideration of Economic Development Administration grants. Rep. Tom Hagedorn (R-Minn.) offered an amendment to weaken Davis-Bacon protections on these local development grants for distressed areas of the country. Once again the House supported Davis-Bacon, rejecting the amendment 140-237 on Aug. 12. For - Wrong. Against - Right.",house_1982.csv,
1982,House,97,2,13,H.R.,6863,HR6863-97,Reasserting Congressional 'Power of the Purse',veto override,1982-09-09,Passed,301,117,Y,Y=Right; N=Wrong,652,https://voteview.com/rollcall/RH0970652,For/Against marker lost to the page-3 scan trim; position For=Right established from the p6 roster grid against roll 652,3,"By the summer of 1982, as Reaganomics produced deepening recession and ever-higher unemployment, Congress was beginning to tire of Reagan vetoes of its appropriations bills. On Aug. 28 Reagan pushed Congress too far, as he vetoed a carefully crafted supplemental appropriations bill that included funds for the Labor Dept. to process payments under the recently enacted extension of unemployment compensation, a popular program that provides part-time jobs for the elderly, and funds for college loans and education for the handicapped. In vetoing the measure, Reagan called it a ""budget-buster,"" a charge resented by House members who knew the bill totalled nearly $2 billion less than Reagan had requested. Actually, Reagan vetoed the bill because it didn't spread the money among programs he preferred. The House overrode the Reagan veto, 301-117 on Sept. 9. (The Senate also overrode the veto, and the measure became law.)",house_1982.csv,
1982,House,97,2,8,H.J.Res.,562,HJRES562-97,Fighting Recession with Jobs Legislation,passage,1982-09-16,Passed,223,169,Y,Y=Right; N=Wrong,672,https://voteview.com/rollcall/RH0970672,description incomplete: about two lines lost to the page-3 scan trim between 'school security sys-' and 'ate defeated an attempt',3,"As the Reagan recession worsened in 1982 and the unemployment rate edged toward 10 percent, Congress finally began to consider legislation to restore jobs. On Sept. 16 the House voted 223-169 to pass a bill creating approximately 250,000 jobs for the hardcore unemployed. The jobs would involve repair and maintenance of deteriorating public facilities, such as roads and bridges, water systems, and school security sys [...] ate defeated an attempt by Sen. Edward M. Kennedy (D-Mass.) to enact this job-creating legislation.) For - Right. Against - Wrong.",house_1982.csv,
1982,House,97,2,S1,H.J.Res.,350,HJRES350-97,Keeping Reaganomics Out of the Constitution,passage,1982-10-01,Rejected,236,187,N,Y=Wrong; N=Right,716,https://voteview.com/rollcall/RH0970716,,10,"In 1982 President Reagan and the radical right teamed up with congressional conservatives in an unprecedented attack on the U.S. Constitution. Within less than a month the President proposed three constitutional amendments, the most serious of which would have written Reaganomics into the Constitution. The President proposed to do this through a so-called balanced budget amendment which he offered even as his own federal budget policies were producing the largest budget deficits in U.S. history. The AFL-CIO led a broad-based coalition effort against the amendment, which would require the United States to have a balanced budget regardless of economic conditions. It could be waived only for a national emergency or a three-fifths vote. Over 500 nationally known economists and constitutional scholars announced their opposition to it. The coalition opposed the amendment for several reasons: Such a constitutional straitjacket would prevent Congress from using its taxing and spending authority to end depression, natural disaster or to meet other emergencies; a three-fifths majority required by the amendment to pass a deficit undermines majority rule, handing the congressional power of the purse to a two-fifths minority; and finally, the budgetary fallout of the amendment would wipe out most federal programs that help working Americans. Although the Senate passed the amendment, an intensive AFL-CIO grass roots lobbying campaign culminated in its defeat by a 236-187 vote in the House on Oct. 1 (a two-thirds vote - 290 votes - is required to pass a constitutional amendment). For - Wrong. Against - Right.",house_1982.csv,
1982,House,97,2,S2,H.R.,6995,HR6995-97,Protecting Consumers by Containing Health Care Costs I,substitute,1982-12-01,Rejected,195,208,Y,Y=Right; N=Wrong,731,https://voteview.com/rollcall/RH0970731,date 1982-12-04 -> 1982-12-01 per Voteview roll 731 (4 Dec was a Saturday with no House roll calls); description incomplete: two spans obscured by an offset ink impression on p10,10,"Organized labor for years has been in the forefront of legislative and collective bargaining efforts to promote low-cost alternative health care systems for its members. Recently, however, labor's efforts as well as those of consumer, governmental and other groups have been thwarted by anti-competitive practices of state [...] instances, the Federal Trade Commission (FTC), a watch-dog consumer agency of the federal government, intervened and used its statutory authority to stop such activities through [...] In the closing days of the 97th Congress, special-interest lobbies led by the American Medical Association (AMA) tried to eliminate the consumer protection, anti-monopoly powers of the FTC in the area of professional services. In essence, the AMA sought to carve out for itself and certain other professions a special antitrust immunity. During House debate on a bill to provide funding for the FTC, Rep. Tom Luken (D-Ohio) offered an AMA-sponsored amendment to prevent the FTC from intervening to stop monopolistic practices in the health care marketplace. In a strategy designed to sidetrack the Luken amendment, the AFL-CIO joined consumer groups in backing a bipartisan, compromise substitute amendment by Reps. Jim Florio (D-N.J.) and John Dingell (D-Mich.) which essentially retained the FTC's jurisdiction. This strategy failed, however, when the House rejected the substitute amendment 195-208 on Dec. 4, after which the House agreed to the Luken proposal. (Fortunately, the Senate rejected a similar amendment - see Senate Vote 4 - so this anti-consumer proposal did not become law.) For substitute - Right. Against substitute - Wrong.",house_1982.csv,
1982,House,97,2,S3,H.R.,6995,HR6995-97,Protecting Consumers II,amendment,1982-12-01,Adopted,245,155,N,Y=Wrong; N=Right,732,https://voteview.com/rollcall/RH0970732,date 1982-12-04 -> 1982-12-01 per Voteview roll 732 (4 Dec was a Saturday with no House roll calls),10,"The defeat of the Dingell/Florio amendment (House Vote 2) paved the way for approval of the Luken amendment to eliminate the FTC's consumer protection authority in this area. As passed by the House, the Luken amendment gave the AMA the anti-trust exemption it sought. By a 245-155 vote the House approved the Luken amendment on Dec. 4. For - Wrong. Against - Right.",house_1982.csv,
1982,House,97,2,S4,H.R.,6211,HR6211-97,Saving Davis-Bacon Fair Wage Protections,amendment,1982-12-06,Rejected,191,194,N,Y=Wrong; N=Right,745,https://voteview.com/rollcall/RH0970745,,10,"Very few public works projects are approved by Congress without first facing right-wing attempts to remove the protections of a key federal fair wage law - the Davis-Bacon Act. This 1931 law ensures that workers on federally financed construction projects will be paid at the wage rates that prevail in their area of the country. For 50 years the Davis-Bacon Act has guaranteed that local contractors who uphold community labor standards will not be undercut by out-of-state firms using cut-rate labor. There were three anti-Davis-Bacon amendments offered to the highway repair/job creation legislation of the 1982 lame-duck session. The most serious threat was an amendment by Rep. Buddy Roemer (D-La.) to restrict the Davis-Bacon requirements to ""initial construction"" projects in the highway bill. This amendment could have removed Davis-Bacon protections from all highway resurfacing and repair work under the bill. Fortunately, the House rejected the Roemer amendment 191-194 on Dec. 6. For - Wrong. Against - Right.",house_1982.csv,
1982,House,97,2,S5,H.J.Res.,631,HJRES631-97,Creating Jobs for the Unemployed,motion to recommit,1982-12-14,Rejected,191,215,N,Y=Wrong; N=Right,778,https://voteview.com/rollcall/RH0970778,,10,"National unemployment in 1982 climbed to the highest level since the Great Depression. By year's end more than 11 million workers were officially counted as jobless. Yet as additional hundreds of thousands of American families suffered layoffs and joined the ranks of the ""new poor,"" President Reagan urged patience. By the fall elections, the patience of the voters had worn thin, and many Congressional adherents of ""stay the course"" - known as ""Reagan robots"" - were defeated. The message from the electorate was clear: Change course, take action now to reverse the decline in the economy. Congress returned to Washington for the post-election, lame-duck session with Democrats and Republicans alike declaring that creating jobs would be their Number 1 priority. House Democrats crafted a $5.4 billion job-creation program designed to swiftly put the unemployed back to work on a wide variety of programs, including sewer and waste disposal, flood prevention, veterans' hospital modernization, parks, public housing maintenance, and prison and jail repair. ""Do nothing"" Republicans tried to kill even this modest job-creation program. Their efforts were in vain as a motion by Rep. Silvio Conte (R-Mass.) to send the bill back to committee to kill the job-creation package was defeated 191-215 on Dec. 14. (Ultimately, however, the job-creation package was killed by the threat of a veto by President Reagan.) Against recommital - Right. For recommital - Wrong.",house_1982.csv,
1982,House,97,2,S6,H.R.,5133,HR5133-97,Restoring Jobs in America's Auto Industry,passage,1982-12-15,Passed,215,188,Y,Y=Right; N=Wrong,788,https://voteview.com/rollcall/RH0970788,description: the card sets 'During that same period. Japanese auto imports jumped'; the store had normalised that period to a comma. Restored 31 Aug 2026 and pinned in audit_1982.CARD_TYPOS,10,"The flood of foreign imports into the United States has contributed to the decline of major domestic industries over the last decade. For example, in the auto industry and its many supplier industries - steel, rubber, glass, textiles and electronics - 750,000 jobs were lost between 1978 and 1981. During that same period, Japanese auto imports jumped by more than 33 percent while domestic auto sales plummeted by the same amount. To help put America back to work and restore the health of this key industry, the AFL-CIO urged Congress to adopt legislation to require foreign auto manufacturers with a large share of the U.S. market to manufacture increasing portions of their vehicles here, using American labor and materials. Called the domestic content bill, the legislation would produce an estimated 800,000 jobs in auto production and supplier industries. By the closing days of the 97th Congress, after an intensive labor lobbying effort, a majority of House members had agreed to cosponsor the domestic content bill. On Dec. 15 the content bill was passed by a 215-188 vote. Although a similar bill failed to reach the Senate floor for a vote, the record of committee hearings and the strong House vote were expected to encourage action on the content bill in the new 98th Congress. For - Right. Against - Wrong.",house_1982.csv,
1982,House,97,2,S7,H.R.,7397,HR7397-97,Stopping the Export of U.S. Jobs,passage,1982-12-17,Passed,260,142,N,Y=Wrong; N=Right,800,https://voteview.com/rollcall/RH0970800,,10,"The Reagan Administration's so-called Caribbean Basin Initiative, strongly backed by big business, contained special trade privileges for this region that would encourage U.S.-based multinationals to close their domestic plants and build new plants abroad in order to funnel their products through the Caribbean. The AFL-CIO warned Congress that this misguided proposal would do little to improve industry or working conditions in the Caribbean. Rather it would accelerate the flood of imports into the United States and export thousands of American jobs at a time of record high unemployment. Earlier, the federation reiterated its commitment to Caribbean workers and supported congressional passage of an economic aid program to help the region meet its massive problems and develop its economy. Despite labor's opposition, the House passed the job-destroying Caribbean Basin bill by a 260-142 vote on Dec. 17. (The Senate, however, failed to bring the measure to a vote, so the Caribbean bill did not become law.) For - Wrong. Against - Right.",house_1982.csv,
1983,House,98,1,1,H.R.,1718,HR1718-98,Jobs I: Public Works Job Creation and Recession Relief,motion to recommit,1983-03-03,Rejected,158,256,N,Y=Wrong; N=Right,17,https://voteview.com/rollcall/RH0980017,,2,"With the nation in the depths of the worst postwar recession, Congress in March passed a $4.9 billion job-creation and humanitarian aid bill. This was the only anti-recession bill to survive the threat of a Reagan veto and a Republican-dominated Senate. It included funds for a variety of job-creating projects including highway and mass transit improvements, repair of schools, veterans' hospitals and other public buildings, water and sewer improvements, weatherization of homes, day care, Head Start and other social services, and special jobs programs for youths and the elderly. The legislation provides for temporary employment of nearly one million Americans. A key vote came on a motion by Rep. Silvio Conte (R-Mass.) to recommit the bill to committee in order to cut funding for construction projects by $423 million. The AFL-CIO, urging Congress to approve the strongest possible jobs package, worked to defeat the Conte motion, which was rejected 158-256 on Mar. 3. For recommittal - Wrong. Against recommittal - Right.",house_1983.csv,
1983,House,98,1,11,H.R.,1900,HR1900-98,Slashing Social Security Benefits,amendment,1983-03-09,Adopted,228,202,N,Y=Wrong; N=Right,20,https://voteview.com/rollcall/RH0980020,,3,"Early in 1983 Congress passed a package of amendments to Social Security designed to improve the long-term health of the nation's No. 1 retirement plan. Most of the changes had been recommended by a bipartisan commission that included AFL-CIO President Lane Kirkland. The commission proposal was later packaged in an omnibus Social Security bill and sent to the House floor. During debate conservative Republicans and ""boll weevil"" Democrats succeeded in a major future weakening of the program. Rep. Jake Pickle (D-Tex.) offered an amendment to raise the retirement age from 65 to 67, starting in the year 2009 and phasing in by 2027. All workers who are now younger than 40 would be adversely affected by the amendment. It also increased from 20 percent to 30 percent the benefit reduction penalty for those retiring before age 67. Progressive Democrats backed by the AFL-CIO countered with an alternative amendment offered by Rep. Claude Pepper. But the House rejected the alternative and approved the Pickle amendment by a 228-202 vote on Mar. 9. For - Wrong. Against - Right.",house_1983.csv,
1983,House,98,1,12,H.Con.Res.,91,HCONRES91-98,Fairness in Federal Programs,budget resolution,1983-03-23,Passed,229,196,Y,Y=Right; N=Wrong,42,https://voteview.com/rollcall/RH0980042,,3,"In 1981 and to a lesser extent in 1982, Congressional Republicans joined by ""boll weevil"" Democrats approved federal budgets with drastic cuts in programs for working people and the poor along with tax cuts for the wealthy. After the 1982 elections, however, Congress viewed the results of the Reagan experiment and did not like what it saw: unemployment, soup lines and enormous budget deficits. In March 1983 the House approved an AFL-CIO-backed budget that began to restore funding of jobs, training, unemployment benefits, education, and other programs. This budget, while not as comprehensive as what the AFL-CIO had proposed, stopped the Reagan Administration slashing of programs and began the turnaround of budget priorities. The AFL-CIO-backed budget was approved 229-196 on Mar. 23. For - Right. Against - Wrong.",house_1983.csv,
1983,House,98,1,13,H.R.,1983,HR1983-98,Protecting the Unemployed from Eviction,passage,1983-05-11,Passed,216,196,Y,Y=Right; N=Wrong,98,https://voteview.com/rollcall/RH0980098,,3,"With 9.4 million Americans out of work and fewer than 35 percent of them receiving unemployment benefits, the House passed a recession relief program of emergency loans to help unemployed homeowners avoid foreclosure and loss of their homes. The House-passed legislation was modest and well-crafted; it would authorize $760 million in emergency loans to jobless homeowners considered good risks to repay the loan when economic conditions improve and they find work again. This bill also provided emergency shelter for the homeless. The House passed the mortgage foreclosure relief bill 216-196 on May 11 despite opposition by the Reagan White House and House Republicans. The AFL-CIO continues to urge action in the Senate where conservative Republicans have stalled the measure. For - Right. Against - Wrong.",house_1983.csv,
1983,House,98,1,17,H.R.,1183,HR1183-98,Tax Fairness II,passage,1983-06-23,Passed,229,191,Y,Y=Right; N=Wrong,207,https://voteview.com/rollcall/RH0980207,,3,"In 1981 Congress approved a three-year package of Reagan ""supply side"" tax cuts, ignoring the AFL-CIO's warning that the bill gave the bulk of its benefits to the wealthy. By 1983 the AFL-CIO's prediction came true. Working people had received a paltry $5 or $10 per week in Reagan tax cuts, an amount erased by higher state and local taxes. The wealthy, meanwhile, enjoyed huge windfalls. The President himself, with an income of $750,000 in 1982, received $91,619 that year in tax benefits from his own legislation. To restore an element of fairness, the AFL-CIO urged Congress to ""cap"" the 1983 tax savings at $720 per taxpayer, thus maintaining full tax cuts for families with incomes of $45,000 or less, but stopping the enormous windfalls for those who don't need extra tax cuts. The House passed this tax-fairness legislation 229-191 on June 23. Unfortunately, the Republican-controlled Senate later killed the bill. For - Right. Against - Wrong.",house_1983.csv,
1983,House,98,1,5,H.R.,10,HR10-98,Davis-Bacon: Fair Wages for Construction Workers,amendment,1983-07-12,Rejected,148,270,N,Y=Wrong; N=Right,227,https://voteview.com/rollcall/RH0980227,,2,"The 1931 Davis-Bacon Act insures that workers on federally financed construction projects will be paid at wage rates that prevail in their area of the country. For over 50 years it has assured local contractors who uphold community labor standards a fair chance to compete for government projects without being undercut by outside firms using cut-rate labor. It has also protected the government and taxpayers from fly-by-night operators seeking to win federal contracts by paying wages too low to attract competent craftsmen. In 1983, House conservatives led by Rep. Robert Walker (R-Pa.) renewed their piecemeal attack on the law by trying to remove Davis-Bacon protections from local construction projects under the Economic Development Act. The Walker amendment was overwhelmingly rejected 148-270 on July 12. For - Wrong. Against - Right.",house_1983.csv,
1983,House,98,1,2,H.R.,2769,HR2769-98,Jobs II: Preventing Export of Jobs,rule,1983-07-13,Adopted,212,204,N,Y=Wrong; N=Right,236,https://voteview.com/rollcall/RH0980236,,2,"In 1983 the Reagan Administration once again pushed its so-called Caribbean Basin Initiative, a package of tax and trade privileges that would wipe out all tariffs and protections, thus stimulating Caribbean imports into the United States and further wiping out U.S. jobs. President Reagan claimed his bill was designed to boost the economies of friendly Caribbean nations. A close reading of the legislation, however, revealed that once again the Reagan Administration was pushing welfare for multinational corporations, not the needy workers of the Caribbean nations. For example, under the Reagan bill only 20 percent of a product need be made in a Caribbean nation, the remainder could come from factories elsewhere, including the Far East. All would be duty-free. The AFL-CIO endorsed an alternative bill designed to provide real help to Caribbean nations while preventing export of U.S. jobs. But the job-saving alternative did not receive consideration because 131 House Republicans, with the help of 81 Democrats, blocked its consideration by narrowly passing a debate rule that allowed only the Reagan bill to come to a vote, with no chance for job-saving amendments. The ""closed"" rule was approved by a 212-204 vote on July 13. For the rule - Wrong. Against the rule - Right.",house_1983.csv,
1983,House,98,1,6,H.R.,3021,HR3021-98,Health Care for the Unemployed,motion to recommit,1983-08-03,Rejected,171,255,N,Y=Wrong; N=Right,299,https://voteview.com/rollcall/RH0980299,tally 246-178 -> 171-255 per Voteview roll 299; the printed figure is record 3's tally and no 246-178 was cast on 3 Aug,2,"Most people receive their health insurance through their jobs. If they are laid off, they lose these benefits and usually find that they are not eligible for federal Medicaid assistance. The jobless and their families are then forced to do without health care or buy expensive private insurance at a time when their major source of income has been cut off. To remedy this, the AFL-CIO urged Congress to pass a program of humanitarian relief providing health care for the jobless. In August, the House approved a $4 billion health care bill to provide minimum family health insurance protection. The key vote came on a recommittal motion by Rep. Tom Tauke (R-Iowa) to gut the bill by removing most of its funding. The Tauke motion was rejected 246-178 on Aug. 3. The bill faces an uncertain future in the GOP-controlled Senate. For recommittal - Wrong. Against recommittal - Right.",house_1983.csv,
1983,House,98,1,7,H.R.,3391,HR3391-98,Trade Adjustment Benefits for the Unemployed,motion to recommit,1983-09-15,Rejected,194,218,N,Y=Wrong; N=Right,324,https://voteview.com/rollcall/RH0980324,,2,In 1962 Congress created Trade Adjustment Assistance - a special program of unemployment compensation and job retraining assistance for those made jobless in industries hurt by imports. The 1981-82 Reagan Administration budget cuts nearly eliminated TAA. In 1983 Congress reversed gears and began to restore funding for the program. In September the House passed legislation to continue the TAA program through 1985. The bill added more funds for the program and extended its benefits to workers displaced in industries that supply the primary manufacturers. Conservatives led by Rep. Bill Frenzel (R-Minn.) tried to recommit the bill in order to cut funding and restrict eligibility for TAA benefits. Frenzel's motion was rejected 194-218 on Sept. 15. For recommittal - Wrong. Against recommittal - Right.,house_1983.csv,
1983,House,98,1,3,H.R.,1036,HR1036-98,Jobs III: Local Public Service Jobs,passage,1983-09-21,Passed,246,178,Y,Y=Right; N=Wrong,333,https://voteview.com/rollcall/RH0980333,,2,"As the Reagan recession continued to take its toll through the fall of 1983, the AFL-CIO continued to urge Congress to approve jobs legislation to help the 18.2 million unemployed or underemployed Americans. The House responded by passing a $3.5 billion jobs bill designed to improve community services such as health care and immunization, nutrition for the elderly and handicapped, emergency food and shelter for the unemployed and homeless, and day care for children of working parents. The bill sponsored by Rep. Gus Hawkins (D-Calif.) also includes funds for repair of public streets, bridges, public buildings, and water systems. Priority for jobs would go to those who had exhausted unemployment compensation. The community jobs bill was approved 246-178 on Sept. 21. The Republican controlled Senate has stalled this important employment relief measure. For - Right. Against - Wrong.",house_1983.csv,
1983,House,98,1,8,H.R.,3929,HR3929-98,Unemployment Compensation,motion to recommit,1983-09-29,Rejected,141,278,N,Y=Wrong; N=Right,344,https://voteview.com/rollcall/RH0980344,,2,"The Reagan recession caused the layoff of millions of Americans who had never been unemployed before; it also worsened the severity of their joblessness. The average duration of unemployment jumped from 13 weeks in January 1982 to 20 weeks in August 1983. Budget cuts in federal unemployment compensation left less than 35 percent of the currently unemployed receiving benefits. For many of the longest-term unemployed, federal supplemental unemployment benefits - available after regular state jobless compensation is exhausted - protect against eviction from homes, hunger, and even the break-up of families. In September 1983 this supplemental federal UI program came up for renewal. Conservative Republicans led the fight against extending coverage to those unemployed the longest. A key vote came on Rep. Carroll Campbell's (R-S.C.) motion to recommit the bill in order to cut the maximum benefit from 16 weeks to only 12 weeks. The Campbell motion was rejected by the House by a lopsided 141-278 vote on Sept. 29. For recommittal - Wrong. Against recommittal - Right.",house_1983.csv,
1983,House,98,1,9,H.R.,4169,HR4169-98,Federal Workers' Pay,amendment,1983-10-25,Adopted,245,176,N,Y=Wrong; N=Right,390,https://voteview.com/rollcall/RH0980390,,2,"The unfairness of Reaganomics became apparent again in late 1983 when Congress considered a 4 percent pay raise that had been promised to federal civilian and military personnel. The Reagan tax cuts for the wealthy had pushed the budget deficit to $200 billion, and conservatives in Congress moved to reduce that deficit - not by restoring fair taxes on the wealthy, but by taking back a portion of the federal workers' pay raise before it even took effect. Rep. James Jones (D-Okla.) offered an amendment to delay the four percent raise by three months - in effect, giving federal workers only nine months of a raise instead of a full year. The Jones amendment was approved by a 245-176 vote on Oct. 25 despite the Presidential pay panel's recommendation of a 21.5 percent raise to make federal workers' pay comparable to that in the private sector for equivalent job skills. For - Wrong. Against - Right.",house_1983.csv,
1983,House,98,1,4,H.R.,1234,HR1234-98,Jobs IV: Domestic Content Legislation,passage,1983-11-03,Passed,219,199,Y,Y=Right; N=Wrong,417,https://voteview.com/rollcall/RH0980417,,2,"The flood of imported goods has caused the decline of major U.S. industries and the loss of millions of American jobs. While our toughest trade competitors such as Japan vigorously promote and subsidize their industries and restrict imports, the Reagan Administration and its conservative allies in Congress insist on keeping the U.S. wide open to imported goods. Often U.S. products must compete with foreign goods produced with heavy government aid under low-wage conditions. In 1983 these one-way trade policies generated the worst trade deficit in manufactured goods in U.S. history, exploding to nearly $70 billion - double that of 1982. Every billion dollars in deficit translates into 25,000 to 50,000 lost job opportunities. To help reverse industrial decline, the AFL-CIO and its affiliates worked hard to achieve passage of the domestic auto content bill, which would require foreign auto and truck manufacturers with large sales volume in the United States to produce increasing portions of their vehicles here, using American labor and materials. This legislation would restore an estimated one million jobs in auto production and its supplier industries of steel, glass, electronics, rubber, textiles, plastics, etc. In a major victory for labor, the House approved the content bill by a 219-199 vote on Nov. 3. The legislation faces an uncertain future in the Senate where conservative Republicans are in control, and President Reagan has declared his opposition to the measure. For - Right. Against - Wrong.",house_1983.csv,
1983,House,98,1,14,H.R.,4102,HR4102-98,Affordable Telephone Service for All Consumers,amendment,1983-11-10,Rejected,142,264,N,Y=Wrong; N=Right,453,https://voteview.com/rollcall/RH0980453,,3,"Under a federal court order, the American Telephone & Telegraph Co. was broken up on Jan. 1, 1984, into seven regional companies that provide local service. A new AT&T keeps long-distance lines and other operations. The shake-up of the nation's telephone system threatens to double or even triple phone rates for basic residential service. While proposed local rate increases are state regulatory matters that Congress cannot prevent, proposals for nationwide rate increases did come under congressional scrutiny in 1983. These were the proposed ""access charges"" that the pro-business Federal Communications Commission (FCC) sought to allow AT&T to impose for access to long-distance lines. Residential consumers would be hit with extra charges beginning at $2 per month in 1984 and increasing to as much as $10 per month in 1990 - even if the consumer made no long-distance calls. And this would be on top of state-approved rate increases. Most of this money would be soaked up by AT&T as extra profits. The AFL-CIO urged Congress to prohibit the access charge, warning that a combination of rate increases could make basic telephone service unaffordable for many Americans, especially the poor and elderly on fixed incomes. The House passed legislation to ban the access charges, with a key vote coming on an amendment by Rep. Tom Tauke (R-Iowa) which would have merely delayed the charges until a later date. The Tauke amendment was rejected 142-264 on Nov. 10. President Reagan has indicated he opposes legislation to prevent the unfair access charges. For - Wrong. Against - Right.",house_1983.csv,
1983,House,98,1,15,H.R.,4185,HR4185-98,Equal Rights Amendment,passage,1983-11-15,Rejected,278,147,Y,Y=Right; N=Wrong,469,https://voteview.com/rollcall/RH0980469,,3,"The AFL-CIO has long supported the Equal Rights Amendment, which states simply that ""Equality of rights under the law shall not be denied or abridged by the United States or by any State on account of sex."" The American public supports ERA by a 2-to-1 margin, but it has become the target of right-wing extremists. Although ERA passed the Congress in 1972 and was subsequently ratified by 35 states, right-wing efforts were successful in blocking ratification by the three additional state legislatures needed to make it part of the U.S. Constitution by the June 1982 deadline. In 1983, the AFL-CIO joined with women's and civil rights organizations in a new campaign to gain adoption of ERA. Although approved quickly by House committee, the amendment temporarily ran aground during a procedural squabble in the House. By a close 278-147 House vote on Nov. 15, the House failed to approve ERA. This was six votes short of the two-thirds majority needed to pass a Constitutional amendment under the expedited debate procedure backed by ERA proponents. House Floor action on ERA is expected again in 1984. For - Right. Against - Wrong.",house_1983.csv,
1983,House,98,1,16,H.R.,4170,HR4170-98,Tax Fairness I,rule,1983-11-17,Rejected,204,214,Y,Y=Right; N=Wrong,490,https://voteview.com/rollcall/RH0980490,,3,"In 1983, Congress continued its struggle to restore an element of fairness in taxes, after it had approved in 1981 the largest tax giveaway in the nation's history. After extended discussions and maneuvering, the House fashioned a compromise tax bill which would have raised $8 billion in new revenues over three years through a variety of carefully constructed tax reforms. This bill would have closed some of the 1981 Reagan tax loopholes and solved a number of other longstanding problems in the tax code. The bill also contained a prohibition against taxation of employee fringe benefits - a new tax on working people that President Reagan had been pushing. Unfortunately, many of the same representatives who voted for the irresponsible Reagan tax windfalls voted to kill this tax reform bill by defeating the debate rule for consideration of the bill. The rule failed to achieve passage by a 204-214 vote on Nov. 17, thus preventing action on the tax bill. For the rule - Right. Against the rule - Wrong.",house_1983.csv,
1983,House,98,1,10,H.R.,2350,HR2350-98,Job Safety,amendment,1983-11-17,Rejected,186,206,Y,Y=Right; N=Wrong,491,https://voteview.com/rollcall/RH0980491,,3,"The National Institute for Occupational Safety & Health (NIOSH) is the government agency that provides health-related technical information to the Occupational Safety & Health Administration (OSHA) and to the Mine Safety & Health Administration (MSHA). For example, NIOSH recommends acceptable standards on workplace chemicals and tests and certifies protective equipment; OSHA and MSHA then set the standards and enforce them. Early in the Reagan Administration, Congress transferred NIOSH from Washington, D.C., to the Atlanta-based Centers for Disease Control. This was seen as an attempt to undercut NIOSH's mission by placing it at a geographical distance from OSHA and MSHA. In 1983 Rep. John Dingell (D-Mich.) offered an amendment to bring NIOSH under the jurisdiction of the Washington-based National Institutes of Health. The AFL-CIO argued that this would improve the efficiency of NIOSH and urged the House to approve the Dingell amendment. The proposal was defeated 186-206 on Nov. 17. For - Right. Against - Wrong.",house_1983.csv,
1984,House,98,2,1,H.R.,5174,HR5174-98,Corporate Abuse of Bankruptcy Law Threatened to Destroy Worker Benefits,rule,1984-03-21,Adopted,242,166,Y,Y=Right; N=Wrong,541,https://voteview.com/rollcall/RH0980541,,2,"A serious threat to every protection in the union contracts of American workers arose in 1984. Following the example of Continental Airlines, company after company used the bankruptcy law to oust their employees' unions and arbitrarily shred collective bargaining agreements, fire workers, alter work rules, and reduce pay and pension benefits. This union-busting misuse of federal bankruptcy law was sanctioned in February by the U.S. Supreme Court's Bildisco decision. If left intact, this ruling threatened to render worthless the nation's long-standing system of collective bargaining and to undermine union-won benefits like health care, pensions, seniority and work rules. On the day the court handed down its ruling, the AFL-CIO went to work in Congress to reverse it. The AFL-CIO sought legislation to require a company in financial distress first to obtain the permission of a bankruptcy court before it could modify or reject its collective bargaining agreement. Then, if the company was found to be truly in financial distress, it would have to engage in collective bargaining to reduce pay and benefits only to the extent necessary to save the company. In the process, the company would have to open its books to the workers' representatives, and management would have to assume its share of pay and benefit cuts. An overwhelming bipartisan majority in both the House and Senate agreed with labor's position. In the House, the collective bargaining protection provision was included as part of a larger omnibus bankruptcy bill. When the bill reached the House floor, the key vote came on the procedural question of the debate rule under which the bill would be considered by the full House. The rule was limited so as to allow only specific amendments. Conservative Republicans, backed by the U.S. Chamber of Commerce and others in the business lobby, attempted to defeat the debate rule in order to get at the collective bargaining safeguard. Their effort was resoundingly defeated by a 242-166 vote on Mar. 21. Later, Congress approved the bankruptcy bill and it was signed into law. The new law not only nullifies the Supreme Court's Bildisco decision and puts a stop to corporate abuse of federal bankruptcy law, but also safeguards the integrity of union contracts by compelling employers to engage in good-faith bargaining over any contract changes necessary to allow the firm to reorganize to stay in business. For - Right. Against - Wrong.",house_1984.csv,
1984,House,98,2,4,H.R.,1510,HR1510-98,Protecting U.S. Jobs from Illegal Immigration,amendment,1984-06-12,Rejected,166,253,Y,Y=Right; N=Wrong,703,https://voteview.com/rollcall/RH0980703,,2,"The AFL-CIO has long opposed the heavy flow of illegal immigration, which not only undercuts job opportunities for unemployed Americans but undermines U.S. labor standards as well. Illegal aliens, meanwhile, are often the victims of the worst kinds of worker exploitation. To stop the flow of illegal aliens, the primary solution is to remove the lure of employment opportunity, and the only way to accomplish that is to impose tough penalties on employers who hire persons unauthorized to work in the United States. In 1984, the AFL-CIO pushed for enactment in the omnibus immigration bill of tough penalties against employers who knowingly hire illegal aliens. While the original legislation contained such penalties, the bill that emerged from the House Judiciary Committee had been substantially weakened. For example, the committee bill failed to require an employer to check the documentation of those hired unless the employer had been notified previously by the Attorney General that it had hired an undocumented alien in its workforce. This would make it nearly impossible to prove that an employer had ""knowingly"" employed an illegal alien. Further injunctions against employers violating the law were reserved only for special circumstances rather than being a standard remedy for every violation. Finally, the enforcement process itself was so elaborate and time-consuming that a scofflaw employer could stave off any penalty for years. As a result, when the bill came to the House floor the AFL-CIO backed an amendment by Rep. Gus Hawkins (D-Calif.) to remedy several of the shortcomings. The responsibility for checking a worker's identification was clearly made the duty of the employer. Injunctions were made standard in all cases, and a court procedure was established to expedite the enforcement process. The Hawkins proposal went even further by outlawing discrimination in hiring, screening or referring on the basis of a citizen's or legal resident alien's national origin or status. Despite these improvements, the House rejected the Hawkins amendment by a 166-253 vote on June 12. For - Right. Against - Wrong.",house_1984.csv,
1984,House,98,2,7,H.R.,1510,HR1510-98,Setting Labor Standards for Foreign Workers,amendment,1984-06-14,Rejected,164,256,Y,Y=Right; N=Wrong,713,https://voteview.com/rollcall/RH0980713,,3,"Another issue of longstanding concern to the AFL-CIO has been the misuse of the existing ""H-2"" temporary foreign worker program. This program now allows employers to use temporary foreign workers so long as, in the words of the existing law, ""unemployed persons capable of performing such service or labor cannot be found in this country."" While complaints about the program abound, since H-2 is administered by the Dept. of Labor, it has remained relatively small in size and protective of the rights of both domestic workers who have priority for the jobs and those foreign workers whose admission has been authorized. Once again, however, the Judiciary Committee weakened the existing H-2 limitations. The committee bill specifically eliminated the language protecting the pre-emptive employment right of jobless U.S. workers. It also weakened administrative oversight for H-2 by assigning approval of its regulations to the Attorney General with a significant role to be played by the Secretary of Agriculture. During debate Rep. George Miller (D-Calif.) offered an amendment that would have: (1) maintained the H-2 program as is; (2) tightened restrictions by insuring that non-agricultural H-2 workers would be admitted only if there were not enough qualified workers available here to perform the work in question and then only if the employment of these workers would not adversely affect American wages and working conditions; and (3) establish a commission to review the H-2 program. Despite strong labor support for the Miller amendment, the House rejected it by a 164-256 vote on June 14. For - Right. Against - Wrong.",house_1984.csv,
1984,House,98,2,3,H.R.,1510,HR1510-98,Bracero Program - Importing More Foreign Workers,amendment,1984-06-14,Adopted,228,172,N,Y=Wrong; N=Right,714,https://voteview.com/rollcall/RH0980714,,2,"After rejecting amendments to strengthen the immigration bill with respect to limitations on foreign workers, the House turned around and approved an amendment by Rep. Leon Panetta (D-Calif.) to re-establish the discredited ""bracero"" program. This program, which was killed by Congress in 1964, had permitted the importation of hundreds of thousands of foreign agricultural workers who displaced U.S. farm and migrant workers and undercut American working standards. Bracero workers were subjected to some of the worst cases of exploitation in our nation's history. These abuses were recorded in an award-winning expose by the late Edward R. Murrow in the famous television documentary film, ""Harvest of Shame."" Under the Panetta amendment, not only would the bracero program be given new life, but no termination date was set for it. Unlimited numbers of foreign workers would be admitted into the U.S. to do agricultural work. No government determination would be required to certify that there were insufficient domestic workers available to do the work, and few protections would be provided foreign workers coming into the United States. Despite strong opposition by labor, Hispanic, church and public interest groups, the House approved the Panetta amendment by a 228-172 vote on June 14. For - Wrong. Against - Right.",house_1984.csv,
1984,House,98,2,8,H.R.,1510,HR1510-98,Failure to Reform Immigration Laws,passage,1984-06-20,Passed,216,211,N,Y=Wrong; N=Right,724,https://voteview.com/rollcall/RH0980724,date lost to a scan dropout band on p3; 1984-06-20 per Voteview roll 724. Description incomplete for the same reason,3,"Although the AFL-CIO had maintained a strong commitment to support immigration legislation in 1984, the rejection of both the Hawkins and Miller amendments, followed by the adoption of the Panetta bracero amendment, forced the AFL-CIO to oppose the final House version of the immigration bill. Despite this [...] approved by a narrow 216-211 [...] [Against] - Right.",house_1984.csv,
1984,House,98,2,11,H.R.,11,HR11-98,Saving Education Funds from Further Cuts,amendment,1984-07-26,Rejected,169,233,N,Y=Wrong; N=Right,788,https://voteview.com/rollcall/RH0980788,date 1984-07-28 -> 1984-07-26 per Voteview roll 788; no House roll call was cast on 28 July and 169-233 occurs exactly once in the whole 98th House,3,"House conservatives, fearing the political consequences of a near $200 billion Reagan budget deficit, again swung their budgetary meat ax in 1984 at domestic social program spending. High on the target list for right-wing conservatives were federal aid-to-education programs. During debate on legislation reauthorizing 11 educational aid programs designed to help disadvantaged students, Rep. William Goodling (R-Pa.) tried to slash these programs by $700 million. However, the Goodling amendment was rejected by a 169-233 vote on July 28. For - Wrong. Against - Right.",house_1984.csv,
1984,House,98,2,9,H.R.,6028,HR6028-98,[...]ng/Education [...] Cuts,amendment,1984-08-01,Rejected,144,276,N,Y=Wrong; N=Right,796,https://voteview.com/rollcall/RH0980796,"tally printed prevailing-side-first as 276-144; the roll call is 144-276 per Voteview roll 796. Heading incomplete: the left part is lost to a scan dropout band on p3, leaving only '...ng/Education' and 'Cuts'; the p4 roster labels this vote 'Education Cuts I'",3,"Another major Reagan budget blitz occurred when the 1985 appropriations bill providing funding for the Departments of Labor and Health & Human Services came to the House floor. Conservatives led by Rep. Bill Frenzel (R-Minn.) offered an amendment to cut funding for both agencies by $1.5 billion despite the fact that the bill was already $421 million less than 1984 funding levels. With nearly nine million Americans still out of work, the amendment would have cut job training funds by $231 million and funds for the summer youth jobs by $55.4 million. Nearly $950 million would have to be cut from federal aid to education programs while another $300 million in medical research would have been erased by the Frenzel amendment. The House rejected this labor-opposed amendment by an overwhelming 276-144 vote on Aug. 1. For - Wrong. Against - Right.",house_1984.csv,
1984,House,98,2,10,H.R.,5973,HR5973-98,Preserving America's Goal of Energy Independence,amendment,1984-08-02,Adopted,236,177,Y,Y=Right; N=Wrong,806,https://voteview.com/rollcall/RH0980806,,3,"Since the energy crisis of the 1970s, the AFL-CIO has vigorously supported federal policies and legislative remedies aimed at achieving energy independence through prudent energy development, conservation and alternative energy sources. A key element in the development of alternative energy sources includes the enhancement of a viable synthetic fuels program. Synthetic fuels are substitutes for natural gas or petroleum that are made from coal, shale, tar sands and hydrogen from water. The AFL-CIO supported legislation - the Energy Security Act of 1980 - that created the Synthetic Fuels Corporation (SFC). The SFC was established by Congress to oversee a multi-billion dollar investment of federal funds in direct loans, loan guarantees, price guarantees and joint venture programs to encourage the commercialization of synfuels technology. This industry has already created badly needed employment opportunities for jobless American workers. In 1984, during debate on an Interior Dept. appropriations bill, House Republicans led an effort to slash funding for the synfuels program. Rep. Silvio Conte (R-Mass.) proposed an amendment to cut $10 billion from the program. Rep. Bill Ratchford (D-Conn.) countered with a labor-backed compromise to reduce appropriations by only $5 billion. By a 236-177 vote on Aug. 2 the House agreed to the Ratchford amendment and thereby sidetracked the more drastic Conte proposal. For - Right. Against - Wrong.",house_1984.csv,
1984,House,98,2,13,H.R.,5712,HR5712-98,Promoting Democracy Abroad,passage,1984-08-08,Passed,237,181,Y,Y=Right; N=Wrong,813,https://voteview.com/rollcall/RH0980813,day of month lost to scan damage ('Aug. ...'); 1984-08-08 per Voteview roll 813; description: the card sets no full stop after 'application of democracy' or after 'in the Endowment program'; the store had supplied both. Restored 31 Aug 2026 and pinned in audit_1984.CARD_TYPOS,3,"Historically, the AFL-CIO has played an important role in the arena of international affairs. The federation not only maintains direct relations with its counterpart labor centers in free countries around the globe, but is directly involved as well in the advancement of trade unions in the developing nations. Since 1962, the AFL-CIO through its regional institutes has contributed enormous resources to unions in developing nations for training in the leadership techniques, basic economics and the practical application of democracy. These institutes have also been directly involved, at the invitation of foreign trade unions and with the cooperation of the national governments, in other activities including vocational training, worker education and construction of cooperatives, medical clinics and housing. Recognizing the contribution that these activities make to the evolution of democracy abroad, the Congress in 1983 authorized creation of the National Endowment for Democracy. The Endowment is a federally financed, private, non-profit organization whose various activities, such as fostering trade unions in developing countries, are designed to promote democratic institutions. The AFL-CIO, through its Free Trade Union Institute (FTUI), is a participating organization in the Endowment program. In establishing the program, Congress recognized that activities such as advancing trade unions abroad are in the public interest and therefore deserving of public support. In fiscal year 1984, of $18 million appropriated for the Endowment, $11 million went to FTUI for such programs. In 1984, funding for the Endowment came under attack in both the House and Senate. During debate on the Commerce, Justice, State appropriations bill for FY 1985, the House voted to eliminate the entire $31.3 million appropriation for the Endowment. In the Senate, funding was reduced to $21 million (see Senate Vote No. 4). House-Senate conferees later agreed to a compromise level of $18.5 million. When the conference report came back to the House, Rep. Richard Ottinger (D-N.Y.) announced he would again try to knock out all Endowment funds as he had done before. However, he never got his second chance as the House, by a 237-181 vote on Aug. [...] agreed to a procedural motion offered by Rep. Neal Smith (D-Iowa) to accept the final compromise funding level. For - Right. Against - Wrong.",house_1984.csv,
1984,House,98,2,12,H.R.,5640,HR5640-98,Environmental Protection for Workers and Families,amendment,1984-08-09,Adopted,208,200,N,Y=Wrong; N=Right,822,https://voteview.com/rollcall/RH0980822,,3,"In 1980 Congress recognized that abandoned toxic waste dumps are a major environmental and health hazard. In response, Congress created a ""superfund"" - a $1.6 billion, five-year, clean-up plan to be administered by the Environmental Protection Agency (EPA) in cooperation with affected states and local jurisdictions. Unfortunately, the 1980 legislation failed to include a key provision for victim compensation which had been opposed by Senate Republicans. Now, under the Reagan Administration, the ""superfund"" clean-up plan has been slowed to a crawl. A major scandal in 1983 over ""superfund"" mismanagement resulted in massive resignations of the Reagan-appointed EPA hierarchy. In 1984, Congress considered a five-year reauthorization of the ""superfund."" The House version again included a key victim-compensation program. A study commissioned by the original 1980 clean-up law found that legal remedies available in state courts to victims of toxic waste were inadequate. The 1984 bill remedied this by permitting citizens to sue in federal court to gain compensation from companies for injuries caused by hazardous wastes, to force actions to clean up a site if the EPA or the states have not taken such action, or to make EPA carry out the provisions of the superfund law. Once again conservatives led the fight to strike down the victim-compensation provision as they had done in 1980. Despite labor's opposition, the House by a narrow 208-200 vote on Aug. 9 approved an amendment by conservative Rep. Harold Sawyer (R-Mich.) to delete the legal rights provision for toxic waste victims. For - Wrong. Against - Right.",house_1984.csv,
1984,House,98,2,5,H.J.Res.,648,HJRES648-98,Contracting Out of Civil Service Jobs and Public Services,amendment,1984-09-25,Adopted,242,162,Y,Y=Right; N=Wrong,864,https://voteview.com/rollcall/RH0980864,"no date or For/Against marker survives: the closing line is in a scan dropout band on p3. Date 1984-09-25 per Voteview roll 864; position For=Right recovered from the p4 roster totals, which admit exactly one position vector for votes 1-6; description: the card sets 'despite the fact that he program is one of he nation's oldest' - two dropped 't's the store had silently corrected. Restored 31 Aug 2026 and pinned in audit_1984.CARD_TYPOS",2,"Since 1981 federal government employees have been targeted by the Reagan Administration for massive layoffs, arbitrary cuts in pay and reductions in job-related benefits. In 1984 conservatives in Congress found still another way to attack federal workers: the contracting out of traditional public services to the private sector. For government, contracting out can often mean higher costs of services, poorer quality of services, decreased accountability by government officials, and increased corruption within government. For government workers, contracting out is a club to be used against them when they seek better pay, benefits or working conditions. Under the Reagan Administration, contracting out has taken many ridiculous forms including the unsuccessful attempt to turn the U.S. Weather Service into a private, for-profit enterprise. During 1984 the Reagan Administration tried to contract out the administration of 30 Job Corps conservation centers currently managed by the Department of Interior and Agriculture. The Reagan Administration, which views the Job Corps facilities as a commercial activity, tried to turn their operation over to the lowest bidder despite the fact that the program is one of the nation's oldest and most successful federal job training programs. During debate on a continuing appropriations bill, Rep. Pat Williams (D-Mont.) offered an amendment to prevent contracting out of these services. By a lopsided 242-162 vote, the House overrode conservative Republican opposition and approved the Williams safeguard [...]",house_1984.csv,
1984,House,98,2,2,H.R.,6301,HR6301-98,Trade - Saving U.S. Steel Jobs,passage,1984-10-03,Passed,285,134,Y,Y=Right; N=Wrong,884,https://voteview.com/rollcall/RH0980884,,2,"Besides record budget deficits, the Reagan Administration's ""do-nothing"" trade policies bear direct responsibility for a record U.S. trade deficit - projected to be a staggering $125 billion in 1985. This translates into a loss of three million American jobs. Since Reagan took office, the deficit in manufactured goods alone has gone from a $5.3 billion surplus to an $85 billion deficit. While these deficits mounted, the U.S. steel industry continued to be ransacked by foreign imports whose cheaper prices were sustained by a laundry list of unfair trade practices by the exporting countries. Because of this, steel imports captured a record 33 percent of the U.S. market, and steel employment fell to less than 60 percent of 1979 levels. To stop this economic plunder, the U.S. International Trade Commission - the agency charged with investigating unfair trade practices - recommended quotas and tariffs on imports to help the ailing steel industry. But President Reagan refused to implement these remedies and instead announced he would seek to negotiate ""voluntary"" import restraints with exporters. Congress found his response insufficient. On Oct. 3 the House, by an overwhelming 285-134 vote, approved legislation giving the President stronger enforcement powers against unfair steel imports and calling on him to reduce these imports to 17 percent of the U.S. market. For - Right. Against - Wrong.",house_1984.csv,
1984,House,98,2,6,H.R.,6023,HR6023-98,Trade - Restricting Special Import Privileges,amendment,1984-10-03,Rejected,174,233,Y,Y=Right; N=Wrong,886,https://voteview.com/rollcall/RH0980886,no date printed on the scorecard; 1984-10-03 per Voteview roll 886,3,"The Trade Act of 1974 authorized for a period of ten years the Generalized System of Preferences (GSP), which among other features permits the President to exempt from all tariffs certain items imported from developing countries. GSP imports now constitute about $10.8 billion worth of imports per year, or about 4 percent of total U.S. annual imports. In dollar value, however, the vast majority of GSP duty-free products comes from seven nations. The top three countries - Taiwan, South Korea and Hong Kong - account for 52 percent of total GSP imports in dollar value. Clearly, these three nations can no longer be characterized as ""developing"" countries and thus deserving of special access to the U.S. markets at the cost of U.S. workers' jobs. Taiwan, South Korea and Hong Kong now represent the fifth, seventh and ninth largest sources of U.S. imports respectively. As such, they have become major trading countries, exporting more than $26.5 billion worth of goods to the United States alone in 1983. Furthermore, the U.S. trade deficit with these countries alone is expected to reach $19.5 billion by the end of this year. Given their superior trade advantage, the AFL-CIO opposed continuing to give these nations special trade privileges. During debate on a bill to extend GSP for five more years, Rep. Richard Gephardt (D-Mo.) offered an amendment to strike Hong Kong, South Korea and Taiwan from the list of eligible countries. Despite labor's support for the amendment, the House rejected this important fair trade amendment by a 174-233 vote. For - Right. Against - Wrong.",house_1984.csv,
1985,House,99,1,9,H.Con.Res.,152,HCONRES152-99,Battle for the '86 Budget Resolution I,substitute,1985-05-22,Rejected,102,329,N,Y=Wrong; N=Right,117,https://voteview.com/rollcall/RH0990117,date 1985-05-23 -> 1985-05-22 per Voteview roll 117; no 102-329 was cast on 23 May and 102-329 occurs exactly once in the 99th House; bill from the roll call's own Voteview description (H. Con. Res. 152); the bill_number field is empty,3,"As in previous years, the battle of the fiscal year 1986 budget turned into a slugfest between the Democratic-controlled House and the Republican-controlled Senate. With Senate Republicans bowing to President Reagan's demands to slash federal spending drastically, eliminate many popular domestic programs and cut social security benefits, the House countered with a more rational budget-reduction plan to reduce spending by some $56 billion while still protecting most programs, including social security. Rather than eliminate 13 federal programs as the Senate proposed, the House would phase out only revenue sharing. On budget cuts, the House alternative was a more balanced approach which froze spending for most government programs - including the defense budget for which the Senate would have actually allowed a significant increase. When the Democratic budget alternative came to the House floor, conservative Republicans led by Rep. Delbert Latta (R-Ohio) offered a substitute bill that would have increased the Pentagon budget by $42 billion over the next three years, frozen federal workers' pay, eliminated several federal domestic programs and cut several others like social security. By a lopsided 102-329 vote on May 23 the House rejected the Latta substitute. For - Wrong. Against - Right.",house_1985.csv,
1985,House,99,1,12,H.Con.Res.,152,HCONRES152-99,Restoring Fair Corporate Taxes,amendment,1985-05-23,Rejected,142,283,Y,Y=Right; N=Wrong,119,https://voteview.com/rollcall/RH0990119,description: the card sets 'have been forced through higher tax rates to make up the difference'; the store had the Senate half's two commas. Restored 1 Sep 2026 and pinned in audit_1985.CROSSCHAMBER_MARKS; bill from the roll call's own Voteview description (H. Con. Res. 152); the bill_number field is empty,3,"The corporate share of tax revenues to operate the federal government has fallen steadily from 25 percent in 1960 to around 8.5 percent by 1985. As a result individuals - mostly working families - have been forced through higher tax rates to make up the difference. The deepest plunge in tax contributions to the federal government came as a result of the 1981 Reagan tax bill that cut corporate taxes by $170 billion over five years. In 1984, nearly 90,000 corporations paid no taxes at all. In fact, many corporations earning billions of dollars in profits in 1984 not only paid no taxes, but received hundreds of millions of dollars in handouts or in future write-offs from the federal government. During floor deliberations on the federal budget bill to set spending and revenue-raising targets for fiscal 1986, Rep. Mary Rose Oakar (D-Ohio) offered a sense-of-the-House resolution calling on the tax-writing Ways & Means Committee to report out legislation imposing a minimum corporate tax. Her proposal was designed to force the committee to raise $25 billion annually in revenues to be used to cut taxes for individuals or to reduce the record-level federal budget deficit. By a 142-283 vote the House, on May 23, rejected taking even this symbolic step toward tax reform. For - Right. Against - Wrong.",house_1985.csv,
1985,House,99,1,10,H.Con.Res.,152,HCONRES152-99,Battle for the '86 Budget Resolution II,budget resolution,1985-05-23,Passed,258,170,Y,Y=Right; N=Wrong,120,https://voteview.com/rollcall/RH0990120,bill from the roll call's own Voteview description (H. Con. Res. 152); the bill_number field is empty,3,"Following the rejection of the Latta substitute and other substitute bills, the House adopted the Democratic alternative budget by a 258-170 vote on May 23. As a result of this action the House was able to position itself in conference on the budget bill to moderate the drastic federal program reductions contained in the Senate bill, prevent the elimination of 12 beneficial federal programs killed by the Senate, and retain cost-of-living adjustments for social security beneficiaries. For - Right. Against - Wrong.",house_1985.csv,
1985,House,99,1,14,H.R.,1460,HR1460-99,[...] in South Africa,passage,1985-06-05,Passed,295,127,Y,Y=Right; N=Wrong,130,https://voteview.com/rollcall/RH0990130,"heading incomplete: its first line is lost to the trim at the top of p3 column 3, leaving only 'in South Africa'. The Senate's counterpart, record 19, is headed 'Fighting Racism in South Africa', and the p6 roster labels this vote 'Anti-Apartheid'",3,"Since 1958, the AFL-CIO has repeatedly expressed its outrage in Congress, international forums and elsewhere over the South African government's long-standing racist policy of apartheid. Under this system, black South Africans - who represent nearly 75 percent of the nation's population - endure a strictly enforced policy of racial discrimination and segregation that denies them basic human, political, economic and social rights. For trade unionists in South Africa, apartheid can be particularly brutal, denying workers the freedom of association necessary to improve wages and working conditions. In 1985, the AFL-CIO endorsed legislation to impose a series of economic sanctions on South Africa to pressure that government to move toward reform and eventual elimination of apartheid. In the House, labor backed a bill introduced by Rep. Bill Gray (D-Pa.) which would have immediately banned any new commercial bank loans to South Africa and banned the sale of U.S. computers to the South African government. Two other sanctions - preventing U.S. companies from expanding their operations or making new investments in South Africa and prohibiting U.S. citizens from buying South African gold coins (Krugerrands) - would be phased in if the South African government did not move toward significant reform. The House by a 295-127 vote, on June 5, passed the anti-apartheid bill. For - Right. Against - Wrong.",house_1985.csv,
1985,House,99,1,13,H.R.,99,HR99-99,Jobs for Youth - A CCC Model,passage,1985-07-11,Passed,193,191,Y,Y=Right; N=Wrong,205,https://voteview.com/rollcall/RH0990205,,3,"With youth unemployment running at nearly 30 percent, President Reagan in 1984 pocket-vetoed legislation to put jobless youth back to work on government-sponsored conservation projects. In 1985 the Democratic-controlled House resurrected the legislation, which was modeled after the successful Depression-era Civilian Conservation Corps (CCC). The House bill authorized a modest $75 million for three years. By a narrow 193-191 vote, on July 11, the House passed the legislation. The Senate thus far has taken no action on the bill. For - Right. Against - Wrong.",house_1985.csv,
1985,House,99,1,4,H.R.,3036,HR3036-99,Union Members' Political Rights,motion,1985-07-30,Agreed to,233,186,Y,Y=Right; N=Wrong,244,https://voteview.com/rollcall/RH0990244,,2,"In recent years, the Supreme Court has handed down rulings stemming from suits filed by the anti-union National Right to Work Committee which severely limited the expenditure of union dues for certain activities. These activities included such legitimate and vital functions as lobbying, political action, judicial redress and even organizing. In the 99th Congress, conservative Republicans tried to expand the scope of these Supreme Court decisions. During House consideration of a Treasury and Postal appropriations bill, Rep. Thomas Bliley (R-Va.) offered an amendment to force the Federal Elections Commission (FEC) to implement these decisions, even though the FEC does not have the statutory authority to interpret labor law decisions rendered under the Railway Labor Act or a state collective bargaining law or to determine what a union may or may not do with regard to state and local legislative and political activities. For these reasons the House agreed to a procedural motion by Rep. Edward Roybal (D-Calif.) which sidetracked the amendment as being non-germane. The Roybal motion was approved by a 233-186 vote on July 30. For - Right. Against - Wrong.",house_1985.csv,
1985,House,99,1,7,H.R.,3244,HR3244-99,Rescuing a Railroad and Railroad Jobs,amendment,1985-09-11,Rejected,173,245,N,Y=Wrong; N=Right,271,https://voteview.com/rollcall/RH0990271,description: the card sets 'severance pay--while the government'; the Senate half (senate 4) sets a comma and the store had the comma in both. Restored 1 Sep 2026 and pinned in audit_1985.CROSSCHAMBER_MARKS,2,"In 1970, when Congress established Amtrak to be a government-run national railroad passenger system, it recognized that a balanced transportation system was a critical national need - vital to commerce, freedom of movement and national defense. Amtrak now provides an important alternative to congested highways and airports, can carry more people more efficiently in all kinds of weather than any other mode of travel, and lessens America's dependence on the vagaries of the international oil market. Today the Amtrak system carries some 40 million passengers throughout 44 states. The 1985 Reagan budget, however, proposed to eliminate completely all Amtrak subsidies. The elimination of this subsidy would have cost more than 25,000 railroad workers their jobs and wiped out intercity rail passenger service in the United States, with a particularly harsh impact in northeastern states. The proposed layoffs would have carried a federal government price tag of up to $2.1 billion severance pay - while the government would have taken an additional $5.2 billion financial loss in the sale or scrapping of Amtrak equipment. The House Public Works Committee rejected Reagan's proposal to destroy Amtrak and countered with a modest budget cutback of $13.5 million. However, during House debate on a transportation appropriations bill Rep. Bill Richardson (D-N.M.) offered an amendment to further cut Amtrak funding. By a 173-245 vote on Sept. 11, the House rejected the Richardson amendment. For - Wrong. Against - Right.",house_1985.csv,
1985,House,99,1,6,H.R.,2100,HR2100-99,Preserving Maritime Ships and Jobs,amendment,1985-10-03,Rejected,179,245,N,Y=Wrong; N=Right,303,https://voteview.com/rollcall/RH0990303,,2,"By 1985 the U.S. maritime fleet had become a relic of the once formidable force that had played such a key role in winning World War II. The merchant fleet, which had ranked second among global maritime powers in 1950, slid to a dismal 14th position by 1985. During these decades of neglect, thousands of U.S. jobs in seafaring and ship construction were lost to low-wage foreign ""flags of convenience."" The increasingly heavy reliance on foreign flag vessels for shipment of U.S. exports also contributed significantly to the record-level U.S. trade deficit and undermined U.S. security interests by jeopardizing defense sea-lift capabilities necessary to backstop the nation's global concerns. In 1985 one of the few laws designed to assure a strong merchant marine - the 1954 Cargo Preference Act - became the target of agricultural exporters in the 99th Congress. Seeking to maximize profits at the expense of American maritime workers, the agricultural lobby sought to destroy this law, which requires that a minimum of 50 percent of all exports generated by federal programs, such as the ""Food for Peace"" foreign aid program, be carried on U.S. ships. During House debate on farm legislation, farm state conservatives led by Rep. Glenn English (D-Okla.) offered an amendment to exempt agricultural export credit programs from the cargo preference requirements. By a 179-245 vote, the House, on Oct. 3 rejected the English amendment. For - Wrong. Against - Right.",house_1985.csv,
1985,House,99,1,17,H.R.,2100,HR2100-99,Guarding Food Stamps for the Poor,amendment,1985-10-07,Rejected,171,238,N,Y=Wrong; N=Right,306,https://voteview.com/rollcall/RH0990306,,3,"A major supplemental benefit program to help feed the families of long-term jobless workers is the federal food stamp program. Today some 95 percent of food-stamp recipients live below the poverty line while half the food stamp beneficiaries are poor children. Long a target of conservatives, the program has been cut by some $7 billion since 1980, resulting in benefit cutbacks for thousands of beneficiaries while thousands more have lost benefits altogether. In 1985 the House Agriculture Committee reported an omnibus farm bill which included $1 billion more in food-stamp spending than was scheduled to be allocated over three years in order to restore benefits to the poor. House conservatives led by Rep. Bill Emerson (R-Mo.) countered with an amendment to cut $550 million over four years. By a 171-238 vote the House rejected this amendment on Oct. 7. For - Wrong. Against - Right.",house_1985.csv,
1985,House,99,1,8,H.R.,2100,HR2100-99,Sanitation for Farm Workers,amendment,1985-10-08,Rejected,199,227,Y,Y=Right; N=Wrong,313,https://voteview.com/rollcall/RH0990313,,3,"In 1973, farm workers filed suit to force the Dept. of Labor's Occupational Health & Safety Administration (OSHA) to issue a field sanitation standard that would protect them from the physical ailments caused by prolonged job-site exposure to heat, pesticides and bacteria and provide access to decent sanitation facilities. Despite a 1975 U.S. District Court ruling in favor of the farm workers, 10 years later OSHA continues to refuse to promulgate a standard that would provide handwashing and toilet facilities and drinking water for workers in the field. Because of OSHA's continuing refusal to issue a field sanitation standard, Rep. George Miller (D-Calif.) offered an amendment to a 1985 farm bill that would require farms employing 10 or more workers to provide these sanitation facilities in order to be eligible for federal farm subsidies. Despite findings - undisputed even by OSHA - that due to the primitive working conditions, field laborers suffer high rates of infectious, parasitic and toxic diseases, the Miller amendment was rejected by a 199-227 vote on Oct. 8. For - Right. Against - Wrong.",house_1985.csv,
1985,House,99,1,5,H.R.,3008,HR3008-99,Pay Equity for Women,passage,1985-10-09,Passed,259,162,Y,Y=Right; N=Wrong,318,https://voteview.com/rollcall/RH0990318,,2,"Equal pay for work of comparable value is a major issue for the American labor movement. In recent years, labor's concern for pay equity has evidenced itself in legislative and judicial efforts to assure that women workers are not the victims of wage discrimination caused by pay classification plans which fail to compensate them adequately for their level of skills. In the House the AFL-CIO backed legislation sponsored by Rep. Mary Rose Oakar (D-Ohio) to advance the cause of pay equity for women at the federal level by providing for an independent study to determine whether the federal government salary structure undervalued jobs that are filled primarily by women. If a determination were made that pay discrimination existed, the Oakar bill required development of legislative proposals to close the pay gaps. Pay reductions in predominantly male occupations were specifically prohibited. By a 259-162 vote on Oct. 9, the House passed this labor-backed bill. For - Right. Against - Wrong.",house_1985.csv,
1985,House,99,1,1,H.R.,1616,HR1616-99,"Plant Closing Protections for Workers, Communities I",amendment,1985-11-14,Adopted,215,193,N,Y=Wrong; N=Right,372,https://voteview.com/rollcall/RH0990372,,2,"Sudden plant closings have occurred with alarming frequency in this country throughout the past decade, often with no advance notice or community awareness. Between 1979 and 1984, five million workers were permanently displaced from their jobs by abrupt plant closings for which they received no warning. The impact on communities of a plant shutdown has been devastating in economic, social and personal terms. Workers who lose their jobs due to a plant closing are often unable to find reemployment or are forced to work at a fraction of their former wages. Family life is disrupted and mental and physical problems occur within these households. Studies have shown that the suicide rate among displaced workers is almost 30 times the national average. The incidence of heart disease, hypertension and other ailments is also much higher than normal. To ease the pain of plant closings, the AFL-CIO supported legislation that would require employers of 50 workers or more to give three months advance notice before a permanent plant closing. The bill also required an employer to meet with representatives of the workers to discuss possible alternatives to the plant-closing plan. To enforce the new law the Secretary of Labor was: (1) directed to seek injunctive relief within 10 days if presented with reasonable cause to believe that an employer had ordered a plant closing in violation of this Act, (2) given authority to extend the notice period if the employer refused to meet, consult in good faith, or provide relevant information to the workers or their representatives, and (3) empowered to issue protective orders aimed at preventing the disclosure of information that would jeopardize the company's competitive interests. To stop the bill, business groups unleashed a lobbying blitz on Capitol Hill and from back home. When the bill came to the House floor, right-wing Republicans, led by Rep. Steve Bartlett (R-Tex.), mounted the business-backed effort to defeat the legislation. A key vote came on an amendment by Bartlett to strike from the bill the advance consultation provision, which called for discussions between workers' union representatives and companies to seek out possible alternatives to plant closing. The provisions called only for talks and did not mandate a solution. By a 215-193 vote, on Nov. 14, the House approved the Bartlett amendment. For - Wrong. Against - Right.",house_1985.csv,
1985,House,99,1,2,H.R.,1616,HR1616-99,"Plant Closing Protections for Workers, Communities II",passage,1985-11-21,Rejected,203,208,Y,Y=Right; N=Wrong,383,https://voteview.com/rollcall/RH0990383,,2,"The final plant closing bill would still have provided assistance to displaced workers by simply giving them sufficient notification to allow them time to adjust and to find new jobs. Studies had shown that advance notice reduces the period of a worker's unemployment, thus reducing the cost to taxpayers of unemployment insurance and other transfer payments. Communities also gain time to prepare for the ripple effects of a mass layoff. Advance notice can also result in adjustments by workers and communities which make a layoff unnecessary. Thus, at no cost to employers and with significant savings to taxpayers, the plant closing bill was an important step in providing the human decency that American workers deserve, while preserving the right of employers to make necessary business decisions. Despite the enormous hardship and trauma inflicted on workers, their families and their communities because of no-notice plant closings, the House by a 203-208 vote, on Nov. 21, turned its back on America's workers and rejected the plant closing bill. For - Right. Against - Wrong.",house_1985.csv,
1985,House,99,1,3,H.R.,1562,HR1562-99,Saving U.S. Textile and Apparel Jobs,passage,1985-12-03,Passed,255,161,Y,Y=Right; N=Wrong,386,https://voteview.com/rollcall/RH0990386,"bill not named in the roll call; identified as H.R. 1562 from the Senate vote on the same measure (Senate roll 305, 'TO PASS HR 1562, A BILL THAT SETS LIMITS ON THE AMOUNTS OF TEXTILES AND APPAREL THAT MAY BE IMPORTED')",2,"Public outcry over record-level U.S. trade deficits and the loss of American jobs to imports thrust the trade issue to the political center-stage in 1985. Congress responded by moving legislation to deal with an economic sector badly battered by the flood tide of low-wage imports - the textile and apparel industry. Despite trade agreements negotiated in 1974 to provide for orderly growth, textile imports have skyrocketed from 12 percent in the early 1970s to nearly 43 percent of the U.S. market by 1985. As a result, 300,000 jobs have disappeared since 1980. The textile share of the overall record-shattering $150 billion 1984 U.S. trade deficit was $16.2 billion or 13 percent of the total. To better regulate textile imports, the AFL-CIO backed legislation to enforce the trade treaties originally negotiated in 1974. Limits on the rate of increase in exports to this nation would be established with advantages given to smaller, economically developing nations. Contrary to claims by importers that U.S. consumers would face higher prices, exhibits before Congress showed that men's, women's and children's garments cost no more when made in the U.S. The bill, which had strong bipartisan congressional support, was approved by the House by a 255-161 vote on Dec. 3. Despite this wide margin of support, President Reagan vetoed the bill. For - Right. Against - Wrong.",house_1985.csv,
1985,House,99,1,16,H.R.,2817,HR2817-99,Environmental Protection for Workers and Their Families II,amendment,1985-12-10,Adopted,220,206,Y,Y=Right; N=Wrong,406,https://voteview.com/rollcall/RH0990406,,3,"A second controversy regarding the Superfund legislation concerned how funding would be provided to finance the multi-billion dollar cleanup effort. The House Ways & Means Committee had approved a funding formula which included a combination of taxes on polluters, general revenue funding and a value-added tax imposed on all manufactured goods. This excise tax would be levied on the sale of all manufactured goods at each stage of production, with a tax credit provided for those taxes previously paid by other manufacturers early in the production chain. But the bottom line was that the tax would be passed along to consumers. As such, the value-added tax was nothing more than a regressive national sales tax which, unlike the federal income tax system, would impose a levy on all consumers regardless of their ability to pay. During floor consideration of the bill, the AFL-CIO backed an alternative offered by Rep. Thomas Downey (D-N.Y.) which would strike the value-added tax and replace it with a provision to raise an equal amount of money through an increase in taxes on polluters responsible for toxic waste dump sites. By a 220-206 vote on Dec. 10, the House approved the Downey amendment. For - Right. Against - Wrong.",house_1985.csv,
1985,House,99,1,15,H.R.,2817,HR2817-99,Environmental Protection for Workers and Their Families I,amendment,1985-12-10,Rejected,162,261,Y,Y=Right; N=Wrong,407,https://voteview.com/rollcall/RH0990407,,3,"In 1980, Congress recognized that abandoned toxic waste dumps are a major environmental and health hazard. In response, Congress created a ""Superfund"" - a $1.6 billion five-year cleanup plan to be administered by the Environmental Protection Agency (EPA) in cooperation with affected states and local jurisdictions. However, under the Reagan Administration, the Superfund cleanup plan slowed to a crawl as a major scandal over mismanagement resulted in massive resignations within the Reagan-appointed EPA hierarchy. The AFL-CIO strongly supported the Superfund reauthorization legislation that was brought to the House floor. Working with our allies in the environmental community labor felt the legislation made great improvements in both current law and the Senate version of the bill, especially in the areas of adequate funding, mandatory cleanup schedules and standards, community right-to-know, and establishment of a new training function for on-site cleanup workers. One shortcoming of the original 1980 legislation which labor and environmental groups have tried to remedy was the failure to include a victims' compensation program. A study commissioned by the original 1980 cleanup law found that legal remedies available in state courts to victims of toxic wastes were inadequate. During House floor deliberations on a five-year $10 billion reauthorization of the Superfund program, Rep. Barney Frank (D-Mass.) offered a labor-backed amendment to allow victims to sue in federal court those persons responsible for dumping toxic wastes. By a 162-261 vote on Dec. 10, the amendment was rejected. For - Right. Against - Wrong.",house_1985.csv,
1985,House,99,1,11,H.J.Res.,372,HJRES372-99,Gramm-Rudman Budget Amendment,passage,1985-12-11,Passed,271,154,N,Y=Wrong; N=Right,415,https://voteview.com/rollcall/RH0990415,bill from the roll call's own Voteview description (H. J. Res. 372); the bill_number field is empty,3,"Four years of bankrupt Reagan budgetary policies of steep tax cuts for the wealthy and corporations combined with large military funding increases came back to haunt the U.S. government in 1985 in the form of the highest budget deficit - $200 billion - in U.S. history. This dubious achievement - a budget deficit that exceeded the total accumulated deficits of every President from George Washington to Jimmy Carter - continued to take its toll on the economy's international competitiveness, as the huge budget deficit was a major cause of an overvalued dollar that priced U.S. goods out of foreign markets. Although the Administration eventually pushed through many deep program cuts, the deficit crisis worsened because the President refused either to raise taxes or to cut defense spending. Late in the year, when the Senate had to consider a bill to raise the public debt to over $2 trillion, conservatives took advantage of a growing congressional concern over unyielding budget deficits to ram through a balanced budget mandate that will force huge cuts in certain domestic spending programs and the military budget as a way to erase the deficit by fiscal year 1990. The so-called Gramm-Rudman-Hollings balanced budget plan, named after its Senate sponsors, demanded massive multi-billion-dollar annual spending cuts for each of the next five years, threatening to wipe out scores of federal programs. The key vote on the Gramm-Rudman-Hollings amendment in the House came when the conference agreement on the legislation to which it had been attached - a bill to increase the public debt - gained final approval from the House, 271-154, on Dec. 11. For - Wrong. Against - Right.",house_1985.csv,
1986,House,99,2,5,H.R.,1524,HR1524-99,Polygraph Protection - I,substitute,1986-03-12,Rejected,173,241,N,Y=Wrong; N=Right,479,https://voteview.com/rollcall/RH0990479,,2,"Many employers think management has a right to pry into the personal lives of their employees through the indiscriminate use of the lie detector. Although proven unreliable, polygraph tests have been used to interrogate individuals about their union sympathies, political beliefs, lifestyles, financial status and other private matters. A 1983 study by the Congressional Office of Technology Assessment (OTA) estimated that up to 1 million polygraph tests are administered annually. The OTA estimated that 50,000 workers are wrongfully denied employment either because of the polygraph's inaccuracies or because they refuse to submit to the tests. Polygraph abuse was one of the major causes of the ongoing dispute with the Coors Brewing Co. To put an end to this abuse of workers' rights, the AFL-CIO supported bipartisan legislation introduced by Reps. Pat Williams (D-Mont.) and Jack Kemp (R-N.Y.) which would outlaw the use of polygraphs in private-sector workplaces. When the bill came to the House floor, Representatives George Darden (D-Ga.) and C.W. Young (R-Fla.) led efforts to cripple the bill by offering a substitute amendment to allow private employers to use polygraph tests as long as they told employees it was voluntary and followed specific guidelines. Despite a lobbying blitz by big business, the House on Mar. 12 by a vote of 173-241 rejected the substitute amendment. For - Wrong. Against - Right.",house_1986.csv,
1986,House,99,2,6,H.R.,1524,HR1524-99,Polygraph Protection - II,passage,1986-03-12,Passed,236,173,Y,Y=Right; N=Wrong,481,https://voteview.com/rollcall/RH0990481,,2,"Despite the strong opposition of business lobbyists, the House by a 236-173 vote on Mar. 12 approved the Williams-Kemp anti-polygraph bill. For - Right. Against - Wrong.",house_1986.csv,
1986,House,99,2,7,H.R.,281,HR281-99,Construction Industry Contract Protections,passage,1986-04-17,Passed,229,173,Y,Y=Right; N=Wrong,519,https://voteview.com/rollcall/RH0990519,,2,"In 1959, the federal laws governing the rights of workers to join a union and bargain with an employer were amended to recognize the unique nature of work in the construction industry. Congress enacted Section 8(f) of the National Labor Relations Act (NLRA) to allow construction unions to enter into pre-hire agreements with their employers. In return for access to a pool of skilled employees, a construction contractor agrees that work will be performed in accordance with a union contract. In recent years, however, construction industry employers have been engaging in a practice known as ""double-breasting,"" whereby contractors with collective bargaining agreements establish a second, non-union company which is not covered by the contract. The employer then transfers work from its union company to its non-union alter ego, circumventing federal labor law. To stop this deceit the AFL-CIO supported an amendment to the NLRA by Rep. Bill Clay (D-Mo.) to ban double-breasting. On Apr. 17, despite strong opposition from the U.S. Chamber of Commerce, building contractors and other business groups, the House passed the legislation by a 229 to 173 vote. For - Right. Against - Wrong.",house_1986.csv,
1986,House,99,2,2,H.R.,4800,HR4800-99,Trade Law Reform - I,amendment,1986-05-21,Rejected,137,276,N,Y=Wrong; N=Right,559,https://voteview.com/rollcall/RH0990559,,2,"Besides record-level budget deficits, the Reagan Administration's ""do nothing"" trade policies bear direct responsibility for record-level U.S. trade deficits - projected to be approaching a staggering $170 billion for 1986. During the first four years of Reagan's presidency, 11.5 million American workers were displaced, many due to the tidal wave of imports. Because of the mounting trade deficit and the export of American dollars, by early spring of 1986 the United States became a debtor nation for the first time in this century. By summer the U.S. had become the world's largest debtor nation. The House considered trade law reform to help deal with economic realities of today's global marketplace. The trade bill was designed to enforce fair trade by imposing sanctions (quotas, tariffs, etc.) on countries which trade unfairly with the U.S. and have excessive trade surpluses. It would provide quicker relief for U.S. industries damaged by foreign industrial targeting - ""dumping"" - and define the exploitation of labor overseas as an unfair trade practice under U.S. trade law. It would authorize remedial action against countries that subsidize the price of natural resources used in manufacturing exports, and force the opening of foreign markets to U.S. telecommunications products. During House floor debate, Rep. Phil Crane (R-Ill.) attempted to cripple the trade bill through an amendment to strike most of its key provisions. The amendment was defeated on May 21 by a vote of 137-276. For - Wrong. Against - Right.",house_1986.csv,
1986,House,99,2,3,H.R.,4800,HR4800-99,Trade Law Reform - II,passage,1986-05-22,Passed,295,115,Y,Y=Right; N=Wrong,567,https://voteview.com/rollcall/RH0990567,,2,"Following the defeat of the Crane amendment, the House - despite the strong opposition of the Reagan Administration - adopted the AFL-CIO-backed omnibus trade bill by a vote of 295-115 on May 22. For - Right. Against - Wrong.",house_1986.csv,
1986,House,99,2,13,H.R.,1,HR1-99,Low-Income Housing,amendment,1986-06-05,Adopted,223,180,N,Y=Wrong; N=Right,573,https://voteview.com/rollcall/RH0990573,,3,"While Reagan's economic policies are keeping unemployment high and swelling the ranks of the poor, conservatives in Congress continue their assault on the so-called safety net programs to help the poor and disadvantaged. Since the 1960s, federally subsidized housing has been one of the government's key anti-poverty programs. Today, 4 million poor Americans are dependent on public housing programs to provide their shelter. In some areas of the country, even this housing is scarce and new construction is desperately needed to provide shelter for the poor and jobs for the unemployed. Despite this, Rep. Steve Bartlett (R-Tex.) introduced an amendment to a major housing reauthorization bill which would redirect badly needed federal funds for the construction of new housing units into the repair and renovation of existing units. This amendment represented a major shift in government housing policy. Although the AFL-CIO and anti-poverty lobbying groups strongly opposed the Bartlett proposal, it was adopted by a vote of 223-180 on June 5. For - Wrong. Against - Right.",house_1986.csv,
1986,House,99,2,14,H.R.,5161,HR5161-99,Promoting Democracy Abroad,amendment,1986-07-17,Rejected,121,228,N,Y=Wrong; N=Right,647,https://voteview.com/rollcall/RH0990647,,3,"In 1983, Congress authorized the creation of the National Endowment for Democracy (NED) - a federally financed, private, non-profit organization open to public scrutiny, whose activities, such as fostering trade unions in developing countries, are designed to promote the evolution of democratic institutions abroad. The AFL-CIO, which since 1962 has had its own programs of bi-lateral aid to developing trade unions abroad through its own regional institutes, is a primary participant in the Endowment program. During House debate on Endowment funding for fiscal year 1987, Rep. John Conyers (D-Mich.) offered an amendment to wipe out the entire $17.5 million appropriated for NED. By a 121-228 vote on July 17, the House rejected the Conyers amendment. For - Wrong. Against - Right.",house_1986.csv,
1986,House,99,2,9,H.R.,5205,HR5205-99,Rescuing a Railroad and Railroad Jobs,amendment,1986-07-30,Rejected,169,248,N,Y=Wrong; N=Right,680,https://voteview.com/rollcall/RH0990680,,3,"In 1970, when Congress established Amtrak to be a government-run national railroad passenger system, it recognized that a balanced transportation system was a critical national need. Today the Amtrak system carries some 40 million passengers throughout 44 states, serving more than 500 communities. However, since 1981 the Reagan Administration has tried to eliminate all Amtrak subsidies. This would have wiped out more than 25,000 railroad jobs and eradicated intercity rail passenger service, with a particularly harsh impact in northeastern states. Such layoffs would have carried a price tag for the taxpayer of up to $2.1 billion in federal severance pay, with an additional $5.2 billion loss in the sale or scrapping of Amtrak equipment. The House has successfully resisted the elimination of Amtrak, but the Administration has succeeded in slashing more than $160 million from its funding. In 1986, the House Public Works Committee again rejected Reagan's attempt to destroy Amtrak and countered with a modest budget cutback of $3 million (far less than the 1985 cut of $13.5 million). During House debate on a transportation appropriations bill, Rep. Hank Brown (R-Colo.) offered an amendment to slash Amtrak funding by another $22.3 million. By a 169-248 vote on July 30, the House rejected the Brown amendment. For - Wrong. Against - Right.",house_1986.csv,
1986,House,99,2,10,H.R.,5205,HR5205-99,PATCO,amendment,1986-07-30,Rejected,193,226,Y,Y=Right; N=Wrong,682,https://voteview.com/rollcall/RH0990682,,3,"Five years ago, the Professional Air Traffic Controllers Organization (PATCO) went on strike to improve its wage standards and protest harsh working conditions which posed a safety hazard to the public. President Reagan responded by firing the 11,000 striking PATCO members and making their re-employment by the Federal Aviation Administration (FAA) nearly impossible. As a result, today's work force is small and inexperienced and unable to meet the ever-increasing demands of managing air travel in the nation's skies. For 1986 alone the FAA hired only 30 new controllers - far behind its goal of 482. After a year of record airline crashes in 1985, the House responded to the growing crisis in air safety by including a provision in the Dept. of Transportation appropriations to allow PATCO members to be rehired. Fearing that the FAA would fail to begin the needed rehirings voluntarily, Rep. Guy Molinari (R-N.Y.) offered a labor-backed amendment which directed the FAA to rehire 1,000 of the PATCO strikers in 1986-87. On July 30, this amendment to improve air travel safety was defeated by a vote of 193-226. For - Right. Against - Wrong.",house_1986.csv,
1986,House,99,2,12,H.R.,5233,HR5233-99,"Health, Education and Labor Funding",amendment,1986-07-31,Rejected,164,253,N,Y=Wrong; N=Right,688,https://voteview.com/rollcall/RH0990688,,3,"House Republicans, fearing the 1986 election-year political consequences of a staggering budget deficit, swung their budgetary meat ax at the appropriations bill providing funding for the Departments of Education, Labor, and Health & Human Services. Conservatives, led by Rep. Bob Michel (R-Ill.), offered an amendment to cut funding for the three agencies by a whopping $1.6 billion. With nearly 9 million Americans still out of work, the amendment would have cut job-training monies, along with funds for education programs for handicapped children, and erased $735 million from medical research. The House rejected this labor-opposed amendment by a 164-253 vote on July 31. For - Wrong. Against - Right.",house_1986.csv,
1986,House,99,2,4,H.R.,4428,HR4428-99,Buy American,amendment,1986-08-05,Adopted,241,163,Y,Y=Right; N=Wrong,698,https://voteview.com/rollcall/RH0990698,,2,"With the nation's security at risk if the needs of the military cannot be met domestically, the AFL-CIO supported an amendment to the House defense authorization bill to require the armed forces to buy American-made goods. The ""Buy American"" amendment, sponsored by Rep. James Traficant (D-Ohio), insists that the Pentagon buy U.S. products if the price is not more than 5 percent higher than competing foreign products. The House approved the amendment by a vote of 241-163 on Aug. 5. For - Right. Against - Wrong.",house_1986.csv,
1986,House,99,2,1,H.R.,1562,HR1562-99,Textile and Apparel Import Limits,veto override,1986-08-06,Rejected,276,149,Y,Y=Right; N=Wrong,704,https://voteview.com/rollcall/RH0990704,,2,"During the 99th Congress the public outcry over record-level U.S. trade deficits and the loss of American jobs to imports thrust the trade issue onto the political center-stage. Congress responded by passing legislation in 1985 to deal with an economic sector badly battered by the flood of low-wage imports - the textile and apparel industry. Despite 1974 international trade agreements to provide for the orderly growth of textile and apparel imports, these imports mushroomed from 12 percent of the U.S. market in the early 1970s to 43 percent by 1985. The result: 300,000 jobless American textile workers. The textile trade bill would have forced compliance with existing trade agreements for textiles, while also providing relief for the import-stricken shoe and copper industries. President Reagan vetoed the bill late in 1985. An override vote was scheduled for 1986. During the first six months of 1986, the crisis in textiles and apparel worsened. Imports grew to control over 50 percent of the U.S. market and an additional 88,000 workers joined the ranks of the unemployed. On Aug. 6, the House attempted to override the President's veto of the textile bill. The 276-149 tally fell just eight votes short of the necessary two-thirds majority needed to override. For - Right. Against - Wrong.",house_1986.csv,
1986,House,99,2,11,H.R.,5294,HR5294-99,Union Members' Rights,motion,1986-08-06,Agreed to,249,168,Y,Y=Right; N=Wrong,708,https://voteview.com/rollcall/RH0990708,,3,"In recent years, the Supreme Court has handed down labor law rulings (stemming from lawsuits filed by the anti-union National Right to Work Committee) which severely limit the expenditure of union dues for certain activities. These activities include such legitimate functions as lobbying, political action, judicial redress and organizing. In 1986, conservative Republicans tried to expand the scope of these Supreme Court decisions. During House consideration of a Treasury and Postal appropriations bill, Rep. William Cobey (R-N.C.) offered an amendment to force the Federal Elections Commission (FEC) to implement these Supreme Court decisions. Cobey's proposal ignored the fact that the FEC does not have the authority to interpret labor law decisions rendered under the Railway Labor Act or a state collective bargaining law, nor does it have the authority to determine what a union may or may not do with regard to state and local legislative and political activities. For these reasons the House agreed to a procedural motion by Rep. Edward Roybal (D-Calif.) which sidetracked the amendment as being non-germane. The Roybal motion was approved by a 249-168 vote on Aug. 6. For - Right. Against - Wrong.",house_1986.csv,
1986,House,99,2,8,H.R.,4428,HR4428-99,Protecting Fair Wages for Construction Workers,substitute,1986-08-15,Rejected,167,244,N,Y=Wrong; N=Right,763,https://voteview.com/rollcall/RH0990763,,2,"The 1931 Davis-Bacon Act insures that workers on federally financed construction projects will be paid at wage rates that prevail in their area of the country. For over 50 years this law has assured that contractors who uphold community labor standards have a fair chance to compete for government projects without being underbid by firms using cut-rate labor. It has also protected the government and taxpayers from fly-by-night operators seeking to win federal contracts by paying wages too low to attract competent craftsmen. During debate on a Defense Dept. authorization bill, Rep. William Dickinson (R-Ala.) offered an amendment to exempt 80 percent of military construction contracts from the fair-wage standards of the Davis-Bacon law by raising the $2,000 contract threshold to $250,000. By a 167-244 vote on Aug. 15, the House rejected the Dickinson amendment. For - Wrong. Against - Right.",house_1986.csv,
1987,House,100,1,4,H.R.,2,HR2-100,Jobs,veto override,1987-03-31,Passed,350,73,Y,Y=Right; N=Wrong,37,https://voteview.com/rollcall/RH1000037,,4,"The first major legislative confrontation between the 100th Congress and President Reagan came early on jobs legislation. With the nation's transportation infrastructure decaying, its roads and bridges deteriorating, Reagan vetoed an $88-billion highway/mass-transit funding bill. With 700,000 construction jobs hanging in the balance, the House, in a major setback for President Reagan, voted by a lopsided 350-73 margin on Mar. 31 to override the veto as scores of Republican representatives deserted Reagan and joined the override effort. The Senate also overrode the President's veto. For - Right. Against - Wrong.",house_1987.csv,
1987,House,100,1,1,H.R.,3,HR3-100,Trade I,amendment,1987-04-29,Adopted,218,214,Y,Y=Right; N=Wrong,68,https://voteview.com/rollcall/RH1000068,,3,"In 1987, America's economic woes were exacerbated by the effects of the record $170-billion 1986 trade deficit. With thousands of plants being padlocked, surrounding communities devastated and millions of jobs lost, the 100th Congress began to come to grips with legislative remedies necessary to restore fair trade as the guiding principal in international commerce. But the long wait for trade legislation cost the United States its pre-eminent economic role in the free world as, for the first time since 1914, our country became a debtor nation, forced to borrow funds from abroad to pay its bills. In 1986 alone, the United States borrowed $256 billion, with economists projecting that this figure would reach $1 trillion by 1990. Early in 1987, trade reform legislation was reported out of the House Ways & Means Committee. Designed to combat unfair trade practices and restore trade balance, the legislation, however, failed to include specific language providing specific goals, methods and timetables for reducing the trade deficit. When the bill came to the House floor Rep. Richard Gephardt (D-Mo.), the lead sponsor of the bill, offered a key labor-backed amendment to restore the original enforcement mechanism. His amendment would require the International Trade Commission to determine which of our major trading ""partners"" had excessive trade surpluses and if unfair trade practices contributed to that advantage. If both conditions existed, the President would have eight months to negotiate or eliminate unfair trade practices. Failure to achieve one of these goals would require the President to take action to reduce the deficit with the offending countries by 10 percent a year starting in 1989. Despite strong Administration opposition, the House approved the Gephardt amendment by a narrow 218-214 vote on Apr. 29. The trade bill was later approved by the House and sent to the Senate. For - Right. Against - Wrong.",house_1987.csv,
1987,House,100,1,14,H.R.,4,HR4-100,Low-Income Housing,substitute,1987-06-10,Rejected,179,246,N,Y=Wrong; N=Right,163,https://voteview.com/rollcall/RH1000163,,7,"Reagan era economic policies have helped swell the ranks of the poor, as real wages have dropped and unemployment has remained at high levels. Despite this, conservatives in Congress continued their assault in 1987 on the so-called safety net programs to help the poor and disadvantaged. Since the 1960s, federally subsidized housing has been one of the government's key anti-poverty programs. Today, four million poor Americans are dependent on public housing programs to provide their only place of shelter. In some areas of the country, even this housing is scarce, and new construction is desperately needed to provide shelter for the poor and jobs for the unemployed. During debate on a $16-billion housing reauthorization bill, Rep. Chalmers Wylie (R-Ohio) introduced an amendment to slash $1.7 billion in federal housing assistance. His amendment also would have redirected badly needed federal funds for the construction of new housing units into the repair and renovation of existing units - a major shift in government housing policy. Lobbying by the AFL-CIO and anti-poverty groups opposed to the Wylie proposal resulted in its defeat by a vote of 179-246 on June 10. Final congressional action on the housing bill remained stalled at the end of 1987. For - Wrong. Against - Right.",house_1987.csv,
1987,House,100,1,9,H.R.,4,HR4-100,Collective Bargaining Rights,amendment,1987-06-10,Rejected,176,249,N,Y=Wrong; N=Right,164,https://voteview.com/rollcall/RH1000164,,5,"After seven years without any new legislation to address the growing housing crisis, both the House and the Senate adopted new Housing Authorization bills in 1987. One important provision of the House bill protected existing collective bargaining rights for affected housing authority workers. The legislation stipulated that resident management corporations for public housing units must abide by pre-existing collective bargaining agreements with public housing employees. On June 10, anti-worker conservatives led by Rep. Steve Bartlett (R-Tex.) introduced an amendment to strike this important collective bargaining protection from the bill. This attack on trade union rights was defeated by a vote of 176 to 249. For - Wrong. Against - Right.",house_1987.csv,
1987,House,100,1,5,H.R.,281,HR281-100,Construction Industry Contract Protections,passage,1987-06-17,Passed,227,197,Y,Y=Right; N=Wrong,184,https://voteview.com/rollcall/RH1000184,,4,"In 1959, the federal laws governing the rights of workers to join a union and bargain with an employer were amended to recognize the unique nature of work in the construction industry. Congress enacted Section 8(f) of the National Labor Relations Act (NLRA) to allow construction unions to enter into pre-hire agreements with their employers. In return for access to a pool of skilled employees, a construction contractor agrees that work will be performed in accordance with a union contract. In recent years, however, construction industry employers have been engaging in a practice known as ""double-breasting,"" whereby contractors with collective bargaining agreements establish a second, non-union company which is not covered by the contract. The employer then transfers work from its union company to its non-union alter ego, circumventing federal labor law. To stop this double dealing, the AFL-CIO supported an amendment to the NLRA by Rep. William Clay (D-Mo.) to ban double-breasting. On June 17, despite strong opposition from the Chamber of Commerce, building contractors and other business groups, the House passed the legislation by a 227 to 197 vote. For - Right. Against - Wrong.",house_1987.csv,
1987,House,100,1,12,H.R.,2890,HR2890-100,Railroad Jobs,amendment,1987-07-13,Rejected,171,221,N,Y=Wrong; N=Right,247,https://voteview.com/rollcall/RH1000247,,6,"In 1970, when Congress established AMTRAK to be a government-run national railroad passenger system, it recognized that a balanced transportation system was a critical national need. Today the AMTRAK system carries some 40 million passengers throughout 44 states, serving over 500 communities. Since 1981 the Reagan Administration has tried to wipe out all AMTRAK subsidies, and with them, more than 25,000 railroad jobs, while eradicating intercity rail passenger service, with a particularly harsh impact in northeastern states. Such layoffs would have carried a price tag for the taxpayer of up to $2.1 billion in federal severance pay, with an additional $5.2 billion loss in the sale or scrapping of AMTRAK equipment. The House has successfully resisted the elimination of AMTRAK, but the Administration has succeeded in slashing more than $160 million from its funding in recent years. During 1987 House debate on a transportation appropriations bill, Rep. Alex McMillan (R-N.C.) offered an amendment to slash AMTRAK funding by another $20 million, thereby freezing AMTRAK funding at 1986 levels. By a 171-221 vote on July 13, the House rejected the McMillan amendment. For - Wrong. Against - Right.",house_1987.csv,
1987,House,100,1,13,H.R.,2470,HR2470-100,Retiree Health Care,substitute,1987-07-22,Rejected,190,242,N,Y=Wrong; N=Right,264,https://voteview.com/rollcall/RH1000264,,6,"The AFL-CIO has long supported legislation to give the elderly of this country relief from overwhelming medical costs incurred due to acute or chronic illness. Often such costs can financially ruin elderly citizens on fixed incomes because such expenses exceed the maximum limits of Medicare. In 1987 the House passed legislation to provide protection against acute, short-term medical costs for the nation's 31 million Medicare beneficiaries. Under the bill, Medicare beneficiaries would be liable only for a total of about $1,800 in direct costs for covered hospital and physician costs, outpatient charges and skilled nursing home care. The bill also provides for a prescription drug benefit, a respite care program and improved medical coverage for poor Medicare beneficiaries. During debate on the bill, Rep. Robert Michel (R-Ill.) offered a substitute bill that would have slashed coverage and benefits. By a 190-242 vote on July 22, the Michel substitute was rejected. The House later passed the bill. Similar legislation has also been approved by the Senate. For - Wrong. Against - Right.",house_1987.csv,
1987,House,100,1,3,H.R.,1154,HR1154-100,Trade III,passage,1987-09-16,Passed,263,156,Y,Y=Right; N=Wrong,302,https://voteview.com/rollcall/RH1000302,,3,"During the 100th Congress the continued public outcry over record-level U.S. trade deficits and the loss of American jobs to imports kept the trade issue at political center stage. The House responded by passing specific legislation to deal with an economic sector badly battered by the flood of low-wage imports - the textile and apparel industry. Despite 1974 international trade agreements to provide for the orderly growth of textile and apparel imports, these imports mushroomed from 12 percent of the U.S. market in the early 1970s to nearly 50 percent by 1987. The result: over 300,000 jobless American textile workers. The bill would force compliance with existing trade agreements for textiles, while also providing relief for the import-stricken shoe industry. President Reagan vetoed similar legislation late in 1985. Under the 1987 version, imports of 185 categories of textiles and apparel would be limited to a 1-percent annual increase, based on 1986 levels, and imports on 15 categories of shoes would be frozen at 1986 levels. Despite continuing Reagan Administration opposition and a lobbying blitz by retail associations, the House passed the textile bill on Sept. 16 by a 263-156 vote. Senate action is expected in 1988. For - Right. Against - Wrong.",house_1987.csv,
1987,House,100,1,15,H.R.,442,HR442-100,Civil Rights Reparations,passage,1987-09-17,Passed,243,141,Y,Y=Right; N=Wrong,304,https://voteview.com/rollcall/RH1000304,,7,"One of the many tragedies of World War II was the internment of Japanese-Americans in West Coast detention camps. In all, some 120,000 persons - 80 percent of whom were native-born U.S. citizens - were forced from their homes, often at gunpoint, and permitted to take with them only what they could carry. Most of these Japanese-American citizens lost their homes, businesses, farms and all of their personal property. Many spent years at ""relocation centers"" - bleak camps surrounded by barbed wire in desolated areas of the West. War fever and the fear of anti-U.S. activities by Japanese-Americans were responsible for this massive violation of civil rights. In 1980, Congress established the Commission on Wartime Relocation and Internment of Civilians to study the internment episode. The commission concluded that ""a grave injustice was done to American citizens and resident aliens of Japanese ancestry who, without individual review or any probative evidence against them, were excluded, removed and detained by the U.S. during World War II."" The commission report went on to find that ""race prejudice, war hysteria and a failure of political leadership"" were responsible for the internment of these citizens. In 1987, the AFL-CIO backed legislation to provide $1.25 billion in reparations to the 62,000 survivors to compensate them for the losses and to offer a national apology to the thousands of Japanese-Americans victimized by wartime internment. After turning aside conservative, Republican-led attempts to delete the reparations funding, the House passed the legislation by a 243-141 vote on Sept. 17. For - Right. Against - Wrong.",house_1987.csv,
1987,House,100,1,6,H.R.,106,HR106-100,Job Safety,substitute,1987-10-14,Rejected,191,234,N,Y=Wrong; N=Right,336,https://voteview.com/rollcall/RH1000336,"date not printed by the scorecard; supplied as 1987-10-14 from Voteview roll 336, the only 1987 roll call on H.R. 106 and a 191-234 substitute exactly as printed",4,"Thousands of toxic substances and physical agents are in wide industrial and commercial use in the United States. As a result, approximately 11 million workers are exposed to known carcinogens. About 100,000 workers die and 240,000 more are disabled each year from the occupational diseases caused by these exposures. In response to this growing crisis, the AFL-CIO endorsed legislation in 1987 to promote early detection and prevention of occupational diseases. This legislation, the first occupational safety and health initiative in years, would establish a system to provide notification, information and medical monitoring to high-risk workers. The bill would establish a federal Risk Assessment Board in the Dept. of Health and Human Services to identify and notify individual workers in danger of contracting occupationally induced diseases and to counsel them appropriately on medical surveillance procedures. During debate on the bill, Rep. James Jeffords (R-Vt.) introduced an amendment to effectively kill the labor-backed bill by substituting a two-year study on the need for an occupational disease risk-notification program and mandating more stringent enforcement of existing occupational safety laws. Despite strong support from the Chamber of Commerce, the Jeffords amendment was defeated by a vote of 191 to 234. The House later passed the High Risk Notification bill and sent it to the Senate. For - Wrong. Against - Right.",house_1987.csv,
1987,House,100,1,7,H.R.,1212,HR1212-100,Polygraph Protection I,amendment,1987-11-04,Adopted,210,209,N,Y=Wrong; N=Right,388,https://voteview.com/rollcall/RH1000388,,5,"The use of polygraphs and other so-called lie detectors has reached shocking levels in America's workplaces. Workers in the private sector are subjected to more than two million ""lie detector"" tests every year, four times the number given just ten years ago. According to estimates, at least 200,000 Americans lose jobs or are denied their employment opportunities solely because of inaccurate ""lie detector"" tests. Because of the continuing widespread abuse of polygraphs and their lack of reliability, 22 states have limited or outlawed polygraph examinations in the workplace. But a state-by-state approach to banning these devices would take years to accomplish. Thus, a uniform federal prohibition is needed. To put an end to this abuse of workers' rights, the AFL-CIO supported bipartisan legislation introduced by Reps. Pat Williams (D-Mont.) and James Jeffords (R-Vt.) which outlawed the use of polygraphs in private-sector workplaces. When the bill came to the House floor, opponents of the legislation, led by Rep. Marge Roukema (R-N.J.), lined up a series of industry exemption amendments. Since labor and other groups backed an all-out ban on polygraphs because they do not work, supporters of the exemption amendments, in essence, viewed lie detectors as effective employment screening devices. Roukema's first amendment would have exempted certain security guards. Despite strong labor lobbying against the amendment, it passed by a narrow 210 to 209 vote on Nov. 4. Of the other exemption amendments, only one passed as the House approved the anti-polygraph bill. For - Wrong. Against - Right.",house_1987.csv,
1987,House,100,1,8,H.R.,1212,HR1212-100,Polygraph Protection II,substitute,1987-11-04,Rejected,169,242,N,Y=Wrong; N=Right,393,https://voteview.com/rollcall/RH1000393,,5,"In a second assault on the anti-polygraph bill, Rep. Bill Young (R-Fla.), backed by Rep. Buddy Darden (D-Ga.), offered a substitute amendment to allow private employers to use polygraph tests as long as they told employees it was voluntary and followed specific guidelines. By setting guidelines for administering polygraph tests, those supporting the Young amendment were, in effect, giving legitimacy to the accuracy and use of lie detectors. Despite a lobbying blitz by the Chamber of Commerce, the House on Nov. 4 rejected the Young substitute amendment by a vote of 169-242. For - Wrong. Against - Right.",house_1987.csv,
1987,House,100,1,2,H.R.,426,HR426-100,Trade II,motion,1987-11-10,Rejected,175,239,N,Y=Wrong; N=Right,406,https://voteview.com/rollcall/RH1000406,date 1987-11-14 -> 1987-11-10 per Voteview roll 406; 175-239 occurs once in the 1987 House and roll 406 is the only motion to instruct the trade conferees,3,By the fall of 1987 the House and Senate were in conference on their respective versions of the trade legislation. House Republicans opposed to the Gephardt amendment tried to pull an end run on the House floor under the leadership of Republican Majority Leader Bob Michel (R-Ill.). Michel offered a motion to instruct House conferees on the trade bill to drop their support for inclusion of the Gephardt amendment in the final trade legislation. Michel's motion failed by a 175-239 vote on Nov. 14. For - Wrong. Against - Right.,house_1987.csv,
1987,House,100,1,10,H.R.,3400,HR3400-100,Hatch Act Reform,passage,1987-11-17,Passed,305,112,Y,Y=Right; N=Wrong,414,https://voteview.com/rollcall/RH1000414,"date 1987-11-11 -> 1987-11-17 per Voteview roll 414; 305-112 occurs exactly once in the 100th House, on the suspension vote passing H.R. 3400, Federal Employees' Political Activities",6,"Since 1939, the Hatch Act has disenfranchised 2.8 million federal and D.C. government employees from participating fully in partisan political activities. These employees are barred, for example, from working phone banks, handing out leaflets, running for convention delegate, publicly endorsing candidates, putting up yard signs and other activities. The original rationale for the Hatch Act of 1939 was to prevent political appointees from coercing employees into partisan campaign work. Today, however, these government employees are protected from such coercion by their unions, new laws and agencies in the federal government that did not exist in 1939. Legislation to restore basic and fundamental political rights to these American citizens was introduced in 1987 by Rep. William Clay (D-Mo.). The Hatch Act reform bill would allow federal employees the right to engage in partisan political activities away from the job site, while strengthening the existing protection against political coercion by supervisors. Despite Reagan Administration opposition and with strong bipartisan support, the House agreed to a motion by Rep. Pat Schroeder (D-Colo.) to suspend the rules and passed the bill by a 305-112 vote on Nov. 11. The Hatch Act reform bill is now awaiting action in the Senate. For - Right. Against - Wrong.",house_1987.csv,
1987,House,100,1,11,H.R.,3100,HR3100-100,Cargo Preference,amendment,1987-11-19,Adopted,225,192,N,Y=Wrong; N=Right,420,https://voteview.com/rollcall/RH1000420,,6,"U.S. economic aid to developing countries has increasingly shifted away from shipments of American products to the direct exchange of foreign aid funds. As a result, agricultural, manufacturing and maritime workers no longer derive the benefits they once did from taxpayer-financed foreign aid subsidies. During debate on a foreign aid bill, Rep. Robert Torricelli (D-N.J.) introduced an amendment to encourage the President to provide aid whenever possible in the form of commodities rather than cash transfers. His amendment also required that all products and commodities purchased with U.S. aid be bought from the United States unless bought locally and that 50 percent of U.S. commodities be transported by American ships. Farm state Republicans, long opposed to such cargo preference protections, countered with an amendment by Rep. Virginia Smith (R-Neb.) to exempt the major category of goods shipped - agricultural products - from the Torricelli cargo preference provision. Despite labor opposition, the Smith amendment was approved 225-192 on Nov. 19. For - Wrong. Against - Right.",house_1987.csv,
1987,House,100,1,16,H.R.,1720,HR1720-100,Welfare Reform,rule,1987-12-15,Adopted,213,206,Y,Y=Right; N=Wrong,460,https://voteview.com/rollcall/RH1000460,,7,"In 1987 the AFL-CIO supported H.R. 1720, the Family Welfare Reform Act of 1987, which would establish a comprehensive program of education and training, child care and medical care subsidies and benefit improvements to enhance the income and economic independence of the nation's welfare recipients and their families. Among the key labor-backed provisions in the bill are requirements that the states offer an education program to participants without a high school diploma, limit the time welfare recipients may be required to participate in a workfare program, require that welfare recipients be paid for workfare jobs at the current wage scale or minimum wage, whichever is higher, and prohibit the displacement of regular workers by workfare employees. The key vote on the welfare reform bill came on the rule under which the bill would be considered by the full House. The rule was limited to allow only specific amendments and thereby forestall conservative efforts to slash funding even further or weaken federal standards safeguarding labor protections regarding workfare employees. By a 213-206 vote the rule was approved on Dec. 15, and the bill was later passed by the House. For - Right. Against - Wrong.",house_1987.csv,
1988,House,100,2,11,S.,557,S557-100,Civil Rights,veto override,1988-03-22,Passed,292,133,Y,Y=Right; N=Wrong,527,https://voteview.com/rollcall/RH1000527,,6,"In 1984, a U.S. Supreme Court decision threatened 20 years of federal civil rights law. In a case involving Grove City College in Pennsylvania, the Court ruled that an educational institution could still receive federal funds even though one of its departments or other activities engaged in discrimination. The Court's Grove City decision drastically narrowed the protection provided by Title IX of the Education Amendments of 1972. Since the three other federal laws that prohibit discrimination by recipients of federal funds use the same terminology, the Justice Department immediately announced that it would apply the Grove City decision to weaken the enforcement of those laws. In passing these civil rights laws, Congress intended that the entire agency or institution receiving the federal dollars be deterred from discrimination, not simply the program or activity receiving the federal funds. The Grove City ruling made congressional action necessary to restore to the four civil rights laws their original meaning. In 1984, conservative opposition in the Republican-controlled Senate blocked passage; in 1985-86, conservatives in the House succeeded in loading onto the bill controversial, non-germane amendments which prevented final House action. Finally, in 1988, Congress passed the Civil Rights Restoration Act - only to have it vetoed by President Reagan. In the showdown with the Reagan Administration over whether or not this nation would continue its commitment to civil rights, Congress reaffirmed its intent, overriding the veto with a House vote of 292-133 on March 22. For - Right. Against - Wrong.",house_1988.csv,
1988,House,100,2,9,H.R.,3396,HR3396-100,PATCO,passage,1988-03-30,Passed,234,180,Y,Y=Right; N=Wrong,534,https://voteview.com/rollcall/RH1000534,,5,"Five years ago, the Professional Air Traffic Controllers Organization (PATCO) went on strike to protest working conditions which posed a safety hazard to the public. President Reagan responded by firing the 11,000 striking PATCO members and making their re-employment by the Federal Aviation Administration (FAA) nearly impossible. As a result, today's federal air traffic control workforce is too small to meet the ever-increasing demands of managing air travel in the nation's skies. For example, in 1986 the FAA hired only 30 new controllers - far below its goal of 482. With growing public concern over airline safety, members of Congress renewed efforts to force the Department of Transportation to rehire fired PATCO workers. Fearing that the FAA would fail to begin the needed rehirings voluntarily, Representatives Guy Molinari (R-N.Y.) and Frank Annunzio (D-Ill.) sponsored a labor-backed bill directing the FAA to rehire 1,000 of PATCO strikers in 1988-89. By a 234-180 vote on March 30, the legislation was approved. For - Right. Against - Wrong.",house_1988.csv,
1988,House,100,2,1,H.R.,3,HR3-100,Plant Closing Protections I,motion to recommit,1988-04-21,Rejected,167,253,N,Y=Wrong; N=Right,550,https://voteview.com/rollcall/RH1000550,,3,"Over the last decade, no-notice plant closings in this country have occurred with alarming frequency. Each year over two million American workers lose their jobs in shutdowns and permanent layoffs. These economic catastrophes affect not only large industrial cities but small towns and rural areas. Every economic region and economic section has been hit; even the highly touted computer and service sectors have been plagued by plant shutdowns and lost jobs. In 1987, a plant closing amendment was added to the Senate version of the House-passed trade bill, thanks to the hard work of Senators Howard Metzenbaum (D-Ohio) and Ted Kennedy (D-Mass.). The plant closing section provided workers at job sites of 100 or more employees with 60-day advance notice of a permanent plant closing. The amendment also established a unit in the U.S. Department of Labor to oversee federal and state programs assisting the re-employment of dislocated workers. Nearly $1 billion was authorized, primarily for state delivery of training, education, job-search assistance and other services to help displaced workers. As the House prepared to vote on the final conference report on the trade bill, President Reagan threatened to veto the entire package if the plant closing provision remained. During House consideration, Republican Minority Leader Bob Michel (Ill.) led a futile effort to eliminate the plant closing amendment. His motion was defeated, 167-253, on April 21. For - Wrong. Against - Right.",house_1988.csv,
1988,House,100,2,3,H.R.,3,HR3-100,Trade I,conference report,1988-04-21,Adopted,312,107,Y,Y=Right; N=Wrong,551,https://voteview.com/rollcall/RH1000551,,3,"For the last two decades, the AFL-CIO has repeatedly sounded the alarm about the evolving crisis in U.S. trade. With thousands of plants being padlocked, communities devastated, millions of jobs lost and the U.S. debt to foreign countries rising to $424 billion, the 100th Congress finally began to come to grips with our trade imbalance. In 1987, both the House and the Senate adopted omnibus trade measures. The Senate version also contained a provision which required that workers, many of whom had been hurt by the trade crisis, must be given 60-day notice of a plant closing or massive layoff. In 1988, Congress and the White House conducted a highly public battle over U.S. trade policy. Using veto threats as leverage, the White House targeted key labor-backed sections of the trade bill for removal. The most vehement opposition was reserved for the plant closing notification provision. In April, with the support of the AFL-CIO, the Democratic congressional leadership announced it would only approve a final trade conference agreement that included: an expanded trade adjustment assistance program; a mechanism to reduce the trade deficit by strengthening U.S. trade law; the inclusion of abuse of worker rights abroad as an ""actionable"" unfair trade practice, and the plant closing provision. Despite President Reagan's veto threat, on April 21 the House voted 312-107 to adopt the conference agreement. The Senate, however, failed to override the veto. Later, separate trade and plant closing bills were passed and enacted into law. For - Right. Against - Wrong.",house_1988.csv,
1988,House,100,2,7,H.R.,4264,HR4264-100,Fair Wages for Construction Workers,amendment,1988-05-03,Rejected,204,210,N,Y=Wrong; N=Right,579,https://voteview.com/rollcall/RH1000579,,5,"The 1931 Davis-Bacon Act insures that workers on federally financed construction projects will be paid at wage rates that prevail in their community. For over 50 years, this law has assured that contractors who uphold community labor standards have a fair chance to compete for government projects without being underbid by firms using cut-rate labor. It has also protected the government and taxpayers from fly-by-night operators seeking to win federal contracts by paying wages too low to attract competent craftsmen. During debate on a Department of Defense authorization bill, Rep. Charles Stenholm (D-Tex.) offered an amendment designed to undercut a labor-backed proposal to modernize the Davis-Bacon law. Stenholm's amendment would have exempted 80% of all military construction from the fair-wage standards of the Davis-Bacon law by increasing the $2,000 contract exemption threshold to $250,000. By a narrow 204-210 vote on May 3, the House rejected his proposal. For - Wrong. Against - Right.",house_1988.csv,
1988,House,100,2,4,H.R.,3,HR3-100,Trade II - Veto Override,veto override,1988-05-24,Passed,308,113,Y,Y=Right; N=Wrong,634,https://voteview.com/rollcall/RH1000634,,4,"On May 24, President Ronald Reagan kept his promise and vetoed the omnibus trade bill, citing the plant closing provision as his principal objection. Although for many months the President had denounced the pro-worker provision, he toned down his veto message in response to public-opinion polls showing that 82% of the American people supported the provision. The House of Representatives, like the public, disagreed with his veto. Within hours, the House on May 24 overrode the veto by an overwhelming 308-113 - 20 votes more than the two-thirds majority needed. For - Right. Against - Wrong.",house_1988.csv,
1988,House,100,2,8,H.R.,1212,HR1212-100,Polygraph Protection,conference report,1988-06-01,Adopted,251,120,Y,Y=Right; N=Wrong,642,https://voteview.com/rollcall/RH1000642,,5,"The use of polygraphs and other so-called ""lie-detectors"" has reached shocking levels in America's workplaces. Workers in the private sector are subjected to more than two million ""lie detector"" tests every year, four times the number given just 10 years ago. According to estimates, at least 200,000 Americans lose jobs or are denied employment opportunities solely because of inaccurate ""lie detector"" tests. Because of the continuing widespread abuse of polygraphs and their lack of reliability, 22 states have limited or outlawed polygraph examinations in the workplace. But a state-by-state approach to banning these devices would take years to accomplish. Thus a uniform federal prohibition is needed. To put an end to this abuse, the House agreed to the conference report on labor-backed legislation to outlaw the use of polygraphs in most private-sector workplaces. The bipartisan legislation - originally sponsored by Reps. Pat Williams (D-Mont.) and Jim Jeffords (R-Vt.) - was approved by a 251-120 vote on June 1. The bill was later signed into law. For - Right. Against - Wrong.",house_1988.csv,
1988,House,100,2,14,H.R.,2470,HR2470-100,Catastrophic Health Insurance,conference report,1988-06-02,Adopted,328,72,Y,Y=Right; N=Wrong,647,https://voteview.com/rollcall/RH1000647,"tally 376-23 -> 328-72 per Voteview roll 647, the conference report on H.R. 2470 adopted on the printed date; 376-23 is record 12's tally, set into this record by mistake",7,"The AFL-CIO has long supported legislation to give elderly Americans necessary relief from the overwhelming medical costs resulting from acute or chronic illness. Because Medicare covered few of these expenses, this type of catastrophic illness meant possible financial ruin for elderly and disabled citizens. In 1987, the House and Senate passed legislation to expand Medicare coverage to protect against catastrophic and long-term illnesses. Under the legislation, Medicare beneficiaries will be eligible for unlimited free hospitalization after payment of an annual deductible, coverage for physicians' bills over $1,400 a year, and a drug benefit to help with the costs of outpatient prescription drugs in excess of $600 a year. On May 25, a House-Senate conference committee unanimously approved a final version of the bill, and on June 2 the House voted 376-23 to adopt the measure. For - Right. Against - Wrong.",house_1988.csv,
1988,House,100,2,12,H.R.,1158,HR1158-100,Fair Housing,passage,1988-06-29,Passed,376,23,Y,Y=Right; N=Wrong,697,https://voteview.com/rollcall/RH1000697,"tally 326-23 -> 376-23 per Voteview roll 697, passage of H.R. 1158 on the printed date; 326-23 occurs nowhere in the 100th House and 376-23 is the figure the card misprints at record 14",6,"The freedom to obtain the housing of one's choice has proven to be the most elusive civil rights objective. The 1968 Fair Housing Act prohibited discrimination in the sale, rental, marketing, financing and related activities affecting housing. However, the law did not include an effective enforcement mechanism. The only real option left to those encountering housing discrimination was to spend years in court and thousands of dollars on a private law suit. For most low- and middle-income victims, this is no real option at all. After 20 years, it was clear that the law simply was not working. Evidence of persistent, unlawful housing discrimination is abundant. According to statistics compiled by the Department of Housing and Urban Development (HUD), black families seeking to purchase a home have a 48% chance of encountering discrimination; in some parts of the country, Hispanic-Americans have a 96% chance of being discriminated against. The record of discrimination against the disabled, families with children, women, and Asian-Americans is just as dismal. As a result, the AFL-CIO strongly supported legislation to strengthen fair housing laws by instituting strong enforcement procedures and stiff penalties for housing discrimination. The labor-backed bill was passed by the House by an overwhelming 326-23 vote on June 29. For - Right. Against - Wrong.",house_1988.csv,
1988,House,100,2,2,S.,2527,S2527-100,Plant Closing Protections II,passage,1988-07-13,Passed,286,136,Y,Y=Right; N=Wrong,710,https://voteview.com/rollcall/RH1000710,,3,"Making good on his threat, President Reagan vetoed the trade bill with its plant closing language. The Senate failed to override the veto. An explosion of public support for plant closing notification followed, fueled by effective grass-roots lobbying by union members throughout the country. The Senate and House Democratic leadership then agreed on a strategy to resurrect the plant closing section as a separate bill. On July 13, the House approved the plant closing bill by an overwhelming 286-136 vote. Because the margins in both the House and Senate were ""veto-proof,"" President Reagan was forced to back off, allowing the bill to become law without his signature. For - Right. Against - Wrong.",house_1988.csv,
1988,House,100,2,13,H.R.,1580,HR1580-100,Fighting Racism in South Africa,passage,1988-08-11,Passed,244,132,Y,Y=Right; N=Wrong,766,https://voteview.com/rollcall/RH1000766,,7,"Since 1958, the AFL-CIO has repeatedly expressed its outrage in Congress, international forums and elsewhere over the South African government's longstanding racist policy of apartheid. Under this system, black South Africans - who comprise nearly 75% of the nation's population - endure a strictly enforced policy of racial discrimination and segregation that denies them basic human rights. For trade unionists in South Africa, apartheid can be particularly vicious, denying workers the freedom of association necessary to improve wages and working conditions. In 1986, the AFL-CIO backed the passage of legislation to impose a series of economic sanctions on South Africa in order to pressure that government to move toward reform and the elimination of apartheid. Two years later, it was apparent that the Anti-Apartheid Act of 1986 was not successful, due in part to a lack of enforcement by the Reagan Administration. In the meantime, the South African government has continued to ban, disrupt and infiltrate union meetings and jail union leaders, often without bringing charges against them. Legislation strongly supported by the AFL-CIO to put more pressure on that government by prohibiting nearly all U.S. trade and investment in South Africa passed the House 244-132 on August 11. For - Right. Against - Wrong.",house_1988.csv,
1988,House,100,2,10,H.R.,387,HR387-100,Pay Equity for Women,passage,1988-09-29,Passed,302,98,Y,Y=Right; N=Wrong,846,https://voteview.com/rollcall/RH1000846,,6,"Equal pay for work of comparable value is a major goal of the American labor movement. In recent years, labor's concern for pay equity has led to legislative and judicial efforts to assure that women workers are not the victims of wage discrimination caused by pay classification plans which fail to compensate them adequately for their level of skills. In the House, the AFL-CIO backed legislation sponsored by Rep. Mary Rose Oakar (D-Ohio) to advance the cause of pay equity for women at the federal level. The Oakar bill provided for an independent study to determine whether the federal government salary structure undervalued jobs that are filled primarily by women. If a determination was made that pay discrimination existed, the measure required development of legislative proposals to close the pay gaps. Pay reductions in predominantly male occupations were specifically prohibited. The key vote on the Oakar bill came on final passage of the legislation which was approved by a 302-98 vote on September 29. For - Right. Against - Wrong.",house_1988.csv,
1988,House,100,2,5,H.R.,1154,HR1154-100,"Trade III - Textiles, Apparel and Shoe Imports",veto override,1988-10-04,Rejected,272,152,Y,Y=Right; N=Wrong,900,https://voteview.com/rollcall/RH1000900,,4,"Another trade bill of major importance sought to regulate the influx of textile and shoe imports into the United States. Devastation of these industries over the last decade has been accompanied by an epidemic of plant shutdowns and over 300,000 lost jobs, despite 1974 international trade agreements to provide for the orderly growth of textile and apparel imports. Apparel imports have captured nearly 60% of the U.S. market. In 1988, the Senate completed action on House-passed legislation backed by the AFL-CIO to force compliance with existing trade agreements for textiles while also providing relief for the import-stricken shoe industry. President Reagan had vetoed similar legislation in 1985. Under the new bill, imports of 185 categories of textiles and apparel would be limited to a one percent annual increase, based on 1986 levels. Meanwhile, imports on 15 categories of shoes would be frozen at 1986 levels. As he had done in 1985, President Reagan again vetoed the legislation. By a 272-152 vote on October 4, the House failed to achieve the two-thirds vote needed to override the President's veto. For - Right. Against - Wrong.",house_1988.csv,
1988,House,100,2,6,H.R.,5410,HR5410-100,Foreign Ownership in the United States,passage,1988-10-05,Passed,250,170,Y,Y=Right; N=Wrong,902,https://voteview.com/rollcall/RH1000902,"vote_question 'passage': the AFL-CIO calls this the Bryant amendment, but roll 902 is passage of H.R. 5410, the standalone Bryant bill carrying the same language",4,"One result of the massive trade and federal budget deficits is the increase in U.S. dependence on foreign capital to pay for these debts. Because of the Reagan Administration's policy of devaluing the dollar, U.S. assets have become comparatively cheap - an easy target for foreign takeovers. The result has been an influx of foreign capital into the U.S. to buy not only government securities, but real estate, agricultural land and manufacturing facilities as well. Today, foreign ownership in the U.S. is conservatively estimated at about $1.5 trillion. As foreign investors continue to spend billions of dollars to buy America's productive assets, there is a danger that technology and jobs could move offshore at an accelerated pace. Unfortunately, unlike other governments, the U.S. has no reliable, comprehensive and detailed information about the ever-changing picture of foreign ownership. Thus it is difficult to formulate sound national economic policies to address this situation. As a result, the AFL-CIO supported legislation introduced by Rep. John Bryant (D-Tex.) to require major foreign investors to report their participation in ownership of U.S. assets, and to make this information available to the Executive Branch, the Congress and other authorized individuals. Despite the Reagan Administration's opposition, the House approved the Bryant amendment by a 250-170 vote on October 5. For - Right. Against - Wrong.",house_1988.csv,
1989,House,101,1,1,H.R.,1231,HR1231-101,Eastern Airlines I,passage,1989-03-15,Passed,252,167,Y,Y=Right; N=Wrong,7,https://voteview.com/rollcall/RH1010007,,3,"In 1989, 30,000 airline workers found themselves pitted against one of the most notorious corporate raiders of the decade - Frank Lorenzo. Under his control, Lorenzo had destroyed Eastern Airlines' profit-making ability by stripping it of over $700 million in assets and shifting them to Continental Airlines and Texas Air Corporation, Eastern's parent firm. During contract negotiations, Lorenzo tried to scapegoat the Machinists by demanding one-sided paycuts and job reductions. When the IAM struck, the Air Line Pilots and the Transport Workers attendants honored the picket line. As the strike wore on, Eastern's losses hit nearly $1 million a day. Then Lorenzo did what he had done with Continental Airlines six years earlier - he sought the shelter of bankruptcy. In March 1989, President Bush refused to use his powers under the Railway Labor Act to call for a 60-day cooling off period and appoint a federal fact-finding panel - emergency board - to investigate the strike and recommend a settlement. At labor's behest, Congress filled the void. On March 15, the House by a key 252-167 vote passed labor-backed legislation to force Bush to establish an emergency board to investigate the dispute and make recommendations to Congress for a settlement. Later, when an amended version of the House bill landed on the President's desk, the President, only hours before the 1989 session of Congress adjourned, vetoed the legislation. A veto override vote may occur in the second session of Congress. For - Right. Against - Wrong.",house_1989.csv,
1989,House,101,1,3,H.R.,2,HR2-101,Minimum Wage I,substitute,1989-03-23,Rejected,198,218,N,Y=Wrong; N=Right,11,https://voteview.com/rollcall/RH1010011,,4,"For eight years, America's poorest workers - those who toil at the minimum wage - have had no increase in pay. As a result, by 1989 their inflation-eroded $3.35 hourly minimum wage was worth only $2.11 or $85 per week. Although the AFL-CIO had lobbied over the years for an increase in the minimum wage, opposition by Ronald Reagan had stymied these efforts. With President Bush threatening veto, the House considered legislation to raise the minimum wage from $3.35 to $4.65 an hour in three steps over three years. Rep. William Goodling (R-Pa.) offered a White House-backed substitute proposal during floor debate to raise the minimum wage to just $4.25 over the same period. In addition, his proposal included a six-month training wage set at 80 percent of the minimum wage for any newly-hired employee. By a 198-218 key vote on March 23, the Goodling substitute was rejected. For - Wrong. Against - Right.",house_1989.csv,
1989,House,101,1,12,H.R.,1487,HR1487-101,Promoting Democracy Abroad,amendment,1989-04-12,Rejected,209,216,N,Y=Wrong; N=Right,19,https://voteview.com/rollcall/RH1010019,,7,"In 1983, Congress authorized the creation of the National Endowment for Democracy, a federally-financed, non-profit organization whose activities are subject to public scrutiny. Among other activities, the Endowment helps foster free trade unions in developing countries as a means of promoting democracy abroad. The AFL-CIO, which since 1962 has had its own programs to assist developing trade unions abroad, is a primary participant in Endowment programs. Funding to unions, including AFL-CIO assistance to the Polish Solidarity trade union movement, has helped lead the way for the pro-democracy movements throughout Eastern Europe. During House debate on the State Department authorization bill, Rep. Paul Kanjorski (D-Pa.) offered an amendment to cut 1990-91 Endowment funding by $9.2 million or 37 percent. The AFL-CIO-opposed amendment was defeated by a 209-216 key vote on April 12. For - Wrong. Against - Right.",house_1989.csv,
1989,House,101,1,7,H.R.,20,HR20-101,Hatch Reform Act,passage,1989-04-17,Passed,297,90,Y,Y=Right; N=Wrong,24,https://voteview.com/rollcall/RH1010024,,5,"Almost 3 million federal, postal and District of Columbia government employees are barred by the Hatch Act from fully exercising the political freedom enjoyed by all other Americans. Among the activities outlawed by this restrictive 1939 statute, these workers are forbidden from handing out leaflets, publicly endorsing candidates or even displaying a candidate's lawn sign on their own front yards. Originally, the Hatch Act was intended to prevent political appointees from coercing government workers into partisan campaign work. But now, some 40 years later, thanks to protections by their unions and new laws, those threats of intimidation are almost non-existent. Yet government workers are still denied their basic political rights. In 1989, labor-backed legislation was introduced to restore full political rights to these workers. In addition, the legislation strengthened existing protections against improper political solicitations. By a 297-90 key vote on April 17, the House approved the Hatch Act reform bill which is now awaiting Senate action. For - Right. Against - Wrong.",house_1989.csv,
1989,House,101,1,8,S.J.Res.,113,SJRES113-101,Trade,substitute,1989-06-07,Adopted,262,155,Y,Y=Right; N=Wrong,71,https://voteview.com/rollcall/RH1010071,"vote_question 'substitute': the card describes this as the resolution passing the House, but the 262-155 vote it prints is roll 71, adoption of the Bruce substitute to S.J.Res. 113; passage of the resolution that day was roll 73, 241-168; bill inferred as S.J.Res. 113: Voteview leaves roll 71's bill_number empty but its dtl_desc names the FSX plane development resolution, and the Senate roll calls on the same measure (rolls 66 and 175) are tagged SJRES113",5,"The 1980s saw the export of jobs accelerate as millions of Americans lost high paying manufacturing jobs due to free trade policies that were blind to the realities of cutthroat global competition. In 1989, these policies continued. Within weeks after his Administration had cited Japan under the 1988 trade reform law for job-stealing, anti-fair trade practices, President Bush sent to Congress a proposal that would have transferred highly-regarded U.S. aviation technology to Japan. The so-called FSX deal promoted the joint U.S.-Japanese development of a new generation of advanced combat fighter aircraft - the FSX. The $7-billion co-development scheme was strongly opposed by the AFL-CIO because it would cost thousands of American jobs and allow the Japanese to acquire U.S. technology to develop their own aerospace industry. This is precisely what the Japanese had already achieved as a result of past U.S. technology exports that had paved the way for Japan's development of their own color television, VHS, semi-conductor industries and other ""high tech"" manufacturing. Although the Senate narrowly failed to reject a labor backed effort to kill the agreement, safeguards were adopted to stop transfers of technology. In the House, Rep. Terry Bruce (D-Ill.) introduced a joint resolution which contained similar restrictions barring the transfer of certain jet engine technologies to Japan while also prohibiting them from transferring any newly developed FSX-related technology to third countries. Although the resolution passed the House by a key 262-155 vote on June 7, President Bush vetoed the measure. Later, the Senate failed to override the veto and the FSX deal is now being implemented. For - Right. Against - Wrong.",house_1989.csv,
1989,House,101,1,4,H.R.,2,HR2-101,Minimum Wage II,veto override,1989-06-14,Rejected,247,178,Y,Y=Right; N=Wrong,78,https://voteview.com/rollcall/RH1010078,,4,"In the Senate, a minimum wage bill was passed that would increase the minimum wage to $4.55 an hour over three years - ten cents less than the House-passed bill. The measure also included a modified training wage proposal allowing the payment of 85 percent of the minimum wage to newly-hired employees for a one-time total of 60 days. The AFL-CIO agreed to the training wage as the price demanded by Republican moderates and conservative Democrats for any wage increase. However, the training wage was designed to ""sunset"" - that is self destruct - one year after the last step increase in the minimum wage. Despite these changes the compromise failed to satisfy President Bush as he carried out his veto threat. On June 14, by a 247-178 key vote, the House failed to secure the two-thirds vote needed to override his veto. Later, a compromise bill to increase the minimum wage to $4.25 which included a modified training wage proposal was approved by Congress and signed into law by President Bush. For override - Right. Against override - Wrong.",house_1989.csv,
1989,House,101,1,6,H.R.,2461,HR2461-101,Protecting Fair Wages For Construction Workers,substitute,1989-07-27,Adopted,223,201,Y,Y=Right; N=Wrong,171,https://voteview.com/rollcall/RH1010171,,5,"The 1931 Davis-Bacon Act insures that workers on federally-financed construction projects will be paid at wage rates that prevail in their area of the country. For more than 50 years this law has assured that contractors who uphold community labor standards will have a fair chance to compete for government projects without being underbid by firms using cut-rate labor. The law has also protected the government and taxpayers from fly-by-night operators who seek to win federal contracts by paying wages too low to attract competent craftsmen. During House debate on a Department of Defense authorization bill, Rep. Charles Stenholm (D-Tex.) offered an amendment designed to thwart a pending labor-backed proposal to modernize the Davis-Bacon law. Stenholm's amendment would have exempted 80 percent of all military construction from the fair wage standards of the Davis-Bacon law by increasing the $2,000 contract threshold exemption to $250,000. Organized labor countered with a substitute amendment by Rep. Austin Murphy (D-Pa.) which increased the threshold to $50,000 and provided for other reforms. By a 223-201 key vote on July 27, the House approved the Murphy substitute, thereby blocking Stenholm's proposal. The Murphy reform proposal was later dropped from the bill. For - Right. Against - Wrong.",house_1989.csv,
1989,House,101,1,5,H.R.,3299,HR3299-101,Pension Protections,amendment,1989-09-27,Adopted,250,173,N,Y=Wrong; N=Right,239,https://voteview.com/rollcall/RH1010239,,4,"The 1948 Taft-Hartley Act mandated that workers participating in multi-employer pension plans have the right to equal representation on the plans' boards of trustees. Thus workers' representatives - alongside those of management - make investment decisions and these pension plans are jointly administered. Such is not the case with single-employer pension plans. More than $1.4 trillion in assets are tightly controlled in these plans by hand-picked management trustees. As a result, millions of workers who contribute deferred wages to these plans for retirement income have no say in how their money is used, invested, or managed. Because workers have no say in these plans, assets from single-employer pension funds have been increasingly invested in junk bonds and other financial schemes to underwrite job-destroying, leveraged buyouts, corporate mergers and acquisitions. At least 90,000 AFL-CIO members have lost their jobs through corporate cannibalism financed by workers' pension plans. To give workers an equal voice in the administration of their pension plans, Rep. Peter Visclosky (D-Ind.) proposed an amendment to a budget bill to mandate joint administration of single-employer plans. When this bill hit the House floor, it was met by an explosion of opposition from business lobbyists and conservatives led by Rep. Marge Roukema (R-N.J.). By a 250-173 key vote on September 27, the House adopted a Roukema amendment to strip the Visclosky provision from the bill. For - Wrong. Against - Right.",house_1989.csv,
1989,House,101,1,10,H.R.,3299,HR3299-101,Tax Cuts for the Rich,amendment,1989-09-28,Rejected,190,239,Y,Y=Right; N=Wrong,243,https://voteview.com/rollcall/RH1010243,,6,"The economic policies of President Reagan that generated record-level budget deficits were repeated by President Bush in 1989. Throughout the first session of the 101st Congress, President Bush tried to make good on a 1988 campaign promise to cut the capital gains income tax rate for the rich. His proposal would cut taxes on the average about $25,000 for those making more than $200,000 annually. Eighty percent of the benefits would go to 3 percent of the nation's wealthiest taxpayers, leaving nine of ten American workers out in the cold. A comprehensive study showed that the President's proposal would cost American taxpayers $71 billion from 1991-1999. During House debate on the omnibus budget reconciliation bill, enough Democrats teamed up with Republicans to add the capital gains tax amendment to the bill. Efforts by the Democratic leaders to block the tax rate cut by restoring the deductibility of the individual retirement accounts while increasing the marginal income tax rate on upper income wage earners from 28 to 33 percent were defeated. This labor-backed attempt to focus the tax breaks on middle-income Americans was rejected on a key 190-239 vote on September 28. Later, during the House-Senate conference on the budget bill, the capital gains provision was dropped. For - Right. Against - Wrong.",house_1989.csv,
1989,House,101,1,11,H.R.,3299,HR3299-101,Child Care,amendment,1989-10-05,Rejected,195,230,N,Y=Wrong; N=Right,263,https://voteview.com/rollcall/RH1010263,,7,"The face of America's work force has changed drastically. The ""traditional"" family - with a father who works and a mother who stays at home to take care of the kids - counts for only 10 percent of American families. Instead, 70 percent of all mothers with school-age children work as do 50 percent of all mothers with preschool-age children. As a result, America's working families face a child care crisis. As of 1986 only 2.5 million available places existed in licensed child care facilities in a nation where more than 36 million children have one or more parents working. Meanwhile, less than 3,000 of the 6 million American employers provide any child care services. As a result, many working parents have children that are ""latchkey"" kids or are forced to leave their children in inadequate or unsafe child care facilities. In the 101st Congress, child care legislation was a major priority for the AFL-CIO. A package of child care provisions reported by the Labor and Education Committee and the Ways and Means Committee was initially approved by the House of Representatives as part of an omnibus budget bill. The child care package provided funds to: expand Head Start services, establish early childhood education programs, before and after school programs, create community-based services for infants, toddlers, and young children, place an earmarked increase in the Title XX Social Services Block Grant program for child care, and call for an expansion of the earned income tax credit. During floor debate, Rep. Charles Stenholm (D-Tex.) led a conservative assault designed to kill the new program by striking all child care-related provisions and replacing them with expanded earned income tax credit and an increased authorization for the Head Start program. By a 195-230 key vote on October 5, the House rejected this labor-opposed amendment. For - Wrong. Against - Right.",house_1989.csv,
1989,House,101,1,9,H.R.,3402,HR3402-101,Maritime Jobs,substitute,1989-10-19,Rejected,170,228,N,Y=Wrong; N=Right,284,https://voteview.com/rollcall/RH1010284,,6,"By the end of the 1980s, the U.S. maritime fleet had become a relic of the once-formidable force that had played such a key role in winning World War II. Four decades of neglect had cost the U.S. thousands of merchant marine, seafaring and ship construction jobs, lost to low-wage foreign ""flags of convenience."" At the same time, the increasingly heavy reliance on these ""foreign-flag"" vessels for shipments of U.S. exports has contributed significantly to the record level of the U.S. trade deficit. The maritime fleet has so deteriorated that recent studies have shown that it could barely meet its defense support obligations during a foreign conflict. One of the few remaining government programs sustaining the nation's merchant marine fleet is the 1954 Cargo Preference Act. This law reserves a percentage of federally-funded foreign aid for shipment on U.S. vessels. During debate on legislation providing U.S. food shipments to Poland, Rep. Marcy Kaptur (D-Ohio) offered an amendment to reduce the Cargo Preference requirement for these shipments from current 75 percent levels to 50 percent. Although the amendment was designed to forestall an even steeper cut sponsored by Rep. Fred Grandy (R-Iowa), the AFL-CIO and the maritime unions opposed her amendment. By a 170-228 key vote on October 19, the labor-opposed Kaptur amendment was rejected. Later the Grandy proposal was also defeated. For - Wrong. Against - Right.",house_1989.csv,
1989,House,101,1,2,H.R.,3443,HR3443-101,Eastern Airlines II,amendment,1989-10-31,Adopted,283,132,Y,Y=Right; N=Wrong,311,https://voteview.com/rollcall/RH1010311,,4,"By the fall of 1989, the U.S. House of Representatives was fed up with the tactics of Frank Lorenzo. His takeovers of Continental Airlines and Eastern Airlines had forced both airlines into bankruptcy. At Continental, jobs were lost and the unions were destroyed. At Eastern, Lorenzo's asset stripping and provocation of a bitter ongoing strike had all but destroyed that airline. During debate on legislation to enhance federal regulation of airline takeovers, Rep. Douglas Bosco (D-Calif.) offered an amendment specifically aimed at Lorenzo. Bosco's amendment prohibited any person from acquiring an airline who had already taken two other airlines into bankruptcy. Tagged as the ""two-time loser"" provision by House members during debate, the labor backed anti-Lorenzo amendment was approved by an overwhelming 283-132 key vote on October 31. For - Right. Against - Wrong.",house_1989.csv,
1990,House,101,2,7,H.R.,2190,HR2190-101,"Voter Registration - ""Motor Voter""",motion to recommit,1990-02-06,Rejected,156,265,N,Y=Wrong; N=Right,377,https://voteview.com/rollcall/RH1010377,printed no date; 6 Feb 1990 from roll call 377,5,"The United States has the lowest voter turnout of any democracy in the world. For the past 20 years the number of Americans who vote has steadily declined and the 1990 off-year congressional elections drew only 35 percent of the voters to the polls. The National Voter Registration Act, H.R. 2190, was introduced by Rep. Al Swift (D-WA) and backed by the AFL-CIO and a wide coalition of other groups. Studies show that most people who are registered to vote do cast ballots, but only 61 percent of eligible voters are registered. H.R. 2190 would have significantly increased the numbers of registered voters in federal elections. The main reason so few people register is the myriad of regulations in each state. The bill would have set nationwide standards for federal elections by allowing ""motor voter"" registration where each state's driver license application (along with non-driver IDs) would be considered an application for voter registration. It would also have required government agencies to actively provide for voter registration as a means of targeting low-income people, who are less likely to be registered. In addition, citizens would have been allowed to register by mail. During debate on the bill, Rep. Paul Gillmor (R-OH) made a motion to recommit the bill with instructions to change and weaken several key provisions. The motion, opposed by the AFL-CIO, failed by 156-265 vote. The bill passed the House but died in the Senate. For recommitment - Wrong. Against recommitment - Right.",house_1990.csv,
1990,House,101,2,1,H.R.,1231,HR1231-101,Eastern Airlines - Veto Override,veto override,1990-03-07,Rejected,261,160,Y,Y=Right; N=Wrong,389,https://voteview.com/rollcall/RH1010389,printed no date; 7 Mar 1990 from roll call 389,3,"The congressional battle for 30,000 workers at Eastern Airlines carried over into the second session of the 101st Congress. As the year began, Frank Lorenzo was still at Eastern's controls, having made millions in the corporate takeover game that cost thousands of workers their jobs. President Bush's last veto in 1989 occurred only hours before Congress adjourned when he nixed H.R. 1231. The bill would have established a four-member bipartisan panel to investigate the dispute and recommend a solution to the strike. The strike began March 4, 1989. More than a year after Machinists were forced to the picket lines at Eastern Airlines, with support from pilots and flight attendants, the House of Representatives voted on an override of President Bush's veto of H.R. 1231. The override was supported by a House majority, 261-160, but failed to win the necessary two-thirds vote. Since that vote, the federal bankruptcy judge in the case removed Lorenzo from Eastern and appointed a trustee to run the airline. Despite various efforts to reorganize the airline, it was on the verge of being shutdown and liquidated in late November. For override - Right. Against override - Wrong.",house_1990.csv,
1990,House,101,2,8,H.R.,3,HR3-101,Child Care,substitute,1990-03-29,Rejected,195,225,N,Y=Wrong; N=Right,420,https://voteview.com/rollcall/RH1010420,,5,"Millions of working parents are trying to balance their jobs and the needs of their children. Today, 70 percent of all mothers with school age children work. Only 10 percent of American families are composed of a father who works while the mother stays home with the kids. Tens of millions of working Americans must find daycare or before- and after-school care for their children. But licensed day care slots are scarce: 2.5 million for the 36.2 million children whose parents work. At the same time the average cost of $3,000 a year per child places quality care out of reach of many low- and moderate-income families. In addition, only 3,000 of six million American employers provide any type of child care for working parents. The AFL-CIO supported a comprehensive child care bill, H.R. 3, which would have expanded Head Start, provided grants for child care services for infants and toddlers through community-based providers and developed before- and after-school care through the public school system. Despite the documented need for a wide-ranging child care bill, some members of Congress and the Administration tried to derail comprehensive child care. A weak substitute was offered by Charles Stenholm (D-TX) and Clay Shaw (R-FL). It fell short in terms of authorized funding levels, as well as in the breadth and quality of programs authorized. It eliminated all requirements on standards of care. The AFL-CIO urged its defeat and it was beaten on March 29, by a vote of 195 to 225. Eventually several provisions of House- and Senate-passed child care legislation were included in the omnibus budget reconciliation bill. For - Wrong. Against - Right.",house_1990.csv,
1990,House,101,2,2,H.R.,3030,HR3030-101,Clean Air - The Wise Amendment,amendment,1990-05-23,Adopted,274,146,Y,Y=Right; N=Wrong,490,https://voteview.com/rollcall/RH1010490,,3,"The Clean Air Act of 1970 set ambitious goals for improving the nation's air quality and protecting citizens against hazardous pollutants. The AFL-CIO has strongly supported the objective of cleaning up the country's air. When the Administration and Congress began rewriting and reforming the Clean Air Act to address the continuing problems of acid rain, automobile emissions and toxic pollutants, the AFL-CIO worked closely with Congress. The goal was to develop legislation that would significantly improve the environment for workers, their families and their communities, while recognizing the need to maintain employment opportunities in America's construction, industrial and mining base. During the debate on the House clean air bill, H.R. 3030, Rep. Robert Wise (D-WV) offered an amendment to provide extended unemployment compensation and training benefits to workers who might lose their jobs because of the new regulations. Supported by the AFL-CIO, the amendment was adopted by a 274-146 vote on May 23. The final version of clean air legislation contained a modified unemployment allowance and training provision. For - Right. Against - Wrong.",house_1990.csv,
1990,House,101,2,9,H.J.Res.,268,HJRES268-101,Balanced Budget,passage,1990-07-17,Rejected,279,150,N,Y=Wrong; N=Right,593,https://voteview.com/rollcall/RH1010593,,5,"One of the most bankrupt fiscal remnants of the Reagan era resurfaced in the House - a call for a constitutional amendment to require Congress to balance the federal budget regardless of economic circumstances. The amendment would have hamstrung Congress' fiscal power to address the nation's economic stability and was constitutionally unsound. It could have resulted in the dismantlement of more than 50-years of labor-backed, progressive economic and social programs. A balanced budget amendment would dismantle the fiscal weapons needed to combat unemployment and inflation. Any legislation needed to create jobs or stimulate the economy would be required to gain a three-fifths vote of Congress. Unemployment compensation and various social welfare programs, customary stabilizers during a recession, would be choked. On July 17, the amendment fell short of the two-thirds majority needed for passage by a 279-150 vote. For the amendment - Wrong. Against the amendment - Right.",house_1990.csv,
1990,House,101,2,10,H.R.,770,HR770-101,Family and Medical Leave - Veto Override,veto override,1990-07-25,Rejected,232,195,Y,Y=Right; N=Wrong,617,https://voteview.com/rollcall/RH1010617,,6,"The U.S., unlike most industrialized countries, has no national leave policy to enable workers - male or female - to have time off to attend to family needs, such as the birth or adoption of a child, a child's illness or even the worker's own serious illness. Workers can lose, and have lost, their jobs when they have been forced to make a choice between their families' welfare and their own job security. Most workers have little protection when they must take time off for family emergencies. Some are protected by union contracts. Only half of the 1,500 largest U.S. employers offer job-protected unpaid leave for new mothers but little or no protection for other emergencies. Some workers are protected by state law, but it is a patchwork system which leaves millions of workers unprotected. Every day, thousands of workers and members of their families become ill or suffer accidents which require time at home, from a few days to several months. That can, and has, cost thousands of workers their jobs. When that happens, most of the time the taxpayer pays the bill through unemployment insurance, welfare, food stamps, Medicaid and other programs. One study, concentrating only on working women, showed that women and their families lose over $600 million a year because they don't have job-protected parental leave. Taxpayers foot a $100 million bill in unemployment and other benefits for that same group. H.R. 770, supported by the AFL-CIO, would have allowed up to 12 weeks of unpaid leave for the birth, adoption or serious illness of a child. The legislation would also have allowed leave for a worker's own serious illness, as well as for the care of an elderly dependent. Workers would be guaranteed their same or an equivalent job following the leave and pre-existing health benefits would continue during the leave. It would exempt employers of 50 or fewer workers. The bill passed the House and Senate, but President Bush vetoed the legislation. On July 25, the House failed to override the veto by a 232-195 vote. For override - Right. Against override - Wrong.",house_1990.csv,
1990,House,101,2,3,H.R.,1180,HR1180-101,Housing,amendment,1990-07-31,Rejected,200,211,Y,Y=Right; N=Wrong,642,https://voteview.com/rollcall/RH1010642,,4,"The cost of housing for many low- and moderate-income working families is climbing out of their reach. The Housing and Community Development Act of 1990 (H.R. 1180) takes a critical step forward in addressing this nation's housing needs, needs which have gone unmet through a decade of neglect. The legislation reauthorizes and improves many of the existing housing programs run by the Housing and Urban Development Department (HUD) and the Farmers Home Administration (FHA), including programs to assist first-time home buyers to increase the use of federal property for low- and moderate-income persons. It also includes new construction programs. Rep. Rose Mary Oakar (D-OH) introduced an amendment to maintain state and local authorities' rights to set structural, electrical and plumbing codes for modular homes. The Building Trades unions strongly supported this amendment to ensure the safety and sound construction of manufactured housing. The original bill would have resulted in those homes being preempted from state and local codes, as mobile homes are now. The amendment ensured that state and local authorities could continue to implement construction safety regulations appropriate to local needs. The amendment was defeated on July 31 by a 200-211 vote. The final housing bill maintained the state and local authority and set up a study commission on the issue. For - Right. Against - Wrong.",house_1990.csv,
1990,House,101,2,11,H.R.,4000,HR4000-101,Civil Rights - Restoring Job Discrimination Remedies,substitute,1990-08-03,Rejected,188,238,N,Y=Wrong; N=Right,660,https://voteview.com/rollcall/RH1010660,,6,"The Supreme Court - packed with Reagan appointees and by razor-thin majorities - issued a series of rulings in 1989 which seriously scaled back legal remedies for victims of racial or sexual discrimination on the job. The AFL-CIO backed legislation in the House, H.R. 4000, which would repair the ""most serious damage to the law worked by the Supreme Court and would correct what has become an increasingly harmful defect in Title VII's remedies for sexual, racial or religious or other willful discrimination,"" the AFL-CIO's Executive Council said in a statement. The bill banned racial harassment at the workplace and returned the burden of proof to the employer to show the business necessity for a practice that has proven discriminatory impact. It also made it illegal for an employer to use race, ethnicity, gender or religion as a motivating factor in employment decisions and reestablished fair rules for determining when victims of discrimination must file their claims. During debate on the bill, Representatives John LaFalce (D-NY) and Robert Michel (R-IL) offered a substitute to H.R. 4000 which would have gutted several important provisions of the Act. It was defeated by a 188-238 vote on August 3. President Bush's veto of final civil rights legislation was sustained. For - Wrong. Against - Right.",house_1990.csv,
1990,House,101,2,5,H.R.,4300,HR4300-101,Immigration,amendment,1990-10-02,Rejected,193,229,Y,Y=Right; N=Wrong,748,https://voteview.com/rollcall/RH1010748,printed tally 194-229; roll call 748 is 193-229,4,"One of the labor movement's concerns about current immigration law has been the admission of aliens as non-immigrant temporary workers. The current law has not adequately protected American workers from displacement or having their wages and working conditions undermined by employers bringing in such workers. H.R. 4300, the Immigration Revision and Family Reunification Act, would strike a balance that establishes minimum protection for American workers' jobs and working conditions while establishing visa numbers that are realistic in light of present employment of these alien workers and employers' reasonably forseeable needs. During floor consideration, Rep. Bruce Morrison (D-CT) offered an amendment to further strengthen the job protection provisions by requiring employers who hire aliens as non-immigrant temporary workers to provide education and training for American workers or students so those jobs could eventually be filled by U.S. workers. On October 2, the amendment was defeated 194-229. The immigration bill was passed and signed into law. For - Right. Against - Wrong.",house_1990.csv,
1990,House,101,2,4,H.R.,4328,HR4328-101,"Trade - Textile, Apparel and Footwear Jobs at Stake",veto override,1990-10-10,Rejected,274,152,Y,Y=Right; N=Wrong,786,https://voteview.com/rollcall/RH1010786,printed tally 275-152; roll call 786 is 274-152,4,"The 1980s were disastrous for textile, apparel and footwear workers. An unchecked flood of imports cost some 400,000 jobs and about 1,800 factories closed their gates. To address that problem, the AFL-CIO backed the Textile, Apparel and Footwear Act of 1990. The legislation did not contain a rollback of imports, but instead provided for orderly growth that will help American workers maintain their jobs in this import-sensitive industry. Currently imports make up 60 percent of the textile and apparel market and account for 26 percent of the nation's trade deficit. The bill limited growth to 1-percent per year. Footwear imports, which make up 85 percent of the U.S. shoe market, would be limited to 1989 levels. The legislation was badly needed by communities which have been hit hard by textile and apparel imports. American apparel jobs are among the few work opportunities available to minorities, immigrants and others who are prevented by language, cultural and educational barriers from taking other jobs in the market. The House fell 10 votes short October 10 and failed to override President Bush's veto of the bill 275-152. For override - Right. Against override - Wrong.",house_1990.csv,
1990,House,101,2,12,H.R.,5835,HR5835-101,Tax Fairness,amendment,1990-10-16,Adopted,237,192,Y,Y=Right; N=Wrong,817,https://voteview.com/rollcall/RH1010817,printed tally 238-192; roll call 817 is 237-192,7,"The fight over the FY 1991 budget and reconciliation package to reduce the deficit was one of the longest and nastiest ever. The AFL-CIO and its affiliates worked to convince Congress that any budget deal had to be centered on tax fairness and humane spending cuts. In late September, a budget summit agreement featuring regressive taxes and massive cuts in Medicare and unemployment compensation was strongly opposed by the AFL-CIO and was soundly defeated. The AFL-CIO then worked closely with House Democrats to develop a progressive and fair reconciliation package that shifted the tax burden from lower- and middle-income working Americans to the wealthy, who enjoyed a decade of tax breaks from the supply side economic schemes of two Republican presidents. The House package was relatively protective of Medicare beneficiaries and unemployed workers. The bulk of the House package's details was contained in an amendment offered to H.R. 5835, the Omnibus Reconciliation bill, by Ways and Means Committee Chairman Rep. Dan Rostenkowski (D-IL), which was approved by a 238-192 vote on October 16. A final budget package containing most of the Ways and Means provisions was approved and signed into law. For - Right. Against - Wrong.",house_1990.csv,
1990,House,101,2,6,S.,2924,S2924-101,Fish Inspection - Safe Seafood,substitute,1990-10-24,Adopted,276,153,Y,Y=Right; N=Wrong,857,https://voteview.com/rollcall/RH1010857,printed tally 277-153; roll call 857 is 276-153,4,"Most Americans do not realize that there is no mandatory federal inspection program covering the seafood they eat. But such a program is necessary for consumer health and safety. Among the several bills establishing a fish inspection program introduced in the House, the AFL-CIO supported H.R. 3155 as the best vehicle for such a program. Under H.R. 3155, the program authority was vested in the Food and Drug Administration which has the expertise and experience to develop standards for safe and effective seafood inspection. It also contained strong whistleblower language. Because inspections under the bill were not to be continuous, plant employees would, in effect, be taking on federal inspection roles and thus would need protection from employer reprisals for reporting violations. Offered as a substitute to a Senate-passed bill, H.R. 3155 passed 277-153 on October 24. Because no House-Senate conference was completed, the bill died. For - Right. Against - Wrong.",house_1990.csv,
1991,House,102,1,1,H.R.,1281,HR1281-102,Davis-Bacon,amendment,1991-03-07,Rejected,173,244,N,Y=Wrong; N=Right,32,https://voteview.com/rollcall/RH1020032,,3,"In every Congressional session the 1931 Davis-Bacon Act comes under attack and organized labor must fight to beat back these attacks. In 1991 the battle centered around the consideration of the FY 1991 Emergency Supplemental Appropriations bill (H.R. 1281). The Davis-Bacon Act ensures that workers on federal construction projects receive the local prevailing wage. This prevents contractors from slashing workers' wages in order to win federal contracts with low-ball bids and thereby deny contractors who uphold community labor standards a fair chance to compete for government construction projects. It also protects the government and public from fly-by-night operators who seek to win federal contracts by paying wages too low to attract competent craftsman. The Department of Labor wanted to implement new ""helper"" regulations which would have put up to 40 percent of the Davis-Bacon workforce on the street, replaced by low-paid, unskilled ""helpers."" It also wanted to undermine a 44-year-old national and state apprenticeship program which was operating efficiently. H.R. 1281 contained language preventing the DOL from spending funds to implement those changes. An amendment offered by Rep. Charles Stenholm (R-TX) to strip that language from the bill was adamantly opposed by the AFL-CIO. It was defeated March 7 by a 173-244 vote. For - Wrong. Against - Right.",house_1991.csv,
1991,House,102,1,2,H.Res.,101,HRES101-102,"""Fast Track""",passage,1991-05-23,Rejected,192,231,Y,Y=Right; N=Wrong,111,https://voteview.com/rollcall/RH1020111,,3,"During the 1980's tens of thousands of American jobs were shipped across the Mexican border as U.S. companies learned that they could take advantage of that nation's maquiladora plants where workers are paid 60 cents an hour and where safety and environmental regulations are nearly non-existent. In 1991 the Bush administration decided to pursue a North American free trade agreement which would result in even further job loss for American workers and without adequate job protections for Mexican workers. The president asked Congress for ""fast track"" authority which would allow the administration to send implementing legislation for the treaty it negotiates to the Hill for a straight up or down vote. ""Fast track"" authority abridges the normal legislative process by precluding Congress from offering amendments to the treaty implementing legislation. The AFL-CIO opposed the fast track authority. Rep. Bryon Dorgan (D-ND) offered a resolution (H.Res. 101) which would have denied the president fast track authority for a U.S./Mexico deal and for the General Agreement on Trade and Tariffs (GATT). That AFL-CIO-backed resolution was defeated May 23 by a 192-231 margin. For - Right. Against - Wrong.",house_1991.csv,
1991,House,102,1,9,H.R.,1,HR1-102,Civil Rights,passage,1991-06-05,Passed,273,158,Y,Y=Right; N=Wrong,127,https://voteview.com/rollcall/RH1020127,,6,"In 1989 the Supreme Court issued a series of rulings which seriously scaled backed legal remedies for victims of racial or sexual discrimination on the job. These rulings overturned and altered civil rights laws from as long ago as the 1860's through the 1964 Civil Rights Act. The Court's action was praised by the administration. The first bill introduced in the 102nd Congress, H.R. 1, was the Civil Rights Act of 1991 which would repair the most serious damage done to the law by the 1989 Supreme Court decisions and would correct what has become an increasingly harmful defect in Title VII's remedies for willful sexual, racial and religious discrimination. The administration and GOP leaders mounted an all-out attack against the bill and hoped to be able to use it to their political advantage by falsely labelling it a ""quota bill."" Most observers said the Republicans had hoped to entice white voters by creating a fear that they could lose their jobs because of the legislation. H.R. 1 clearly states that employers are neither required nor encouraged to adopt hiring or promotion quotas. Strongly-backed by the AFL-CIO, H.R. 1 passed the House June 5 by a 273-158 vote. For - Right. Against - Wrong.",house_1991.csv,
1991,House,102,1,3,H.R.,2508,HR2508-102,Cargo Preference,amendment,1991-06-12,Rejected,175,246,N,Y=Wrong; N=Right,144,https://voteview.com/rollcall/RH1020144,,4,"The U.S.-flag merchant marine has suffered through almost 50 years of neglect after having played such a key role in World War II. Tens of thousands of seafaring and ship construction jobs have been lost to low-wage ""flags of convenience."" More and more U.S. exports are shipped on those vessels. While the Bush administration continued the long neglect of the U.S. merchant marine, the FY 1992-93 foreign aid authorization (H.R. 2508) contained requirements that recipients of U.S. aid be required to use U.S.-flag vessels to ship a portion of the goods they purchase with the aid received. Rep. Doug Berueter (R-NE) offered an AFL-CIO-opposed amendment to strike the cargo preference language from the legislation. It was defeated June 12 by a 175-246 vote. For - Wrong. Against - Right.",house_1991.csv,
1991,House,102,1,4,H.J.Res.,263,HJRES263-102,Trade - MFN For China,passage,1991-07-10,Passed,223,204,Y,Y=Right; N=Wrong,196,https://voteview.com/rollcall/RH1020196,,4,"The AFL-CIO has been a strong voice and partner in the fight for worker and human rights around the globe for decades. When President Bush sought to grant unconditional Most Favored Nation (MFN) trading status to China, the AFL-CIO was adamantly opposed. China exports products made by slave labor to the United States and it supports a vast prison-industry network to manufacture those goods. That nation imprisons, under cruel and harsh conditions, workers and other who seek freedom of association. The massacre in Tiananmen Square on June 4, 1989 and the subsequent executions and brutal repression of labor leaders and others was further evidence of China's abysmal record on human rights. A country engaged in such brutal repression is hardly a candidate for the U.S.'s lowest tariffs in trade, which MFN would grant. The AFL-CIO supported a resolution which would have denied the president's request to extend unconditional MFN to China. H.J. Res. 263 was approved in the House 223-204 on July 10. For - Right. Against - Wrong.",house_1991.csv,
1991,House,102,1,5,H.R.,5,HR5-102,Workplace Fairness,passage,1991-07-17,Passed,247,182,Y,Y=Right; N=Wrong,206,https://voteview.com/rollcall/RH1020206,"printed date July 10, which is the date of the record above it; roll call 206 is 17 Jul 1991",4,"U.S. law tells workers they cannot be fired for striking. That rule is both clear-cut and as right as any law on the books. In a free society, a worker should be free to join a union and engage in concerted activity without being subject to employer punishment or discrimination. Since 1935, workers have been assured by federal law that they have a right to collective action and a right to strike. Today, however, those same workers are being told, ""You can't be fired for striking, but if you strike you will be 'permanently replaced'."" Clearly, that's a contradiction in the law. It defies logic that anyone can find a fundamental difference between being fired and being ""permanently replaced."" The practice has spread in the last 10 years as a ""new breed of management"" seeks to evade or destroy collective bargaining in an effort to rid themselves of their unionized workforce. H.R. 5, the Workplace Fairness Bill, would ban the use of ""permanent replacements"" during a lawful economic strike. A massive grassroots lobbying program was a key element in winning House passage for the bill July 10 when it won by a 247-182 tally. For - Right. Against - Wrong.",house_1991.csv,
1991,House,102,1,6,H.R.,14,HR14-102,Flight Attendant Duty Time,passage,1991-08-01,Passed,228,195,Y,Y=Right; N=Wrong,241,https://voteview.com/rollcall/RH1020241,,4,"Unlike pilots, flight engineers and air traffic control workers, there are no Federal Aviation Administration regulations governing how long a flight attendant can work and fly in one stretch nor any regulations which require a minimum rest period between flights. The FAA refused to place limits on duty time despite earlier indications that it would act on this safety matter. That is why the AFL-CIO backed a bill which is expected to improve cabin safety by setting limits on the number of duty hours and requiring minimum rest periods for the nation's flight attendants. H.R. 14 passed by a 228-195 margin August 1. For - Right. Against - Wrong.",house_1991.csv,
1991,House,102,1,7,H.R.,3040,HR3040-102,Extended U.I. Benefits,passage,1991-09-17,Passed,283,125,Y,Y=Right; N=Wrong,255,https://voteview.com/rollcall/RH1020255,,5,"While the nation's economy continued its nosedive in 1991, the administration continued to insist prosperity was just around the corner. Refusing to use the ""R""(ecession) word President Bush and his advisors did nothing to help the millions of Americans who had been tossed out of work. During the past decade, the unemployment safety net has been steadily eroded. Today, only a little more than one-third of the jobless qualify for unemployment benefits and the amount of those benefits has shrunk. The long-term unemployed (those who could not find work before their basic 26-week state benefit was exhausted) no longer can count on an extended benefits program. The formula to trigger an extended benefits program had been changed so drastically that the program did not kick in except for a few states with incredibly high unemployment figures. The AFL-CIO backed H.R. 3040 which would have granted up to 20 additional weeks of benefits to workers who had exhausted their 26 weeks. This was the second attempt by Congress last year to extend benefits. The first bill passed in the summer gave both the president and opponents an ""out"" by allowing the president to sign the bill, but requiring him to declare an emergency before releasing any funds for benefits. That allowed an overwhelming number of members to cast a vote for unemployment benefits with some knowing that the president would never declare the emergency, which is exactly what happened. By the time a third version was passed and signed in November, with the economy in a tailspin, the unemployment picture bleak, and Bush's popularity falling, he bowed to the pressure and signed the bill. H.R. 3040, the second bill, was opposed by the administration (which was continuing to claim the recession was over). Some Republican opponents even charged that a few extra weeks of unemployment benefits would encourage the out-of-work to stay on the dole and not seek new work. By a near veto-proof margin (283-125), the House approved the bill September 17. A Senate version of this bill was approved by both houses and vetoed and the veto was sustained (see page 9). For - Right. Against - Wrong.",house_1991.csv,
1991,House,102,1,8,H.R.,2950,HR2950-102,Highways and Mass Transit,passage,1991-10-23,Passed,343,83,Y,Y=Right; N=Wrong,325,https://voteview.com/rollcall/RH1020325,,6,"America's highways, roads, bridges and mass transit systems are not only the heart of one of the world's best surface transportation systems but they have also served as a massive jobs-producing system. Since 1956 when the Interstate highway system was begun, through today, the federal dollars spent on surface transportation have been used wisely to keep America's transportation infrastructure growing along with employing millions of highly-skilled workers. The Surface Transportation Act faced reauthorization in 1991. The AFL-CIO worked closely with House members to ensure both reasonable funding levels for highways and transit funding, and to maintain long-standing labor protections, such as Davis-Bacon and Section 13C which protects transit workers' collective bargaining rights and benefits from adverse impact when system ownership is transferred. The Public Works and Transportation Committee developed H.R. 2950, a $151 billion, six-year reauthorization which is expected to provide some two million jobs and it maintains the labor protection provisions sought by the AFL-CIO. It passed the House Oct. 23 by a 343-83 vote. For - Right. Against - Wrong.",house_1991.csv,
1991,House,102,1,10,H.R.,2,HR2-102,Family and Medical Leave,passage,1991-11-13,Passed,253,177,Y,Y=Right; N=Wrong,379,https://voteview.com/rollcall/RH1020379,,6,"The fight for family and medical leave continued in the first session of the 102nd Congress as the AFL-CIO and other groups fought to bring the United States in line with other industrialized countries which recognize the need for a national policy of family and medical leave. Many workers risk their jobs when forced to take time off for a serious family crisis such as the birth or adoption of a child, a child, spouse's or parent's serious illness or even a worker's own illness. While many union workers are protected by clauses in contracts, the vast majority of workers must depend on the whims of the boss when seeking time off for serious family or medical matters. In fact, only half of the nation's largest companies have unpaid, job-protected maternity leave. The AFL-CIO supported H.R. 2 which grants up to 12 weeks of unpaid leave to workers for the birth or adoption of a child or to care for a seriously ill child, spouse or elderly parent, or for the worker's own illness. It guarantees a worker's job, or equivalent upon return, and continues health benefits during the leave. The bill's requirements apply to firms with 50 or more employees. It passed the House Nov. 13 by a 253-177 vote. For - Right. Against - Wrong.",house_1991.csv,
1991,House,102,1,11,H.R.,2707,HR2707-102,Gag Rule,veto override,1991-11-19,Rejected,276,156,Y,Y=Right; N=Wrong,387,https://voteview.com/rollcall/RH1020387,,6,"The AFL-CIO believes that a patient whose visit to a physician is financed by the government, should receive the same medical information and advice as a patient whose visit is financed by insurance or self payment. But a Supreme Court ruling ""Rust V. Sullivan"" upheld a ""gag rule"" which banned doctors in clinics receiving government funds from informing and counseling patients about certain legally available medical options. The fact that the Rust decision limiting these counseling services arose out of the controvery over restrictions on abortion counseling should not obscure the far broader rights that are at stake. Everyone in our society, regardless of wealth or standing is entitled to equal recognition of the right to make an informed and intelligent decision on matters affecting one's own health and welfare. The FY 1992 Labor, Health and Human Services appropriations bill H.R. 2707, contained language which blocked the implementation of the ""gag rule"" developed by the Bush administration. President Bush vetoed the $205 billion legislation over language which allows women to receive full medical counselling at federally funded clinics. An override of the veto failed to gain a two-thirds majority Nov. 19 by a 276-156 vote. The AFL-CIO supported the override. For - Right. Against - Wrong.",house_1991.csv,
1991,House,102,1,12,H.R.,3750,HR3750-102,Campaign Finance Reform,substitute,1991-11-25,Rejected,165,265,N,Y=Wrong; N=Right,409,https://voteview.com/rollcall/RH1020409,,7,"Large financial contributions from wealthy individuals are a corrupting influence on the nation's political system. The labor movement has no vested interest in making large contributions, but views union PACs as a countervailing answer to the massive money power of the wealthy. So long as the individual contribution limits are beyond the means of working people, PACs are necessary to maintain a political balance. A wealthy business executive might think nothing of giving thousands of dollars to a candidate and the only way working men and women can match that influence is to band together and give perhaps $5 or $10 each to a union-sponsored political action committee. Campaign finance reform was a major topic in the first session of the 102nd Congress. A House bill, H.R. 3750, won AFL-CIO backing. The bill included a voluntary system of candidate expenditure limits and personal contribution limits linked to partial public financing. It also maintained PACs. During debate on the bill, a Republican substitute which would have drastically slashed labor unions' abilities to contribute to candidates was defeated 165-265 on Nov. 25. For - Wrong. Against - Right.",house_1991.csv,
1992,House,102,2,1,H.R.,5260,HR5260-102,Extended Unemployment Benefits,passage,1992-06-09,Passed,261,150,Y,Y=Right; N=Wrong,601,https://voteview.com/rollcall/RH1020601,,3,"In early 1992, partial and total unemployment included about 17.7 million people - a true unemployment rate of 11.5 percent, as opposed to the official 7.3 percent reported at the time. At least 1.8 million of those workers were jobless for 27 weeks or more and indications showed that total was on its way up for the rest of the year. The AFL-CIO backed legislation to extend the emergency unemployment benefits program passed in 1991, which was set to expire in July 1992. H.R. 5260 extended those benefits through the end of 1992. It also called for a permanent extended benefits program beginning in FY 1993 and was designed to expand the number of workers who qualify for the regular 26 weeks of unemployment benefits. The bill reformed the existing Federal Extended Benefits program by establishing the total state unemployment rate (TUR) as an alternative ""trigger."" With the existing trigger mechanism, the extended benefits were only triggered in a few states during the recession. This required the Congress to enact the emergency extended benefits program. Backed by the AFL-CIO, H.R. 5260 was approved on a 261-150 vote June 9. It was signed into law. For - Right. Against - Wrong.",house_1992.csv,
1992,House,102,2,8,H.J.Res.,290,HJRES290-102,Balanced Budget Amendment,passage,1992-06-11,Rejected,280,153,N,Y=Wrong; N=Right,609,https://voteview.com/rollcall/RH1020609,,6,"Backers of a balanced budget amendment to the constitution were willing to play election year politics with this ill-advised issue. Most studies indicated that millions of jobs would be lost, taxes would jump and state and local budget deficits would soar under a balanced budget amendment. But those warnings were ignored by the Bush administration, which undertook a massive effort to win congressional approval for a balanced budget amendment as a panacea to deficit woes. During the House debate on H.J. Res. 290, which called for a constitutional amendment, the AFL-CIO noted that if a balanced budget amendment were ratified a combination of large tax increases and drastic spending cuts would be required to balance the budget. Various studies showed such action could result in a sharp drop in economic output and the loss of millions of jobs. The reduced spending levels would sharply limit the federal government's ability to fund programs to help those who might lose their jobs. State and local governments, already in fiscal crisis, could see their deficits soar and also be forced to cut services and increase taxes. A two-thirds majority is needed for a constitutional amendment to win congressional approval. On June 11, the House turned back the proposed amendment by a 280-153 vote. For - Wrong. Against - Right.",house_1992.csv,
1992,House,102,2,2,H.J.Res.,517,HJRES517-102,Rail Lockout,passage,1992-06-25,Passed,248,140,N,Y=Wrong; N=Right,654,https://voteview.com/rollcall/RH1020654,,3,"More than 250,000 railroad employees were locked out of their jobs June 24 when railroad management shut down the nation's railway freight lines. In the days leading up to the lockout, management, and their allies in the White House and Congress, attempted to paint the dispute as a pending nationwide ""strike"" by workers which would not only inconvenience the public but also have a major impact on the nation's economic recovery. The workers in the dispute had not received salary increases for four years. Management offered contract terms which included a cut in real wages and the elimination of seniority and job security for many of the workers. When the deadline arrived only one strike was called, by one union, at one rail carrier. But 39 of the nation's freight railways, under the umbrella of the Association of American Railroads, locked out all of their employees. The vast majority of the 250,000 workers locked out around the country were members of rail unions which were not on strike. Under the Railway Labor Act (RLA), which governs labor/management relations in the rail industry, Congress can force workers back to work or to accept the settlement terms recommended by a Presidential Emergency Board. The House voted on a resolution (H.J. Res. 517) June 25, 248-140, ordering rail workers back to work for a ""cooling-off"" period with continued negotiations. The resolution did not impose a settlement but did impose a form of binding arbitration opposed by the AFL-CIO. For - Wrong. Against - Right.",house_1992.csv,
1992,House,102,2,3,H.R.,5100,HR5100-102,Trade/Auto Parts,amendment,1992-07-08,Adopted,260,166,Y,Y=Right; N=Wrong,689,https://voteview.com/rollcall/RH1020689,,4,"The U.S. auto industry is at a crossroads. The recession in the early 1980s cost hundreds of thousands of auto workers their jobs; the current recession is producing similar dangers. While Japan has opened several new plants in the U.S. to manufacture their automobiles, the transplants are not a substitute for traditional domestic vehicles in terms of jobs generated, technological development supported or U.S. manufactured goods purchased. The AFL-CIO supported an amendment offered by Rep. Richard Gephardt (D-MO) to a broad trade bill (H.R. 5100) designed to boost the use of American-made parts by Japanese auto plants in the U.S. The amendment required Japan to live up to an agreement it made with President Bush in January. The core of the agreement reinforced Japan's commitment to use 70 percent American-made parts in vehicles manufactured by Japanese automakers in their U.S. plants. It also set the stage for a continued Voluntary Restraint Agreement (VRA) on Japanese vehicle exports to the U.S. Under the amendment the United States Trade Representative (USTR) would be required to negotiate a comprehensive auto trade pact with Japan which would include an extension of the current VRA. The VRA would continue as long as Japan has a similar agreement with the European Community. The amendment passed the House July 8 by a 260-166 vote. For - Right. Against - Wrong.",house_1992.csv,
1992,House,102,2,9,H.R.,4312,HR4312-102,Voting Rights/Language Assistance,passage,1992-07-24,Passed,237,125,Y,Y=Right; N=Wrong,735,https://voteview.com/rollcall/RH1020735,,6,"The AFL-CIO strongly supported H.R. 4312, the Voting Rights Language Assistance Act of 1992. Language assistance provisions were added to the Voting Rights Act in 1975 to remedy voting discrimination suffered by Hispanic-American, Asian-American, Indian and Alaskan Native communities. Those provisions called for language help when registering or voting under certain demographic conditions. But those provisions were set to end on August 6. H.R. 4312 extended them for 15 years, the same length as the entire Voting Rights Act. For almost 20 years, the program was an effective means of integrating citizens, whose first language was not English, into the electoral process. The AFL-CIO told the House that the need for these language assistance provisions remains because the U.S. continues to absorb many newcomers who become citizens, but do not yet have the ability to deal with registration and electoral materials in English. On July 24, the House passed H.R. 4312 by a 237-125 vote. For - Right. Against - Wrong.",house_1992.csv,
1992,House,102,2,4,H.R.,5620,HR5620-102,"Davis-Bacon/""Helpers""",amendment,1992-07-28,Rejected,172,242,N,Y=Wrong; N=Right,741,https://voteview.com/rollcall/RH1020741,"printed tally 172-241; roll call 741 is 172-242, which the member-level file reproduces exactly (172 yea, 242 nay, 20 not voting of 434 members)",4,"When the House took up H.R. 5620, supplemental appropriations for FY 1992, an amendment was offered to eliminate language in the bill which blocked Labor Department implementation of regulation on construction work ""helpers"" and apprenticeship programs. The AFL-CIO strongly opposed the DOL regulations and supported language banning their implementation. The Congress included such a prohibition in an FY 1991 appropriations bill, with the intent of establishing a permanent ban. But the Labor Department put new ""helper"" regulations into effect in January 1992. The Davis-Bacon Act requires prevailing wages for ""laborers and mechanics"" journeymen. The DOL regulations called for a new category of ""helpers"" designed to create a class of workers who, unlike laborers, would work with no formal training and no hope of advancement within the construction industry. Additionally, the result would be to severely reduce the level of employment for laborers, who are in large part minority workers. The Labor Department also proposed a regulation to disrupt the long-standing operation of apprenticeship programs. The regulations would abolish state apprenticeship councils of employer and employee groups which exist in 26 states and the District of Columbia. The implementation of those regulations was also banned in the FY 1991 appropriations bill. An amendment lifting the prohibition on the new regulations was defeated in the House July 28 by a 172-241 vote. For - Wrong. Against - Right.",house_1992.csv,
1992,House,102,2,5,H.R.,2782,HR2782-102,ERISA Preemption,amendment,1992-08-04,Rejected,140,266,N,Y=Wrong; N=Right,775,https://voteview.com/rollcall/RH1020775,,5,"Recent court decisions have misconstrued the Employee Retirement Income Security Act (ERISA) to preempt and void state laws concerning apprenticeship training on public works projects, state laws requiring the payment of prevailing wages on public works projects, and state mechanics' lien laws which enable workers to recover promised wages and benefits for work performed on building and construction projects. That was why the AFL-CIO supported H.R. 2782 which would restore worker protections at the state level by shielding them from unintended preemption. All 50 states have apprenticeship training laws and mechanics' lien laws. Thirty-one states have laws requiring contractors on public works projects to pay their workers the local prevailing wage. These long-standing state laws were not intended to be preempted by ERISA. Indeed, ERISA's preemption provisions were intended to protect benefit plans from multiple government regulation by establishing benefit plan regulation as an exclusive concern of the federal government. State apprenticeship training laws, prevailing wage laws, and mechanics' lien laws do not encroach upon the federal government's purview over benefit plan regulation. On August 4 an amendment to weaken the apprenticeship provisions of H.R. 2782 was defeated 140-266. For - Wrong. Against - Right.",house_1992.csv,
1992,House,102,2,6,H.R.,5318,HR5318-102,Trade - China MFN,veto override,1992-09-30,Passed,345,74,Y,Y=Right; N=Wrong,855,https://voteview.com/rollcall/RH1020855,,5,"Even though China violates basic worker and human rights by imprisoning those who seek freedom of association and profits from exports to the United States made by slave labor, President Bush believed China deserved a no-strings-attached, Most Favored Nation (MFN) trade status. MFN trade status grants a country preferred tariffs at the lowest rate. The AFL-CIO termed it the height of hypocrisy for the United States to wave the banner of human rights with one hand, while using the other hand to sign an MFN trade agreement with a nation which denies its citizens and workers their basic human rights and uses forced labor to manufacture its goods for export. While the AFL-CIO called for outright denial of MFN for China, it did support a bill which set conditions on China's trade status. H.R. 5318 would have denied MFN status for China for items produced by state-owned facilities if China continued to violate human rights, to sell nuclear weapons and to commit unfair trading practices. The bill passed both houses but Bush vetoed the bill. The House voted 345-74 to override the veto on Sept. 30. But the Senate failed to override. For override - Right. Against override - Wrong.",house_1992.csv,
1992,House,102,2,10,S.,5,S5-102,Family and Medical Leave,veto override,1992-09-30,Rejected,258,169,Y,Y=Right; N=Wrong,857,https://voteview.com/rollcall/RH1020857,,6,"President Bush vetoed family and medical leave legislation for the second time in his term, despite the fact large majorities in both houses backed the bill during the 102nd and the 101st congresses. The family leave issue has been debated in the Congress since 1985. The United States is the only major industrialized nation without a family and medical leave policy. Thousands of workers have faced the choice of taking care of their sick children or other family members or losing their jobs. The legislation (S. 5) was the product of bipartisan support and compromise. The AFL-CIO, as it has done in the past, backed the bill. The legislation would grant up to 12 weeks of unpaid leave to workers for birth or adoption or to care for a seriously ill child, spouse or elderly parent, or for the worker's own illness. It guarantees a worker's job, or equivalent upon return, and continues health benefits during the leave. The bill's requirements apply to firms with 50 or more employees, which covers close to half of the nation's workers. Bush vetoed the bill and the House failed to override Sept. 30 by a 258-169 vote. For override - Right. Against override - Wrong.",house_1992.csv,
1992,House,102,2,7,H.R.,776,HR776-102,Energy Bill/Miners' Health Care - Nuclear Cleanup,conference report,1992-10-05,Adopted,363,60,Y,Y=Right; N=Wrong,887,https://voteview.com/rollcall/RH1020887,,5,"An important part of the AFL-CIO-backed energy bill (H.R. 776) was an amendment designed to shore up health benefits for retired coal miners. More than 120,000 retired miners and their dependents - covered by the UMW Health Benefit Funds - faced the loss of their health coverage without passage of H.R. 776. They had worked for companies that had gone out of business or used legal tricks to avoid their obligations to the retired miners. The bill set up a formula to provide funding for the health benefits. In addition, the legislation will create tens of thousands of jobs for the decades-long efforts to clean up federal uranium enrichment sites. Many AFL-CIO affiliated unions have represented the workers at these plants for nearly 40 years. Many basic worker protections were contained in the uranium enrichment title, including transition language covering contractual matters such as the employee benefit package, hiring rights, health care and pension benefits. Also included are provisions protecting the collective bargaining agreement during transition and ensuring coverage of workers by OSHA, the Davis-Bacon Act and the Service Contract Act. On Oct. 5, the House agreed to the conference report on H.R. 776 by a 363-60 margin. For - Right. Against - Wrong.",house_1992.csv,
1992,House,102,2,11,S.,12,S12-102,Cable Television Regulation,veto override,1992-10-05,Passed,308,114,Y,Y=Right; N=Wrong,890,https://voteview.com/rollcall/RH1020890,,7,"Prices have been soaring in the cable TV industry since it was deregulated in 1984 - a 56 percent increase from 1988-92 alone. The AFL-CIO strongly supported legislation (S. 12) designed to bring fairness and equity back into the cable (TV) marketplace. The legislation will protect consumers against unwarranted rate increases by cable companies - most of which operate as monopolies in their communities - provide access to programming for competitors and correct the imbalances against broadcasters. By strengthening the economic viability of free, over-the-air television, this bill also will protect the jobs of tens of thousands of workers in the broadcast television industry. Bush vetoed the bill, but the House voted Oct. 5 (308-114) to override the veto and the Senate followed suit, marking the first time a Bush veto was overridden. For override - Right. Against override - Wrong.",house_1992.csv,
1992,House,102,2,12,H.R.,11,HR11-102,Tax Bill/Urban Aid,conference report,1992-10-05,Adopted,208,202,N,Y=Wrong; N=Right,895,https://voteview.com/rollcall/RH1020895,"printed date Oct. 6; 208-202 is unique in the Congress and is roll call 895, which Voteview dates 5 Oct 1992. The House recorded 19 votes that legislative day and six more after this one, so the sitting plausibly ran past midnight and the card is giving the clock rather than the sitting, but that is not established here - the date column follows the roll call",7,"In the wake of the deadly and tragic Los Angeles riots, lawmakers began work on an urban aid bill to alleviate some of the causes of the riot and to help that city heal. However, months later that effort had ballooned into a $28 billion package of tax breaks aimed at corporations and benefits for the wealthy, with little money earmarked for real urban aid. The bill (H.R. 11) was opposed by the AFL-CIO. It would have established enterprise zones which lead to a dislocation of existing workers without creating new jobs in economically depressed areas. It also contained several other provisions opposed by the AFL-CIO including a new definition of ""leased employees"" which would help employers to avoid tax and pension obligations; a provision that would amend the long-standing law governing pilot pension plans and thereby assist Federal Express' efforts to avoid collective bargaining; a tax benefit for intangible assets that would actually encourage further mergers - especially in the food industry - with the result that workers could be fired or required to take lower wages in order to service overwhelming debt that could result from mergers. The House approved the conference report on the bill Oct. 6 by a 208-202 vote. The bill was later vetoed. For - Wrong. Against - Right.",house_1992.csv,
1993,House,103,1,8,H.R.,1,HR1-103,Family and Medical Leave,passage,1993-02-03,Passed,265,163,Y,Y=Right; N=Wrong,20,https://voteview.com/rollcall/RH1030020,,6,"The AFL-CIO has supported family and medical leave legislation since the first bill was introduced in 1985. Many workers have risked their jobs when forced to take time off for the birth or adoption of a child or care for a sick child or spouse or parent. Unlike all other industrialized nations, the United States had no national policy on family leave. If a worker was not covered by a union contract, he or she had to depend on the whims of the employer for time off for serious family problems. The Federation, and others, took the view that the family leave standard should be considered a minimum labor standard, similar to wage and hour laws and workplace safety standards. But two successful vetoes and massive resistance from the business community stalled the legislation for eight years. The Family and Medical Leave Act of 1993 was the first bill introduced in the House in 1993 - H.R. 1. Backed by the AFL-CIO, it allows workers at firms of 50 or more employees up to 12 weeks of unpaid but job protected leave - for the birth or adoption of a child, the serious illness of a child, spouse or parent, or the worker's own illness. In addition, the workers retain their health benefits during the leave. The House passed the bill February 3 by a 265-163 vote. It was signed into law. For - Right. Against - Wrong.",house_1993.csv,
1993,House,103,1,9,H.R.,2,HR2-103,"""Motor Voter""",passage,1993-02-04,Passed,259,160,Y,Y=Right; N=Wrong,24,https://voteview.com/rollcall/RH1030024,,6,"Voter turnout has been steadily decreasing for years. In 1990 only 36 percent of eligible voters went to the polls. While the 1992 three-way presidential race generated a slightly higher than usual turnout, most experts considered that an aberration. Most other nations have about an 80 percent voter turnout, but they also have some form of automatic voter registration, which has been shown to increase voter participation. The AFL-CIO has long backed improvement in federal election laws aimed at improving voter turnout. Almost 40 percent of eligible voters are not registered. The main reason so many are not is the myriad of state regulations. H.R. 2, the ""motor voter"" bill, requires states to establish procedures permitting citizens to register to vote when applying for drivers' licenses and various other licenses and permits at state and federal offices, and it also requires states to establish mail-in voter registration. The House approved the bill February 4 (259-160) and it was signed into law. For - Right. Against - Wrong.",house_1993.csv,
1993,House,103,1,1,H.R.,920,HR920-103,Extended Unemployment Benefits,passage,1993-02-24,Passed,254,161,Y,Y=Right; N=Wrong,39,https://voteview.com/rollcall/RH1030039,,3,"Early in 1993, some 300,000 out-of-work Americans were exhausting their normal 26 weeks of unemployment benefits every month and the problem of long-term unemployment was expected to continue through the year. In fact, the jobless rate remained above 6.5 percent through November. As the Bush recession continued to take its toll on the U.S. economy and its workers. In fact, the number of unemployed was higher in early 1993 than in July 1990 when the recession began. The AFL-CIO supported legislation (H.R. 920) to continue an emergency extended federal unemployment benefits program for workers who had run out of their 26 weeks of state benefits without finding new work. The program began at the height of the Bush recession in 1991 and was extended several times when the employment picture did not brighten. It was set to expire March 4. H.R. 920 provided up to 26 weeks of additional federal benefits beyond basic state benefits and extended the program through October 1993. The House passed the bill February 24 by a 254-161 vote. It was later signed into law. For - Right. Against - Wrong.",house_1993.csv,
1993,House,103,1,2,H.R.,20,HR20-103,Hatch Act Reform,passage,1993-03-03,Passed,333,86,Y,Y=Right; N=Wrong,50,https://voteview.com/rollcall/RH1030050,,3,"Since 1939 the Hatch Act has denied federal and postal employees the same political and Constitutional rights other Americans enjoy and exercise in the political process. Hatch Act reform legislation (H.R. 20), backed by the AFL-CIO, would, for the first time in 50 years, allow these workers to participate in a wide range of political activities - on their own time and away from the job. Under Hatch Act regulations, postal and federal employees are prohibited from participating in a variety of political activities not just on the job, but during the workers' free time as well. For example, such workers could not hand out campaign literature, solicit votes or hold office in a political party. But H.R. 20 lifts many of the Hatch Act's political restrictions. Federal and postal workers will have the freedom to endorse political candidates, organize phone banks to urge their election, distribute campaign literature, solicit political contributions and engage in most other political activity. The legislation continues the ban against engaging in these activities while at work, prohibits government and postal workers from using official influence or information for partisan political purposes and bans them from wearing political campaign buttons while on duty and in government buildings. The House approved H.R. 20 March 3 by a 333-86 vote. Hatch Act reform was later signed into law. For - Right. Against - Wrong.",house_1993.csv,
1993,House,103,1,3,H.R.,1335,HR1335-103,Stimulus/Jobs,passage,1993-03-18,Passed,235,190,Y,Y=Right; N=Wrong,85,https://voteview.com/rollcall/RH1030085,,4,"When he first took office, one of President Clinton's major goals was to stimulate a stalled economy and create new jobs. He submitted AFL-CIO-backed legislation (H.R. 1335) aimed at quickly creating jobs through infrastructure investment and other projects. The economic stimulus plan was designed to create some 500,000 new jobs. Although some economic indicators were showing slight improvement in early 1993, the job recovery coming out of the recession was far weaker than that of any other recovery period. ""At a time when unemployment remains high, when American industries continue to shed jobs, and when the recession continues to batter millions of working families, the plan provides the necessary short-term economic stimulus that will put people back to work. . .this country desparately needs the jobs this package would provide,"" AFL-CIO President Lane Kirkland said. As proposed, the stimulus bill could have created new jobs - mostly in public works - including a summer jobs program aimed at inner city youth, a program to hire and train 10,000 new police officers, and a new child immunization program. The House passed the bill March 18 by a 235-190 vote. Later that spring a Senate filibuster killed the stimulus bill. For - Right. Against - Wrong.",house_1993.csv,
1993,House,103,1,4,H.R.,5,HR5-103,Workplace Fairness,passage,1993-06-15,Passed,239,190,Y,Y=Right; N=Wrong,215,https://voteview.com/rollcall/RH1030215,,4,"Since 1935, workers have been assured by federal law that they have a right to take collective action and a right to strike. American labor law tells workers that they cannot be fired for striking. But a 1938 Supreme Court ruling, rarely used until the past decade, permits employers to ""permanently replace"" those same strikers that they are forbidden from discharging. For all practical purposes, the distinction between being fired and being ""permanently replaced"" is meaningless. Fired or ""permanently replaced"" workers still lost their jobs and that is a harsh injustice against those who are exercising a right protected by law. In the past decade, too many employers have come to view collective bargaining not as a means of negotiating wages and working conditions, but as a way to bust unions by forcing a strike and recruiting a new workforce of permanent replacements. A federal government report showed that between 1985 and 1989, businesses hired permanent replacements in almost one in five strikes and threatened to do so in almost one third of all contract negotiations. H.R. 5, the Workplace Fairness bill, would ban the use of permanent replacements during a legal economic strike. The House passed the bill 239-190 on June 15. The Senate has yet to act. For - Right. Against - Wrong.",house_1993.csv,
1993,House,103,1,5,H.R.,2010,HR2010-103,National Service/Union Concurrence,amendment,1993-07-21,Rejected,153,276,N,Y=Wrong; N=Right,338,https://voteview.com/rollcall/RH1030338,"tally kept as printed at 153-276: Voteview's rollcalls file lists 153-272 because it excludes the five delegates, who were entitled to vote in the Committee of the Whole from the 103rd Congress; recounting Voteview's own member file gives 153-276, the four extra nays being Norton (DC), de Lugo (VI), Faleomavaega (AS) and Romero-Barcelo (PR) (probe_1993c.py)",4,"The labor movement has a long history of community service. So when President Clinton proposed his national service legislation, H.R. 2010, the AFL-CIO backed the president's goal of assisting and improving community services. Described as an effort to create a domestic Peace Corps, the legislation provides educational grants and stipends to volunteers in a variety of needed service areas such as public safety, environmental and human needs. Those grants and stipends for higher education and job training would be available to all volunteers, which will assist working families and increase their access to educational resources. The bill also contains a union concurrence provision which provided that in filling these safety needs, existing workers would not be displaced by the volunteers. The provision provides for union involvement in program planning to ensure that worker displacement does not occur. An amendment to strike that provision was offered by Rep. Cass Ballenger (R-NC). It failed July 21 153-276. The bill was passed and signed into law. For - Wrong. Against - Right.",house_1993.csv,
1993,House,103,1,10,H.R.,2264,HR2264-103,Budget Reconciliation,conference report,1993-08-05,Adopted,218,216,Y,Y=Right; N=Wrong,391,https://voteview.com/rollcall/RH1030391,,7,"The budget reconciliation bill was a complex and vast piece of legislation that was the centerpiece of President Clinton's five-year plan to slash almost $500 million from the federal deficit. It centered on cuts in federal programs and an increase on taxes for the wealthy and corporations. The AFL-CIO supported the bill, H.R. 2264, as a step in moving the nation toward tax fairness. The legislation was aimed at invigorating the U.S. economy through careful deficit reduction, combining selective investments in the public infrastructure with revenue increases from those who are most able to pay. The legislation raises tax rates on corporations and on individuals with taxable incomes of more than $140,000. At the same time it expands the Earned Income Tax Credit for low-income taxpayers. It also extends the employee tax exemption for employer-provided education benefits and tightens the tax breaks for ""runaway"" companies which relocate in Puerto Rico. The House approved the conference report on the bill August 5 by a 218-216 vote. It was signed into law. For - Right. Against - Wrong.",house_1993.csv,
1993,House,103,1,11,H.R.,1804,HR1804-103,Education/Goals 2000,passage,1993-10-13,Passed,307,118,Y,Y=Right; N=Wrong,481,https://voteview.com/rollcall/RH1030481,,7,"This major education reform bill, Goals 2000 - Educate America Act (H.R. 1804), would for the first time establish national skill and performance standards and include labor participation in developing some of those standards. The legislation, backed by the AFL-CIO, would establish voluntary national education standards - broad descriptions of the knowledge and skills students should acquire in a particular subject area. The bill also sets student performance standards - what a student must know and be able to do in order to demonstrate proficiency in the skills and knowledge that the content standards require. The legislation also establishes a skill standards board which will be charged with studying the national labor market and identifying broad clusters of major occupations that involve one or more industries in the United States. After identifying an occupational cluster, the board would then facilitate the establishment of voluntary labor/business/education partnerships to develop skill standards systems. The House passed H.R. 1804 October 13 by a 307-118 vote. The Senate has not acted. For - Right. Against - Wrong.",house_1993.csv,
1993,House,103,1,6,H.R.,1036,HR1036-103,ERISA Preemption,passage,1993-11-09,Passed,276,150,Y,Y=Right; N=Wrong,538,https://voteview.com/rollcall/RH1030538,,5,"Several rulings by Reagan-era federal judges interpreted the federal Employment Retirement Income Security Act of 1974 (ERISA) as preempting certain state laws, in effect allowing employers to avoid state prevailing wage laws, apprenticeship regulations and mechanics' lien laws. The AFL-CIO strongly backed H.R. 1036, which would remedy this problem known as ERISA preemption. It would clarify that those three types of state laws could not be preempted, something which was never intended when ERISA was passed. ERISA was intended to make sure employee benefit plans such as pension and health and welfare plans met certain standards, were not governed by multiple government regulations and that benefit plan regulations were the exclusive concern of the federal government. It was not intended to preempt states from setting their own terms under which they contract for public works, goods and services. H.R. 1036 would, in effect, overturn those decisions and clarify that Congress' intent was never to preempt those types of state laws. If those rulings are allowed to stand, they could have a devastating impact on tens of thousands of construction and other jobs now contracted for by states. The House passed H.R. 1036 November 9 by a 276-150 vote. The Senate has yet to act. For - Right. Against - Wrong.",house_1993.csv,
1993,House,103,1,7,H.R.,3450,HR3450-103,NAFTA,passage,1993-11-17,Passed,234,200,N,Y=Wrong; N=Right,558,https://voteview.com/rollcall/RH1030558,,5,"In the 1980s, a growing number of American manufacturing firms began slamming their U.S. factory doors shut and setting up new plants in Mexico. They took advantage of that nation's inexpensive labor pool and lax enforcement of workers' rights laws and workplace safety and environmental regulations. Several hundred thousand American jobs were lost to the maquiladora program. However, that was just a preview of what is in store for American workers. In 1991, the Bush administration decided to pursue a North American Free Trade Agreement (NAFTA) to give greater protection to the investments American firms had already made in Mexico; NAFTA offers no such protection for the American workers whose jobs are at stake. Nor does it protect the rights of Mexican workers. It eliminated or reduced tariffs and duties on products made in Mexico (and Canada), giving U.S. firms an even larger inducement to ship their jobs to Mexico. As many as 500,000 U.S. jobs were at stake. President Clinton backed NAFTA, but said he would try to alleviate labor's concerns through a set of side agreements on worker rights and the environment. He also offered a dislocated worker program. When completed, those provisions provide little, if any, help for workers and citizens on either side of the border, and the dislocated worker program was grossly inadequate. A massive and heartfelt grassroots campaign against NAFTA led by union members nearly overcame the power of a White House aligned with corporate America. But the House approved the treaty November 17, 234-200. It was later signed into law. For - Wrong. Against - Right.",house_1993.csv,
1993,House,103,1,12,H.R.,3400,HR3400-103,Budget Cuts/Penny-Kasich,amendment,1993-11-22,Rejected,213,219,N,Y=Wrong; N=Right,591,https://voteview.com/rollcall/RH1030591,,7,"In late November, the House considered a Clinton administration deficit reduction bill (H.R. 3400) which included appropriations recissions and portions of Vice President Gore's National Performance Review or ""Reinventing Government"" proposals. But Representatives Tim Penny (D-MN) and John Kasich (R-OH) offered an amendment which would have added a draconian $90 billion budget slashing scheme. The amendment contained specified and unspecified cuts that were irresponsible and counterproductive. This plan would have severely undercut the president's proposed health care reform plan, it would have threatened the still-weak economic recovery and it would have narrowed even further the president's opportunities to fulfill his plans for vital investment initiatives. The Penny-Kasich plan would have pushed domestic discretionary spending to historically low levels and defense spending even below the administration's deep defense cuts. Backed by conservative Democrats and most Republicans, the amendment failed 213-219 November 22. For - Wrong. Against - Right.",house_1993.csv,
1994,House,103,2,7,H.J.Res.,103,HJRES103-103,Balanced Budget Constitutional Amendment,passage,1994-03-17,Rejected,271,153,N,Y=Wrong; N=Right,659,https://voteview.com/rollcall/RH1030659,"tally corrected from the printed 271-152: roll 659 is 271-153 in both Voteview's rollcalls file and its member-level recount, and is the only 271-anything on H.J.Res. 103. The record is unaffected: 271 falls short of two-thirds either way",4,"A myriad of private and public studies show that a balanced budget constitutional amendment could wreak havoc upon the American economy, force deep, deep cuts in basic government services, including defense preparedness, and boost Americans' taxes. But that failed to stop its backers who pushed hard for it in the House in 1994. H.J. Res. 103 would have prohibited budget deficits starting in 2001. It also required a three-fifths vote in each house to approve deficit spending or to raise taxes. That in effect would put minorities in control of the government's $1.5 trillion budget and seriously undermine Congress' fiscal powers to help maintain national economic stability. A Treasury Department study showed that to meet a mandate of a balanced budget in the year 2000, huge tax increases would be required along with deep cuts in defense spending, Social Security and almost all other important programs. The study said the average American could face an annual federal income tax increase of $728. Defense cutbacks of about $270 billion along with the reduction of 275,000 troops would be required over five years, along with abandoning many weapons programs. ""This amendment would cause great damage to the economy and to the important services that government provides to American workers and their families,"" AFL-CIO Legislative Director Robert M. McGlotten said in a letter to House members. Opposed by the AFL-CIO as ""quick-fix"" and economic sham H.J. Res. 103, which required a two-thirds majority to pass, was defeated in the House March 17 271-152. For - Wrong. Against - Right.",house_1994.csv,
1994,House,103,2,1,H.R.,1804,HR1804-103,Goals 2000 - Educate America Act,conference report,1994-03-23,Adopted,306,121,Y,Y=Right; N=Wrong,680,https://voteview.com/rollcall/RH1030680,,3,"The AFL-CIO strongly endorsed one of the most ambitious major education and training bills in years, H.R. 1804, Goals 2000, the Educate America Act. The bill will, for the first time, establish skill and performance standards for students and includes labor participation in developing some of those standards. Goals 2000 gives America a rational system of education that starts with the essentials - clear, high academic standards for what students should know and be able to do. The legislation will also provide a major stimulus to education reform efforts in the states. H.R. 1804 will also assure that the national skill standards provisions are balanced and developed in partnership with labor, business, and educators. The legislation establishes voluntary national education standards, which are broad descriptions of the knowledge and skills students should acquire in a particular subject area. The bill also sets student performance standards, which are what a student must know and be able to demonstrate proficiency. The legislation also establishes a skill standards board which will be charged with studying the national labor market and identifying broad clusters of major occupations that involve one or more industries in the United States. After identifying an occupational cluster, the board would then facilitate the establishment of voluntary labor/business/education partnerships to develop skill standards systems. Backed by the AFL-CIO, it passed the House March 23 by a 306-121 vote. For - Right. Against - Wrong.",house_1994.csv,
1994,House,103,2,8,H.Con.Res.,218,HCONRES218-103,Budget Resolution-Budget Cuts,motion,1994-04-14,Rejected,202,216,N,Y=Wrong; N=Right,706,https://voteview.com/rollcall/RH1030706,,4,"In 1993, the largest deficit reduction plan in history capped discretionary spending at levels below inflation, even though that forced cuts in many important government programs. In addition, the FY 1995 budget resolution (H. Con. Res. 218), which is the blueprint for the fiscal year, held the deficit to about $174 billion, the smallest since 1989. It contained no new taxes. During Senate deliberations on the resolution, that body voted to force an additional $26 billion in discretionary spending cuts that were not in the original House-passed version. Ironically the move to slash the spending came when the federal deficit was shrinking more rapidly than expected and the overall economy was growing. If forced to cut the $26 billion, spending for defense, domestic and foreign aid programs would have to be slashed. Most of the money would have to come from defense programs, which many military experts say has already been hard hit. The House action was on a motion, opposed by the AFL-CIO, to instruct its conferees on the budget resolution to accept those cuts that the Senate made. The House rejected (202-216) the motion April 14. For - Wrong. Against - Right.",house_1994.csv,
1994,House,103,2,2,H.R.,2108,HR2108-103,Black Lung Benefits,passage,1994-05-19,Passed,252,166,Y,Y=Right; N=Wrong,780,https://voteview.com/rollcall/RH1030780,,3,"Black lung disease continues to strike thousands of coal miners every year. But Bush-Reagan era restrictions on the Black Lung Benefits Act are so stringent that only four percent of those who apply for benefits have them granted. That is why the AFL-CIO supported legislation to make the process more equitable for miners and their spouses seeking benefits as a result of the debilitating disease. ""Twenty-five years ago, Congress made a historic commitment to eradicate black lung disease and to compensate its victims and their families. Today, however, the black lung program is in a shambles,"" AFL-CIO Legislative Director Robert M. McGlotten said in a letter to the House. The bill (H.R. 2108) would place reasonable limits on the amount of medical evidence that can be submitted by the opponents to a claim; eliminate unfair obstacles to receiving widow's and survivor's benefits; and end the practice of demanding repayment of benefits received by applicants during the appeals process, which can last as long as seven or eight years. The legislation was passed by the House May 19 by a 252-166 vote. For - Right. Against - Wrong.",house_1994.csv,
1994,House,103,2,3,H.R.,4606,HR4606-103,"OSHA, MSHA Budget Raid",amendment,1994-06-29,Rejected,211,217,N,Y=Wrong; N=Right,895,https://voteview.com/rollcall/RH1030895,,3,"During consideration of the FY 1995 Labor/HHS appropriations bill (H.R. 4606), an amendment opposed by the AFL-CIO, was offered which would have stripped some $47.5 million from various DOL programs, including OSHA, MSHA and the Pension and Welfare Benefits Administration (PWBA). The amendment was an effort to strip workplace enforcement programs of funds which would have seriously cut the enforcement capabilities of each agency. ""Under the amendment, OSHA's ability to support vital health and safety matters affecting American workers would suffer. Both OSHA and MSHA inspections and compliance programs would be hard hit. The PWBA is responsible for the enforcement of laws for over 730,000 private pension plans impacting an estimated 200 million participants,"" AFL-CIO Legislative Director Robert M. McGlotten said in a letter to the House. GOP authors of the amendment claimed the money would be used to establish community and rural health care centers, but the move was actually an attempt to cripple workplace enforcement programs. Initially approved by the House, the amendment was brought up for reconsideration and it failed June 29 by a 211-217 vote. For - Wrong. Against - Right.",house_1994.csv,
1994,House,103,2,4,H.R.,4003,HR4003-103,Maritime Security Act - Tonnage Tax,amendment,1994-08-02,Adopted,268,153,Y,Y=Right; N=Wrong,960,https://voteview.com/rollcall/RH1030960,"tally kept as printed at 268-153: Voteview's rollcalls file lists 264-153 because it excludes the five delegates, who were entitled to vote in the Committee of the Whole from the 103rd Congress; recounting Voteview's own member file gives 268-153 (probe_1994a.py)",3,"During consideration of legislation designed to boost U.S.-flag shipping and American shipyards, the AFL-CIO backed an amendment to use a tonnage tax as a funding mechanism for the bill. This legislation was designed to address two fundamental problems facing the U.S. merchant marine. It provides for the support of the merchant marine as well as improving U.S. shipyards. H.R. 4003 is the funding mechanism for H.R. 2151, the Maritime Security and Competitiveness Act, that passed the House in 1993. The need for this measure is the direct result of foreign shippers and governments who use unfair subsidies and engage in unfair practices which undermine the U.S. maritime industry. Efforts to end this abuse internationally have not been successful and, therefore, H.R. 4003 is necessary to maintain a U.S.-flag fleet and shipbuilding capability. The tonnage tax, developed by the Merchant Marine and Fisheries Committee, could raise some $1.3 billion over 10 years which would help both ship operators and ship builders. It was approved by a 268-153 vote August 2. For - Right. Against - Wrong.",house_1994.csv,
1994,House,103,2,9,H.R.,4590,HR4590-103,MFN for China,substitute,1994-08-09,Rejected,158,270,Y,Y=Right; N=Wrong,973,https://voteview.com/rollcall/RH1030973,"date corrected from the printed August 8: the Pelosi substitute is roll 973 of 9 Aug, and roll 970 - the first roll call of that day - approves the Journal of Monday, August 8, so 9 Aug was a fresh legislative day, not a sitting run past midnight. Tally kept as printed at 158-270: Voteview's rollcalls file lists 155-269 because it excludes the five delegates, who were entitled to vote in the Committee of the Whole from the 103rd Congress; recounting its own member file gives 158-270",5,"The AFL-CIO was opposed to the administration's decision to extend Most Favored Nation (MFN) trading status to China because of that nation's lack of progress in improving its worker and human rights policy. To counter the administration's flawed China trade policy, the Federation backed a bill, H.R. 4590, which would directly tie the worker/human rights issue to MFN trade benefits for China. When it granted the MFN extension the administration also ""de-linked"" future MFN extensions for China from progress in the human rights arena. AFL-CIO President Lane Kirkland called the MFN extension ""a disappointing setback to those who are risking their lives and liberty for the values and principles that America was created to advance."" The Chinese government has continued to arrest, imprison, torture and shoot citizens who dare to speak out for democracy and trade union rights,"" he added. In addition, Chinese activists have provided new evidence of the continued export to the U.S. of goods made by forced labor. In 1993 the Chinese government signed a memorandum of understanding with the U.S. dealing with forced labor exports, but those products are still being shipped to the U.S. This legislation, backed by the AFL-CIO, set certain human and workers rights conditions for continued Most Favored Nation (MFN) trade status for China. It was defeated August 8 by a 158-270 vote. For - Right. Against - Wrong.",house_1994.csv,
1994,House,103,2,5,H.R.,6,HR6-103,Education Neighborhood Schools,conference report,1994-09-30,Adopted,262,132,Y,Y=Right; N=Wrong,1044,https://voteview.com/rollcall/RH1031044,,4,"The bill (H.R. 6) is a five-year re-authorization for the programs under the Elementary and Secondary Education Act (ESEA) of 1965, and also reforms the way the federal government gives money to public schools. The bill will increasingly target school districts with higher concentrations of poor students, though no school district will lose money in 1996. About $12.6 billion a year would be authorized, or $63 billion over five years. ESEA funds comprise the federal government's primary assistance to the nation's primary and secondary schools. The House and Senate passed significantly different bills, particularly in their Chapter I formula funding - about $7 billion a year - to assist educationally deprived students. But conferees, after much wrangling combined elements of both formulas. The House passed the conference report Sept. 30 by a 262-132 vote. For - Right. Against - Wrong.",house_1994.csv,
1994,House,103,2,6,H.R.,5110,HR5110-103,GATT,passage,1994-11-29,Passed,288,145,N,Y=Wrong; N=Right,1094,https://voteview.com/rollcall/RH1031094,"date and tally corrected from the printed 'Dec. 1 ... 76-24': that is the SENATE's vote on the same measure (Senate roll 724), which the card prints verbatim in its House record. The House's own vote on H.R. 5110 is roll 1094 of 29 Nov, 288-145, and it is the only House roll call of the 103rd on that bill; the roster grid's House column 6 reproduces it cell for cell (verify_1994_positions.py)",4,"After a comprehensive evaluation, the AFL-CIO strongly opposed the Uruguay Round GATT agreement and urged Congress to reject the agreement because it offers little, if anything, that is positive for working people and their communities. The Federation's opposition to GATT was based on several reasons including: the loss of tens of thousands of U.S. textile and apparel industry jobs; the weakening of U.S. trade laws which are designed to combat unfair trade practices; the subjugation of U.S. trade policy and some U.S. laws to decisions from the new World Trade Organization (WTO). ""Millions of American workers have already suffered greatly from the damaging effects of unfair and inequitable trade. For many Americans, the agreements will mean enormous economic disruption and job loss,"" the AFL-CIO Executive Council said. The GATT implementing legislation will do nothing to alleviate the United States' huge annual trade deficit, which, this year, is expected to be the second highest in the nation's history at close to $150 billion. It will also limit the ability of the U.S. government to fashion policies and take actions that could bring some relief from growing trade deficits. ""The Uruguay Round did nothing to address the cruelest and most prevalent unfair trade practice of all - the suppression of worker rights by governments seeking a low-wage, low-standard 'comparative advantage' on the world market,"" the Council said. But on Dec. 1, the Senate approved the implementing legislation by a 76-24 vote. For - Wrong. Against - Right.",house_1994.csv,
1995,House,104,1,1,H.R.,5,HR5-104,Unfunded Mandates/Labor Standards,amendment,1995-01-23,Rejected,161,263,Y,Y=Right; N=Wrong,26,https://voteview.com/rollcall/RH1040026,"date: scorecard prints Jan. 25; roll call 26 is 23 Jan 1995. The printed tally 161-263 is correct. The House took no vote on H.R. 5 on 25 January. The key does not force this row: 161-263 occurs twice on 23 Jan, and Voteview's dtl_desc identifies this record as the Sanders en bloc amendment exempting minimum labor protection standards (roll 26), not the Spratt amendment on hazardous substances (roll 27).",1,"During consideration of a bill to ban all unfunded mandates, an amendment was offered to exempt from the ban such labor standards as child labor and minimum wage laws. While the AFL-CIO opposed the entire bill because it is a smokescreen to attack or eliminate all federal regulations, the AFL-CIO supported the amendment as an attempt to make the bill less onerous to workers. It failed Jan. 25 by a 161-263 vote. (DEM: 160-35; REP: 0-228; I: 1-0) Yes - Right. No - Wrong.",house_1995.csv,
1995,House,104,1,2,H.J.Res.,1,HJRES1-104,Balanced Budget Amendment/Final Passage,passage,1995-01-26,Passed,300,132,N,Y=Wrong; N=Right,47,https://voteview.com/rollcall/RH1040047,,1,"The AFL-CIO opposed a resolution calling for a constitutional amendment requiring a balanced federal budget because of massive cuts (about $1 trillion) in vital programs, the crippling of Congress' ability to fight recessions and inflation and its distortion of constitutional checks and balances. GOP backers of the bill refused to exclude and protect Social Security from the amendment's scope. The resolution passed the House Jan. 26 by a 300-132 vote. (DEM: 72-129; REP: 228-2; I: 0-1) Yes - Wrong. No - Right.",house_1995.csv,
1995,House,104,1,3,H.R.,1022,HR1022-104,Risk Assessment/Workplace Safety,passage,1995-02-28,Passed,286,141,N,Y=Wrong; N=Right,176,https://voteview.com/rollcall/RH1040176,,1,"The bill, opposed by the AFL-CIO, is part of the GOP's attack on workplace health and safety, environmental and public safety standards. It would place financial considerations above the health and safety of workers by requiring cost-benefit and risk-assessment analysis procedures that would derail any attempt to develop new public health, safety or environmental standards. It passed the House Feb. 28 by a 286-141 vote. (DEM: 60-138; REP: 226-2; I: 0-1) Yes - Wrong. No - Right.",house_1995.csv,
1995,House,104,1,4,H.R.,1215,HR1215-104,GOP Tax Cuts For Rich,passage,1995-04-05,Passed,246,188,N,Y=Wrong; N=Right,286,https://voteview.com/rollcall/RH1040286,,1,"This is a $189 billion tax-cut package that gives most of its benefits to wealthy families and businesses. It also contains big business tax breaks and $189 billion in spending cuts aimed at services and programs that benefit middle- and lower-income families. Opposed by the AFL-CIO, it passed the House April 5 by a 246-188 vote. (DEM: 27-176; REP: 219-11; I: 0-1) Yes - Wrong. No - Right.",house_1995.csv,
1995,House,104,1,5,H.R.,2002,HR2002-104,Transportation Appropriations/Transit Workers Section 13(c),amendment,1995-07-25,Adopted,233,186,Y,Y=Right; N=Wrong,554,https://voteview.com/rollcall/RH1040554,,1,"An AFL-CIO-opposed provision of the 1996 transportation appropriations bill would have repealed Section 13(c) of the Mass Transit Act, which protects the collective bargaining of transit workers and offers certain job protections. An amendment, backed by the AFL-CIO, to strip the repeal from the bill passed the House July 25 by a 233-186 vote. (DEM: 188-5; REP: 44-181; I: 1-0) Yes - Right. No - Wrong.",house_1995.csv,
1995,House,104,1,6,H.R.,2127,HR2127-104,Labor/HHS Appropriations/Final Passage,passage,1995-08-04,Passed,219,208,N,Y=Wrong; N=Right,612,https://voteview.com/rollcall/RH1040612,,1,"The AFL-CIO strongly opposed this bill, which slashes funds from important workplace safety and labor protection programs and nearly $4 billion from education and training services. The cuts would eliminate Goals 2000 and cut deeply into OSHA, MSHA, the NLRB and a myriad of training programs, including NAFTA-TAA, summer jobs and other youth jobs programs, as well as programs for children with disabilities and drug-free school programs. The bill passed Aug. 4 by a 219-208 vote. (DEM: 6-189; REP: 213-18; I: 0-1) Yes - Wrong. No - Right.",house_1995.csv,
1995,House,104,1,7,H.R.,743,HR743-104,TEAM Act/Company Unions,passage,1995-09-27,Passed,221,202,N,Y=Wrong; N=Right,677,https://voteview.com/rollcall/RH1040677,,1,"The bill would repeal section 8(a)2 of the National Labor Relations Act, which forbids the creation of employer-controlled and -dominated employee groups to deal with wages, benefits and working conditions - much like company unions that flourished in the 1920s and 1930s before the creation of the NLRA. Opposed by the AFL-CIO, the bill passed the House Sept. 27 by a 221-202 vote. (DEM: 15-179; REP: 206-22; I: 0-1) Yes - Wrong. No - Right.",house_1995.csv,
1995,House,104,1,8,H.R.,2425,HR2425-104,Medicare/Final Passage,passage,1995-10-19,Passed,231,201,N,Y=Wrong; N=Right,714,https://voteview.com/rollcall/RH1040714,,1,The bill slashes some $270 billion from Medicare and would increase beneficiaries' monthly premiums and significantly cut hospital reimbursements. It also puts at risk use of beneficiaries' own doctors. The bill passed on Oct. 19 by a vote of 231-201. It was later added to the budget reconciliation bill. (DEM: 4-194; REP: 227-6; I: 0-1) Yes - Wrong. No - Right.,house_1995.csv,
1995,House,104,1,9,H.R.,2491,HR2491-104,Budget Reconciliation/Final Passage,passage,1995-10-26,Passed,227,203,N,Y=Wrong; N=Right,726,https://voteview.com/rollcall/RH1040726,,1,"This bill combines all the GOP entitlement spending cuts in Medicaid, student loans, federal retiree pensions and more, with tax cuts aimed mostly to benefit big business and people making up to $200,000 a year. The Medicaid program would be cut by $170 billion and block-granted, which would hurt poor children and the elderly. It also would repeal standards for nursing homes. Opposed by the AFL-CIO, the bill passed Oct. 26 by 227-203. (DEM: 4-192; REP: 223-10; I: 0-1) Yes - Wrong. No - Right.",house_1995.csv,
1995,House,104,1,10,H.R.,2539,HR2539-104,Rail Workers' Labor Protections,amendment,1995-11-14,Adopted,241,184,Y,Y=Right; N=Wrong,775,https://voteview.com/rollcall/RH1040775,,1,"A bill to eliminate the Interstate Commerce Commission also contained provisions that would have repealed certain labor protections for rail workers on some railroads when their lines are merged or acquired by new owners. An amendment to the bill, backed by the AFL-CIO, called for maintaining those protections. It was approved by the House Nov. 14 by a 241-184 vote. (DEM: 190-2; REP: 50-182; I: 1-0) Yes - Right. No - Wrong.",house_1995.csv,
1995,House,104,1,11,H.R.,2491,HR2491-104,Budget Reconciliation/Conference Report,conference report,1995-11-17,Adopted,237,189,N,Y=Wrong; N=Right,794,https://voteview.com/rollcall/RH1040794,,1,"While some changes were made in the House-passed bill, the conference report kept the major elements opposed by the AFL-CIO. It was approved by the House Nov. 17 by a 237-189 vote. (DEM: 5-187; REP: 232-1; I: 0-1) Yes - Wrong. No - Right.",house_1995.csv,
1995,House,104,1,12,H.J.Res.,134,HJRES134-104,Continuing Resolution,motion to table,1995-12-20,Agreed to,236,176,N,Y=Wrong; N=Right,854,https://voteview.com/rollcall/RH1040854,"date: the scorecard prints no date for this record. Supplied from the match: 236-176 occurs exactly once in the 104th House in 1995, roll 854 of 20 Dec 1995, the motion to table the appeal of the ruling of the chair on H.J. Res. 134.",1,"Republicans offered this continuing resolution to fund welfare, veterans' benefits and the District of Columbia during the second shutdown of the federal government, which began Dec. 15, 1995. It also contained many of the budget cuts opposed by the AFL-CIO, and Democrats sought a procedural motion to force a vote on a clean continuing resolution. The vote was to table that motion, which was defeated by a 236-176 vote. (DEM: 4-175; REP: 232-0; I: 0-1) Yes - Wrong. No - Right.",house_1995.csv,
1996,House,104,2,1,H.R.,2202,HR2202-104,Immigration/Farm Workers,amendment,1996-03-21,Rejected,180,242,N,Y=Wrong; N=Right,951,https://voteview.com/rollcall/RH1040951,"bill number: the description calls the measure ""an immigration bill, H.R. 2020""; the roll call is on H.R. 2202, the Immigration in the National Interest Act. H.R. 2020 of the 104th is the Treasury/Postal appropriations bill and drew no immigration votes. The House Clerk's index lists 1996 roll 85 under H.R. 2202, as does Voteview. bill_number follows the roll call; the description keeps the card's words. The printed date and tally are both correct.",2,"In an effort to create another ""bracero"" program, big agri-business backed an amendment to an immigration bill, H.R. 2020, to allow companies to import hundreds of thousands of foreign, temporary farm workers. Farm Workers' and government reports found there was no current or expected future shortage of agricultural workers and showed the so-called guestworker program would likely take jobs from current workers, depress wages and diminish working conditions. The amendment, opposed by the AFL-CIO, failed March 21 by a 180-242 vote. Y=W, N=R (DEM: 23-165; REP: 157-76)",house_1996.csv,
1996,House,104,2,2,H.R.,2202,HR2202-104,Immigration/Guestworkers,motion to recommit,1996-03-21,Rejected,188,231,Y,Y=Right; N=Wrong,954,https://voteview.com/rollcall/RH1040954,,2,"Another provision of the immigration bill called for allowing more H-1B foreign, temporary guestworkers into the country. H-1B workers are skilled workers, such as computer programers. Some hi-tech employers have imported such workers to replace U.S. workers at drastically lower wages and without benefits. The AFL-CIO argued that employers should be prohibited from laying off U.S. workers and replacing them with H-1B workers and should be required to recruit and train U.S. workers to fill jobs. The Federation backed a motion to send the immigration bill back to committee with instructions to include new provisions protecting U.S. workers. The motion failed March 21 by a 188-231 vote. Y=R, N=W (DEM: 173-12; REP: 14-219)",house_1996.csv,
1996,House,104,2,3,H.R.,3103,HR3103-104,Medical Savings Accounts,motion to recommit,1996-03-28,Rejected,182,236,Y,Y=Right; N=Wrong,971,https://voteview.com/rollcall/RH1040971,"date: scorecard prints March 8; roll call 105 of the 1996 House is 28 March 1996. The printed tally 182-236 is correct and the corrected key is unique. The House cast no vote on H.R. 3103 on 8 March. Three things identify the roll independently of the date: the roster grid's printed record vote number 105, Voteview's dtl_desc (the Pallone motion to recommit H.R. 3103 with instructions), and the House Clerk's own index, which lists 1996 roll 105 as H.R. 3103 ""On Motion to Recommit with Instructions"" on 28 March.",2,"Affordable, accessible and quality health care has long been an AFL-CIO priority. But instead of improving health care, H.R. 3103 included provisions allowing the creation of Medical Savings Accounts. The MSAs would be used primarily by the wealthy who could afford to set aside portions of their income--tax free--in MSAs. Most working and poor families would be unable to take advantage of the scheme. Wealthier families already enjoy top-flight health care, and as a result, better health. MSAs would leave a sicker and poorer client population for other insurance mechanisms, and raise the cost for those who could not afford MSAs. The AFL-CIO supported a motion to strike the MSA provisions from H.R. 3103. That motion was defeated March 8 by a 182-236 vote. Y=R, N=W (DEM: 178-9; REP: 3-227).",house_1996.csv,
1996,House,104,2,4,H.R.,2406,HR2406-104,Housing/Family Rent Cap,amendment,1996-05-09,Rejected,196,222,Y,Y=Right; N=Wrong,1022,https://voteview.com/rollcall/RH1041022,,2,"For decades, rent for public housing tenants was capped at 30 percent of their adjusted monthly income. But a provision of the 1996 Housing Act (H.R. 2406) called for elimination of the cap. Without the 30 percent cap, rents could be raised beyond the means of lower-income families who rely on public housing. That's why the AFL-CIO supported an amendment to retain the cap, but to allow public housing authorities to design programs to encourage tenants to work, such as lower rents through earned income credits. The amendment failed May 9 by a 196-222 vote. Y=R, N=W (DEM: 178-11; REP 17-211)",house_1996.csv,
1996,House,104,2,5,H.R.,1227,HR1227-104,Minimum Wage/FLSA,amendment,1996-05-23,Rejected,196,229,N,Y=Wrong; N=Right,1060,https://voteview.com/rollcall/RH1041060,,2,"In the 1996 fight to raise the minimum wage, GOP leaders threw up many road blocks in an unsuccessful attempt to halt the AFL-CIO's drive to boost the pay of minimum wage workers. One amendment would have blocked the minimum wage increase and stripped Fair Labor Standards Act protections from more than 10 million workers in businesses with less than $500,000 in annual revenue. The amendment failed May 23 by a 196-229 vote. Y=W, N=R (DEM: 7-185; REP: 189-43)",house_1996.csv,
1996,House,104,2,6,H.J.Res.,182,HJRES182-104,China MFN,passage,1996-06-27,Rejected,141,286,Y,Y=Right; N=Wrong,1150,https://voteview.com/rollcall/RH1041150,,2,"Under both Democratic and Republican administrations, the AFL-CIO has opposed Most Favored Nation trading status for the People's Republic of China. In 1996, the Federation backed a resolution (HJR 182) to deny continuation of China's MFN privileges. China's abysmal record on human rights, its ban on independent trade unions and the use of forced labor to produce and export goods all justify MFN denial. The resolution was defeated June 27 by a 141-286 vote. Y=R, N=W (DEM: 75-119; REP 65-167)",house_1996.csv,
1996,House,104,2,7,H.R.,3755,HR3755-104,OSHA/Ergonomics,amendment,1996-07-11,Adopted,216,205,Y,Y=Right; N=Wrong,1167,https://voteview.com/rollcall/RH1041167,,3,"One of the major targets of House Speaker Newt Gingrich's (R-Ga.) Contract on America and war on workers in 1996 was workplace safety and OSHA. Ignoring facts that show repetitive stress injuries hurt and cripple millions of workers each year, Republican leaders wanted to prevent OSHA from issuing new ergonomic standards to prevent RSIs. They also wanted to ban the safety agency from gathering information about RSIs and how to prevent them. The AFL-CIO backed an amendment to the FY 1997 Labor/HHS appropriations bill to strip that anti-OSHA rider from the bill. The motion passed July 11 by a 216-205 vote. Y=R, N=W (DEM: 180-10; REP: 35-195)",house_1996.csv,
1996,House,104,2,8,H.R.,3755,HR3755-104,Education and Training,amendment,1996-07-11,Rejected,198,227,Y,Y=Right; N=Wrong,1169,https://voteview.com/rollcall/RH1041169,,3,"Republican leaders continued their attacks on education and training funding in the FY 1997 Labor/HHS appropriations bill by cutting or providing inadequate funds for those programs. In 1995, they sought to cut $10 billion from student loan programs but were blocked. An amendment to add $1.2 billion to the bill for dislocated worker training, summer youth jobs, Head Start, Goals 2000 and student loans failed July 11 by 198-227. Y=R, N=W (DEM: 195-0; REP: 2-227)",house_1996.csv,
1996,House,104,2,9,H.R.,2391,HR2391-104,Comp Time,passage,1996-07-30,Passed,225,195,N,Y=Wrong; N=Right,1236,https://voteview.com/rollcall/RH1041236,,3,"Another major component of the 1996 war on workers was the drive to let employers eliminate overtime pay for work after 40 hours a week. A bill (H.R. 2391) to gut the Fair Labor Standards Act work week protections by allowing employers to substitute comp time for time-and-a-half overtime pay won the backing of big business and their congressional allies. The bill gave lip service to voluntary agreements between the workers and employers, but most of the control was left in the hands of the boss. Penalties against employers for violations were weak and meaningless. Working families that depend on overtime to make ends meet would see their incomes reduced. The bill passed the House July 30 by a 225-195 vote. Y=W, N=R (DEM: 14-175; REP: 211-19)",house_1996.csv,
1996,House,104,2,10,H.R.,3734,HR3734-104,Welfare Reform,conference report,1996-07-31,Adopted,328,101,N,Y=Wrong; N=Right,1249,https://voteview.com/rollcall/RH1041249,,3,"While the AFL-CIO has been a long-time supporter of practical and innovative ways to move people from welfare to work, 1996's welfare reform legislation (H.R. 3734) was not welfare reform but budget cutting at its worst. Most of the money saved by the bill came from slashing the food stamp program and assistance to legal immigrants. Without granting Fair Labor Standards Act protections for people in forced workfare programs, private and public employers could eliminate decent paying jobs with health and pension benefits and replace them with workfare workers earning subminimum wages. The legislation was approved July 31 by a 328-101 vote. Y=W, N=R (DEM: 98-98; REP: 230-2).",house_1996.csv,
1996,House,104,2,11,H.R.,3539,HR3539-104,Federal Express,conference report,1996-09-27,Adopted,218,198,N,Y=Wrong; N=Right,1312,https://voteview.com/rollcall/RH1041312,,3,"Federal Express, a generous campaign contributor to many lawmakers, was the beneficiary of some back door politicking in the FAA reauthorization bill (H.R. 3539). When the bill was reported from a House-Senate conference it contained a provision to cover Federal Express under the rules of the Railway Labor Act, which requires system-wide organizing rather than the National Labor Relations Act, which allows organizing on a site-by-site basis. Neither the House- nor Senate-passed bills had contained the Federal Express provision and congressional conference rules normally don't allow the addition of new provisions, but GOP maneuvering circumvented the rules. The AFL-CIO opposed the conference report, which was approved Sept. 27 by a 218-198 vote. Y=W, N=R (DEM: 19-167; REP: 199-30).",house_1996.csv,
1997,House,105,1,1,H.R.,1,HR1-105,Comp Time,passage,1997-03-19,Passed,222,210,N,Y=Wrong; N=Right,58,https://voteview.com/rollcall/RH1050058,,2,"Having failed in the 104th Congress, anti-worker lawmakers aimed their guns at working families again with the first bill of the 105th . H.R. 1 would allow employers to pay workers in compensatory time off instead of cash for overtime hours. While it called for voluntary agreements between employees and employers, employers held the upper hand, and penalties for violating the voluntary provisions were toothless. Additionally, many working families count on overtime to balance the family budget. The bill passed March 19 by a 222-210 vote. Y=W, N=R (DEM: 13-191; REP: 209-18)",house_1997.csv,
1997,House,105,1,2,H.R.,2015,HR2015-105,Budget Reconciliation/Spending,passage,1997-06-25,Passed,270,162,N,Y=Wrong; N=Right,239,https://voteview.com/rollcall/RH1050239,"date June 26 -> 1997-06-25: the card runs both reconciliation bills onto one date, but H.R. 2015 passed 25 June. The grid's own printed record vote number for this column, clerk 241, is roll 239 of 25 June at 270-162, the tally the card prints; the card's next record (H.R. 2014, clerk 245) is the one genuinely taken 26 June",2,"Budget reconciliation legislation combines federal spending priorities for a fiscal year and any changes in tax laws. Opposed by the AFL-CIO, the spending portion (H.R. 2015) of the House reconciliation package allowed for privatization of federal and state welfare programs, denied workfare workers most labor law protections, allowed some Medicaid funding to be awarded to states as block grants with no federal guidelines and made changes in unemployment law that would deny unemployment benefits to hundreds of thousands of eligible jobless workers. H.R. 2015 passed June 26 by a 270-162 vote. Y=W, N=R (DEM: 51-154; REP: 219-7)",house_1997.csv,
1997,House,105,1,3,H.R.,2014,HR2014-105,Budget Reconciliation/Taxes,passage,1997-06-26,Passed,253,179,N,Y=Wrong; N=Right,243,https://voteview.com/rollcall/RH1050243,,2,"The Republican-crafted tax portion of reconciliation (H.R. 2014) was a gift to the wealthy but contained only token tax relief for the middle class and working poor. While a $500 child care tax credit would be available to families earning up to $110,000, it was unavailable to a family of four earning $20,000 or less. The bill also contained a capital gains tax cut, reduced the estate taxes on wealthy individuals and reduced the alternative minimum tax on corporations and the rich. Overall, the wealthiest 1 percent of taxpayers would get a $27,155 tax cut, while in virtually every case working poor families would receive nothing. In addition, the legislation contained a provision reclassifying millions of employees as independent contractors, depriving them of health and pension benefits, overtime and even requiring them to pay the employers’ share of Social Security and Medicare. The bill passed June 26 by a 253-179 vote. Y=W, N=R (DEM: 27-177; REP: 226-1)",house_1997.csv,
1997,House,105,1,4,H.R.,2264,HR2264-105,Worker Protections,amendment,1997-09-05,Rejected,167,260,N,Y=Wrong; N=Right,363,https://voteview.com/rollcall/RH1050363,,2,"The Employment Standards Administration is the government agency that investigates and enforces labor laws such as the minimum wage and child labor, the Davis-Bacon, Service Contract and Family and Medical Leave acts and anti-sweatshop regulations. But when the FY 1998 Labor/Health and Human Services spending bill (H.R. 2264) was being considered, an amendment to slash $4.3 million from the ESA was introduced. The amendment was defeated Sept. 5 by a 167-260 vote. Y=W, N=R (DEM: 3-200; REP: 164-59).",house_1997.csv,
1997,House,105,1,5,H.R.,2264,HR2264-105,National Labor Relations Board,amendment,1997-09-10,Rejected,170,253,N,Y=Wrong; N=Right,379,https://voteview.com/rollcall/RH1050379,,2,"The NLRB has been a favorite target of anti-worker lawmakers and their corporate allies who spend millions to squash organizing efforts by their workers. Budget cuts have resulted in an 11 percent decrease in NLRB staffing since 1992, yet the case load has risen tremendously, resulting in investigation backlogs and delays in enforcing board decisions because of the shortage of attorneys to handle the cases. An amendment was offered to the FY 1998 Labor/Health and Human Services appropriations bill to cut the NLRB’s funding by another 15 percent. The amendment failed Sept.10 by a 170-253 vote. Y=W, N=R (DEM: 6-194; REP: 164-58.)",house_1997.csv,
1997,House,105,1,6,H.R.,2607,HR2607-105,Davis-Bacon Act,amendment,1997-10-09,Adopted,234,188,Y,Y=Right; N=Wrong,505,https://voteview.com/rollcall/RH1050505,,2,"In another swipe at working families, Congress took aim at construction workers’ paychecks in the District of Columbia with a provision in the FY 1998 D.C. spending bill to waive the Davis- Bacon Act for school construction and repair. The act ensures that workers on federal and federally funded construction projects (such as D.C. schools) receive the local prevailing wage. This prevents contractors from slashing wages in order to win contracts with low-ball bids and shoddy construction, which could put children’s safety at risk. An amendment to strike the anti-Davis-Bacon provision was introduced and it passed Oct. 9 by a 234-188 vote. Y=R, N=W (DEM: 195-5; REP: 38-183)",house_1997.csv,
1997,House,105,1,7,H.R.,2247,HR2247-105,Rail Worker Protections,substitute,1997-10-24,Rejected,195,223,N,Y=Wrong; N=Right,523,https://voteview.com/rollcall/RH1050523,,3,"Rail unions and Amtrak had been engaged in sometimes heated disputes over various labor reform and worker protections spelled out in laws governing Amtrak. One of the major issues was proposed changes in severance and contracting practices. An amendment to the FY 1998 Amtrak reauthorization bill (H.R. 2247) made changes in the law to bring the issues to the bargaining table and also ensured a fair and balanced process. In an effort to derail the measure, a substitute to the bill was offered that would have blocked rail unions and Amtrak from negotiating over the labor reform issues. The substitute, opposed by the AFL-CIO and rail unions, was defeated Oct. 24 by a 195-223 vote. Y=W, N=R (DEM: 5-196; REP: 190-26)",house_1997.csv,
1997,House,105,1,8,H.R.,2746,HR2746-105,Education,passage,1997-11-04,Rejected,191,228,N,Y=Wrong; N=Right,563,https://voteview.com/rollcall/RH1050563,"bill number: the description calls the measure H.R. 2646; the roll call the grid points at (clerk 569 = roll 563) is H.R. 2746, the Riggs bill amending title VI of the Elementary and Secondary Education Act, which failed under suspension on 4 Nov at 191-228 - the card's own date and tally. H.R. 2646 is a real bill of the 105th (Archer's Education Savings Act) but drew no roll call on 4 Nov and none at 191-228",3,"H.R. 2646 would have opened the floodgates to privatizing education and stripped scarce resources from the nation’s public schools. The AFL-CIO and the Teachers have fought hard to improve the quality of public education, to raise standards and improve student achievement. But school vouchers would drain funds from public education, enrich exclusive private schools and place children remaining in public schools at a disadvantage. The anti-public school bill was defeated Nov. 4 by a 191-228 vote. Y=W, N=R (DEM: 4-192; REP: 187-35)",house_1997.csv,
1998,House,105,2,1,H.R.,1428,HR1428-105,Voting Rights,passage,1998-02-12,Rejected,210,200,N,Y=Wrong; N=Right,648,https://voteview.com/rollcall/RH1050648,,1,"(H.R. 1428) Voter turnout among people of color and new citizens has played a key role in several close elections that working family-friendly candidates have won. Some losers, such as former Rep. Robert Dornan (R-Calif.), have claimed voter fraud, but no evidence of widespread voter registration fraud by noncitizens has been uncovered. However, H.R. 1428, the Voter Eligibility Verification Act, would have authorized local registrars to use various voter eligibility tests and devices that could have led to discrimination against minority voters and discouraged many qualified voters from going to the polls. On a procedural vote that required a two-thirds majority, the bill failed 210-200 Feb. 12, 1998. Y=W, N=R (DEM: 7-186; REP: 203-13)",house_1998.csv,
1998,House,105,2,2,H.R.,3246,HR3246-105,Freedom to Choose a Union,passage,1998-03-26,Passed,202,200,N,Y=Wrong; N=Right,708,https://voteview.com/rollcall/RH1050708,,1,"(H.R. 3246) One of the basic principles of the National Labor Relations Act is the right of workers to choose a union free from management interference. But employers regularly trample that right. Some 10,000 workers a year are fired for attempts to form unions in their workplaces. Employers spend an estimated $300 million a year on union-busting consultants. H.R. 3246 would give employers even more power by banning union organizers from applying for and holding jobs for the purpose of organizing a workplace, making single-unit organizing of a multisite employer more difficult and shifting the NLRB case cost from the employer to the board. The bill passed March 26, 1998, 202-200. It was not acted on in the Senate. Y=W, N=R (DEM: 8-179; REP: 194-20)",house_1998.csv,
1998,House,105,2,3,H.R.,2608,HR2608-105,Paycheck Deception,passage,1998-03-30,Rejected,166,246,N,Y=Wrong; N=Right,713,https://voteview.com/rollcall/RH1050713,,1,"(H.R. 2608) In 1997, big businesses’ attempts to silence working families’ voice in politics were voted down in California and Oregon, declared unconstitutional in Nevada and died in several state legislatures. But that didn’t deter the enemies of working families from backing federal legislation that would have placed incredible burdens on unions before they could spend their funds representing working families through political or legislative activity. H.R. 2608, under the guise of campaign finance reform, applied only to unions—not to corporations, which outspend unions 11-1 on politics. The bill was defeated March 30, 1998, 166-246. Y=W, N=R (DEM: 3-193; REP: 163-52)",house_1998.csv,
1998,House,105,2,4,H.R.,6,HR6-105,Affirmative Action,amendment,1998-05-06,Rejected,171,249,N,Y=Wrong; N=Right,761,https://voteview.com/rollcall/RH1050761,,1,"(H.R. 6) Years of affirmative action have opened the doors of higher education to many qualified minorities and women who otherwise would have been denied fair and equal access. But these longstanding laws have come under increasing attack by conservatives—who tried to reverse the real meaning of affirmative action by claiming these programs discriminate. Rep. Frank Riggs (R-Calif.) offered an amendment to the Higher Education Act of 1998 that would have gutted affirmative action. It was defeated May 6, 1998,171-249. Y=W, N=R (DEM: 5-193; REP: 166-55)",house_1998.csv,
1998,House,105,2,5,H.R.,2888,HR2888-105,40-Hour Week,passage,1998-06-11,Passed,261,165,N,Y=Wrong; N=Right,856,https://voteview.com/rollcall/RH1050856,,1,"(H.R. 2888) The Fair Labor Standards Act provides wage and hour standards and protections for workers. But business interests have attacked the FLSA in an effort to chip away at the 40-hour week and give employers more control over workers’ hours. In 1998, the House passed H.R. 2888, which exempts certain sales personnel (those with technical or specialized knowledge of a product) who earn more than $22,650 a year and service existing sales contracts from overtime and minimum wage requirements. Other than overtime pay requirements, nothing restrains employers from demanding that employees work excessive hours. H.R. 2888 passed 261-165 June 11, 1998. The bill was not acted on in the Senate. Y=W, N=R (DEM: 43-157; REP: 218-7)",house_1998.csv,
1998,House,105,2,6,H.R.,2646,HR2646-105,School Vouchers,conference report,1998-06-18,Adopted,225,197,N,Y=Wrong; N=Right,869,https://voteview.com/rollcall/RH1050869,,2,"(H.R. 2646) More than 90 percent of America’s school children attend public schools. But H.R. 2646 would allow wealthy parents, earning up to $160,000 a year, to set aside up to $2,000 annually in Individual Retirement Accounts and allow those funds to be withdrawn tax-free for kindergarten through grade 12 education expenses, including private school tuition. Congress’s own Joint Committee on Taxation estimated that 70 percent of the tax-free benefits would go to the richest 20 percent of the nation’s families, essentially providing subsidized private education for the rich and denying tax money to public schools. The bill passed 225-197 June 18, 1998 and was vetoed by President Clinton. Y=W, N=R (DEM: 12-186; REP: 213-10)",house_1998.csv,
1998,House,105,2,7,H.R.,4250,HR4250-105,Patients' Bill of Rights,substitute,1998-07-24,Rejected,212,217,Y,Y=Right; N=Wrong,959,https://voteview.com/rollcall/RH1050959,"For/Against marker: the card prints ""Y=R, N=R"", which scores a nay both right and wrong. The measure is the Dingell substitute to H.R. 4250, the Patients' Bill of Rights the card says the AFL-CIO backed, rejected 212-217 with Democrats 201-0 in favour; the grid's own ""Favorable Position"" row prints Y for this column and N for the other nine. aflcio_position is therefore Y and aflcio_label Y=Right; N=Wrong - the printed ""N=R"" is the typo",2,"(H.R. 4250) The real Patients’ Bill of Rights, backed by the AFL-CIO, President Clinton and consumer and health reform groups, was introduced by Reps. John Dingell (D-Mich.) and Greg Ganske (R-Iowa) . That legislation would give patients the right to have treatment decisions made by doctors rather than insurance company bureaucrats, to see specialists, to get emergency room care, to appeal health care decisions and to sue managed care companies. But House GOP leaders misleadingly also titled their health care bill, which protected HMOs and the insurance industry rather than patients, the Patients’ Bill of Rights. Dingell’s bill was offered as substitute for the phony reform in H.R. 4250, but it failed July 24, 1998, 212-217. Y=R, N=R (DEM: 201-0; REP: 10-217)",house_1998.csv,
1998,House,105,2,8,H.R.,4276,HR4276-105,Worker Rights—Discrimination,amendment,1998-08-05,Rejected,176,252,N,Y=Wrong; N=Right,1018,https://voteview.com/rollcall/RH1051018,,2,"(H.R.4276) All workers deserve protection against discrimination on the job. President Clinton issued an executive order adding sexual orientation to the existing federal policy banning discrimination in the federal civilian workforce on the basis of race, color, religion, sex, national origin, disability or age. An amendment to the Commerce, Justice and State departments’ appropriations bill that would have barred spending any of the funds to implement the order was defeated August 5, 1998,176-252. Y=W, N=R (DEM: 15-188; REP: 161-63).",house_1998.csv,
1998,House,105,2,9,H.R.,2621,HR2621-105,Fast Track,passage,1998-09-25,Rejected,180,243,N,Y=Wrong; N=Right,1086,https://voteview.com/rollcall/RH1051086,,2,"(H.R. 2621) In 1997, a huge grassroots campaign by working families, the AFL-CIO and affiliated unions against Fast Track trade legislation generated 800,000 phone calls, 750,000 postcards to Congress and hundreds of rallies. That action convinced House GOP leaders the bill was doomed and it was pulled from the floor. But in what many observers called a ploy to divide those who disagree with the President’s stand on Fast Track, Republican leaders revived the proposal in 1998 in the closing days of Congress to embarrass Clinton—admitting it stood little chance of passage. Fast Track does not allow Congress to improve a trade deal, but simply to vote yes or no on the entire treaty. It was defeated Sept. 25, 1998, 180-243. Y=W, N=R (DEM: 29-171; REP: 151-71)",house_1998.csv,
1998,House,105,2,10,H.R.,4579,HR4579-105,Tax Cuts/Social Security,passage,1998-09-26,Passed,229,195,N,Y=Wrong; N=Right,1089,https://voteview.com/rollcall/RH1051089,,2,"(H.R. 4579) The campaign to strengthen Social Security gained much momentum in 1998 and the public ranked Social Security as the most important issue facing Congress. In fact, the overwhelming majority said any Social Security surplus should be used to strengthen the program, not for tax cuts. Yet legislation was introduced to take money from the Social Security Trust Fund surplus to pay for $80 billion in tax cuts over five years and $177 billion over 10 years. The bill would put in jeopardy the two-thirds of older Americans who rely on Social Security for 50 percent or more of their total income. Social Security also is the principal protection against family impoverishment due to death or disability for 96 percent of the nation’s workforce. The House passed the bill Sept. 26, 1998, 229-195. The Senate did not act on the bill. Y=W, N=R (DEM: 19-183; REP: 210-11)",house_1998.csv,
1999,House,106,1,1,H.R.,975,HR975-106,Trade / Steel,passage,1999-03-17,Passed,289,141,Y,Y=Right; N=Wrong,55,https://voteview.com/rollcall/RH1060055,,1,"(H.R. 975) In 1998, as result of a slumping global steel market, foreign steel producers began illegally dumping steel in the United States. Imports jumped 33 percent and some 10,000 steelworkers lost their jobs. H.R. 975 called for a reduction in volume of steel imports, set tougher import monitoring rules and set an import limit at 1997 levels. The bill passed 289-141, March 17, 1999. Y=R N=W (DEM: 197-13; REP: 91-128)",house_1999.csv,
1999,House,106,1,2,H.Con.Res.,68,HCONRES68-106,Social Security / Medicare,budget resolution,1999-03-25,Passed,221,208,N,Y=Wrong; N=Right,76,https://voteview.com/rollcall/RH1060076,,1,"(H.C.R. 68) Given the chance to strengthen Social Security and Medicare or to finance an $800 billion tax cut aimed predominately at the wealthy, the House voted, mostly along party lines, for an FY 2000 budget resolution that set tax cut legislation in motion but did not extend the life of Social Security or Medicare by a single day. The bill passed 221-208 on March 25, 1999. Budget resolutions are budget “blueprints” and are not signed into law. Y=W N=R (DEM: 4-205; REP: 217-2)",house_1999.csv,
1999,House,106,1,3,H.R.,434,HR434-106,Trade / Africa,passage,1999-07-16,Passed,234,163,N,Y=Wrong; N=Right,305,https://voteview.com/rollcall/RH1060305,,1,"(H.R. 434) Working families have long supported fair trade polices that include worker and environmental protections and provide economic benefits to workers in the trading nations. But H.R. 434, which authorized a new trade and investment policy for sub-Sahara Africa, did not include enforceable worker protections and would allow transshipments of foreign textiles and apparels through African countries, giving other nations the trade benefits intended for African nations. It also did nothing to address one of the major problems the sub-Saharan countries face, a crushing debt burden to developed nations. The bill passed 234-163, July 16, 1999. The bill was sent to conference with a similar Senate bill and no further action was taken in 1999. Y=W N=R (DEM: 98-99; REP: 136-63)",house_1999.csv,
1999,House,106,1,4,H.R.,1995,HR1995-106,Education / Block Grants,passage,1999-07-20,Passed,239,185,N,Y=Wrong; N=Right,318,https://voteview.com/rollcall/RH1060318,,1,"(H.R. 1995) Overcrowded and rundown schools make it difficult for teachers to teach and students to learn. President Clinton proposed a class size reduction program centering on the hiring of 100,000 new teachers over the next six years to reduce class size in the early grades to a national average of 18 students. However, H.R.1995 actually undermines student achievement by block-granting the class size reduction program, along with other programs, and not requiring those block grants to target the neediest schools where the funds would have the most impact. The bill passed 239-185, July 20, 1999. Y=W N=R (DEM: 24-180; REP: 215-4)",house_1999.csv,
1999,House,106,1,5,H.R.,2488,HR2488-106,Tax Cuts,passage,1999-07-22,Passed,223,208,N,Y=Wrong; N=Right,331,https://voteview.com/rollcall/RH1060331,,1,"(H.R. 2488) The nation’s growing budget surplus provided a great opportunity for Congress to pass legislation to strengthen Social Security and Medicare, add prescription drug coverage to Medicare and still provide working families with targeted tax relief. Instead, H.R. 2488 called for a $792 billion, 10-year tax-cut package with most of its benefits intended for the wealthy—such as a capital gains tax cut and estate tax repeal. Estimates showed the cost of the bill could balloon to $3 trillion for the 10 years following 2010, just as baby boomers’ retirement is straining Medicare and Social Security. The bill passed 223-208, July 22, 1999. It was later vetoed by President Clinton. Y=W N=R (DEM: 6-203; REP: 217-4)",house_1999.csv,
1999,House,106,1,6,H.J.Res.,57,HJRES57-106,China / NTR,passage,1999-07-27,Rejected,170,260,Y,Y=Right; N=Wrong,336,https://voteview.com/rollcall/RH1060336,,2,"(H.J.RES. 57) The Chinese government has a long history of abuse of workers and human rights and the production of export goods made by forced labor. H.J. Res. 57 would have denied the extension of normal trade relations with China, which many opposed because of the Chinese government’s horrendous record of human and workers’ rights’ violations, the ballooning trade imbalance and China’s continued use of slave labor. However, the resolution failed 170-260, July 27, 1999. Y=R N=W (DEM: 98-110; REP: 71-150)",house_1999.csv,
1999,House,106,1,7,H.R.,987,HR987-106,Worker Health / Ergonomics,passage,1999-08-03,Passed,217,209,N,Y=Wrong; N=Right,364,https://voteview.com/rollcall/RH1060364,,2,"(H.R. 987) Every year, more than 600,000 workers suffer injuries and illnesses caused by ergonomic hazards in the workplace. The National Academy of Sciences, the National Institute of Occupational Safety and Health, most occupational safety and health organizations and professionals say scientific evidence backs the need for workplace ergonomic standards. H.R. 987 would prohibit OSHA from issuing an ergonomics standard until yet another scientific review is completed, about two years. The legislation had strong backing from the Chamber of Commerce and other business groups. The bill passed 217-209, Aug. 3, 1999. Y=W N=R (DEM: 15-191; REP: 202-17)",house_1999.csv,
1999,House,106,1,8,H.R.,2723,HR2723-106,Health Care / Patients’ Bill of Rights,passage,1999-10-07,Passed,275,151,Y,Y=Right; N=Wrong,488,https://voteview.com/rollcall/RH1060488,,2,"(H.R.2723) Starting in 1998, working families called for a strong Patients’ Bill of Rights to ensure their rights to have treatment decisions made by doctors and not insurance company bureaucrats, to see specialists when needed, to get emergency room care when and where needed, to appeal health care decisions and to hold managed care companies accountable when they wrongly deny patients care. H.R. 2723 provided those rights and also required health plans to provide customers with options such as ob-gyn care for women and pediatricians as primary care providers for children. The bill passed 275-151, Oct.7, 1999. Y=R N=W (DEM: 206-2; REP: 68-149)",house_1999.csv,
1999,House,106,1,9,H.R.,2,HR2-106,Education / School Vouchers,amendment,1999-10-21,Rejected,166,257,N,Y=Wrong; N=Right,519,https://voteview.com/rollcall/RH1060519,,2,"(H.R.2) Private school vouchers take away public funds from public schools, which are open to all students, and shift them to private schools, which can exclude students for several reasons. During debate on H.R. 2, the Student Results Act, Rep. Richard Armey (R- Texas) offered an amendment that would have allowed states to use $100 million in Title I funds for private school vouchers. The amendment was rejected 166-257, Oct. 21, 1999. Y=W N=R (DEM: 3-204; REP: 163-52; I: 0-1)",house_1999.csv,
2000,House,106,2,1,H.R.,3846,HR3846-106,Minimum Wage,amendment,2000-03-09,Adopted,246,179,Y,Y=Right; N=Wrong,651,https://voteview.com/rollcall/RH1060651,,1,"(H.R. 3846)—As introduced by Rep. Shimkus (R-IL), the bill provided for a $1 increase in the current $5.15-an-hour minimum wage over three years. But the House adopted a Democratic amendment to the bill providing the $1 increase in the minimum wage over two years. The amendment passed by a vote of 246–179 on March 9, 2000. Y=R; N=W. (DEM: 203–5; REP: 42–173; IND: 1–1)",house_2000.csv,
2000,House,106,2,2,H.R.,3846,HR3846-106,Minimum Wage/Fair Labor Standards Act,motion to recommit,2000-03-09,Rejected,181,243,Y,Y=Right; N=Wrong,652,https://voteview.com/rollcall/RH1060652,,1,"(H.R. 3846)—The House rejected a Democratic motion that would have eliminated the provisions in the minimum wage bill to deny large segments of the computer industry, certain sales employees and funeral directors overtime protections currently provided by the Fair Labor Standards Act. The measure also would have extended the minimum wage to the Commonwealth of the Northern Mariana Islands. The motion was rejected 181–243 on March 9, 2000. Y=R; N=W. (DEM: 180–28; REP: 0–214; IND: 1–1)",house_2000.csv,
2000,House,106,2,3,H.R.,4444,HR4444-106,Trade/China Trade,passage,2000-05-24,Passed,237,197,N,Y=Wrong; N=Right,835,https://voteview.com/rollcall/RH1060835,,1,"(H.R. 4444)—The House passed a bill to give the People’s Republic of China permanent normal trade relations status. The bill solidifies China’s entry into the World Trade Organization and effectively eliminates the U.S. government’s ability to impose trade sanctions on China for human rights or workers’ rights violations. The bill passed by a vote of 237–197 on May 24, 2000. Y=W; N=R. (DEM: 73–138; REP: 164–57; IND: 0–2)",house_2000.csv,
2000,House,106,2,4,H.R.,4577,HR4577-106,Ergonomics/Worker Protections/Education,passage,2000-06-14,Passed,217,214,N,Y=Wrong; N=Right,880,https://voteview.com/rollcall/RH1060880,,1,"(H.R. 4577)—The fiscal year 2001 Labor, Health and Human Services and Education appropriations bill would have cut funding below the previous year’s effort level for the principal worker protection programs. This bill also included an extreme legislative rider to prohibit OSHA from moving forward with its ergonomics standard to protect the safety and health of our nation’s workers. Such a workplace ergonomics standard will reduce or prevent the musculoskeletal disorders—such as carpal tunnel syndrome, tendinitis and back injuries—that hit some 1.8 million workers a year. Finally, the bill provided no funds for proposals to help reduce class size and repair public school buildings and reduced funding for employment training programs. The bill passed 217–214 on June 14, 2000. Y=W; N=R. (DEM: 3–206; REP: 213–7; IND: 1–1) * Note: An amendment was offered by Rep. Traficant to strip the anti-ergonomics standard language from the bill. However, since it was intended only to give cover to members who would ultimately vote for the overall bill, we are not scoring it and using the final passage vote instead.",house_2000.csv,
2000,House,106,2,5,H.R.,4680,HR4680-106,Health Care/Prescription Drugs,passage,2000-06-28,Passed,217,214,N,Y=Wrong; N=Right,963,https://voteview.com/rollcall/RH1060963,,1,"(H.R. 4680)—Prescription drug prices are rising at twice the rate of inflation. Most at risk in the drug price free-for-all are seniors, because Medicare does not pay for outpatient prescription medicines. But siding with insurers and the pharmaceutical industry, the House passed a sham prescription drug plan that would not give seniors a guaranteed drug benefit in Medicare, but instead would give private insurers big subsidies to offer drug-only policies. Working families support legislation for a universal, voluntary and affordable prescription drug benefit in the Medicare program for seniors and people with disabilities. The House bill passed 217–214 on June 28, 2000. Y=W; N=R. (DEM: 5–203; REP: 211–10; IND: 1–1)",house_2000.csv,
2000,House,106,2,6,H.R.,1304,HR1304-106,Collective Bargaining/Right to Work,amendment,2000-06-30,Rejected,201,214,N,Y=Wrong; N=Right,975,https://voteview.com/rollcall/RH1060975,,2,"(H.R. 1304)—More and more physicians and other health care professionals are finding a voice at work by joining unions to improve both patient care and working conditions. H.R. 1304 would have granted physicians and other health care professionals the same rights as other employees to collectively bargain without being subject to suits under U.S. antitrust law. In an effort to weaken the bill, a right to work amendment was rejected 201–214 on June 30, 2000. Y=W; N=R. (DEM: 15–186; REP: 185–27; IND: 1–1)",house_2000.csv,
2000,House,106,2,7,H.R.,4811,HR4811-106,Debt Relief,amendment,2000-07-13,Adopted,216,211,Y,Y=Right; N=Wrong,1003,https://voteview.com/rollcall/RH1061003,,2,"(H.R. 4811)—Many developing countries are unable to implement necessary economic, social and political reforms because they are being forced to shift more and more of their limited resources from health care, education and other vital services to debt repayments. The House passed an amendment to the fiscal year 2001 Foreign Operations appropriations bill that funded the administration’s request of $225 million for foreign debt relief. The amendment passed 216–211 on July 13, 2000. Y=R; N=W. (DEM: 189–16; REP: 26–194; IND: 1–1)",house_2000.csv,
2000,House,106,2,8,H.R.,4871,HR4871-106,Procurement Reform,amendment,2000-07-20,Adopted,228,190,N,Y=Wrong; N=Right,1029,https://voteview.com/rollcall/RH1061029,,2,"(H.R. 4871)—Environmental, consumer, civil rights, union and women’s organizations, as well as a number of contractors, supported new responsible federal contractor rules proposed by the Clinton-Gore administration. The rules would make clear that a relevant factor in determining whether a federal contractor meets the responsibility test is the contractor’s record of complying with the law, including environmental, labor, consumer, employment and other federal laws. An amendment to the fiscal year 2001 Treasury-Postal appropriations bill would have blocked changes to the federal regulations that made clear a business potentially can be denied a federal contract if they have a history of violating those basic federal laws. The amendment passed 228–190 on July 20, 2000. Y=W; N=R. (DEM: 24–179; REP: 203–10; IND: 1–1)",house_2000.csv,
2000,House,106,2,9,H.R.,8,HR8-106,Estate Tax Repeal/Veto Override,veto override,2000-09-07,Rejected,274,157,N,Y=Wrong; N=Right,1064,https://voteview.com/rollcall/RH1061064,,2,"(H.R. 8)—The House tried to override President Clinton’s veto of the irresponsible tax bill that would have used $105 billion of the non-Social Security surpluses over the next 10 years to repeal the estate tax, which only affects the wealthiest 2 percent of the taxpayers, rather than use these surpluses to strengthen Social Security and Medicare and add a prescription drug benefit to Medicare. The AFL-CIO supports tax relief that is targeted to those who deserve it the most—the nation’s working families. The override failed 274–157 (a two-thirds majority of those present and voting is required to override a veto) on Sept. 7, 2000. Y=W; N=R. (DEM: 53–155; REP: 220–1; IND: 1–1)",house_2000.csv,
2000,House,106,2,10,H.R.,2614,HR2614-106,Tax Cut/Conference Report,conference report,2000-10-26,Adopted,237,174,N,Y=Wrong; N=Right,1166,https://voteview.com/rollcall/RH1061166,,2,"(H.R. 2614)—Despite strong bipartisan support, Republican congressional leaders blocked efforts to include the bipartisan Johnson-Rangel school construction bill in this tax bill. Instead, they added three school construction tax mechanisms, all without local prevailing wage protections. The bill’s backers claimed it would provide health care coverage to the uninsured through a tax deduction for those who pay at least 50 percent of the cost of their health insurance, but that would be of no value to those without tax liability and little help to those in the 15 percent bracket. In addition, the Republican tax bill threw billions of dollars at managed health care companies at the expense of Medicare beneficiaries, hospitals, nursing homes and home health care providers who suffered from cuts made to Medicare in 1997. Republican leaders who had long opposed a $1-an-hour increase in the minimum wage over two years did include the raise in their tax bill, but the dozens of other partisan tax provisions in the bill in effect held the wage hike hostage. The bill passed 237–174 on Oct. 26, 2000. Y=W; N=R. (DEM: 33–167; REP 203–6; IND: 1–1)",house_2000.csv,
2001,House,107,1,1,S.J.Res.,6,SJRES6-107,Ergonomics,passage,2001-03-07,Passed,223,206,N,Y=Wrong; N=Right,32,https://voteview.com/rollcall/RH1070032,,1,"S.J. Res. 6—In November 2000, after more than a decade of struggle by workers and their unions to win federal rules to prevent crippling repetitive stress injuries in the workplace, the Occupation Safety and Health Administration issued the nation’s first workplace ergonomics standard. But the business community, which had stridently opposed the workplace safety effort for 10 years, won the support of the newly installed Bush administration and with its anti-standard allies in Congress renewed the fight against the standard in early 2001. Using the Congressional Review Act (CRA) for the first time ever, the House overturned the ergonomics standard. It was the first time in OSHA’s 30-year history that Congress nullified one of its safety standards. The CRA “resolution of disapproval” vote not only eliminated the ergonomics standard, it also prohibited OSHA from issuing another similar rule unless Congress gives the agency specific permission to act. The measure passed March 7, 2001, by a vote of 223–206. Y=W; N=R (REP: 206–13; DEM: 16–192; I: 1–1)",house_2001.csv,
2001,House,107,1,2,H.Con.Res.,83,HCONRES83-107,Budget,conference report,2001-05-09,Adopted,221,207,N,Y=Wrong; N=Right,103,https://voteview.com/rollcall/RH1070103,,1,"Conference Report on H. Con. Res. 83—The fiscal year 2002 budget resolution called for spending $1.35 trillion worth of projected budget surpluses in fiscal years 2001–2011 to pay for tax cuts that would primarily benefit the wealthy. The budget resolution also weakened Social Security and Medicare, earmarked $600 billion of the projected Social Security Trust Fund surpluses for such Social Security “reforms” as privatization and failed to make investments in such important working family areas as repairing and rebuilding the nation’s public schools and improving workplace health and safety. In all, the budget resolution contained spending cuts for important domestic programs of $5.5 billion in FY 2002 and $61.5 billion over the next 10 years. The measure passed on May 9, 2001, by a vote of 221–207. Y=W; N=R (REP: 214–3; DEM: 6–203; I: 1–1)",house_2001.csv,
2001,House,107,1,3,H.R.,1,HR1-107,School Vouchers,amendment,2001-05-23,Rejected,155,273,N,Y=Wrong; N=Right,134,https://voteview.com/rollcall/RH1070134,,1,"H.R. 1—Private school vouchers drain taxpayers’ money, which could be used to improve public schools, to pay for private and religious school tuition. And, private schools, unlike public schools, which are open to all students, can exclude students for several reasons. During the debate on the Elementary and Secondary School Act, H.R. 1, the House rejected an amendment offered by Rep. Dick Armey (R-Texas) that would have allowed students in low-performing schools to use federal funds to pay for private school expenses. The measure failed on May 23, 2001, by a vote of 155–273. Y=W; N=R (REP: 152–68; DEM: 2–204; I: 1–1)",house_2001.csv,
2001,House,107,1,4,H.R.,1836,HR1836-107,Tax Reconciliation/Millionaire Tax Cut,conference report,2001-05-26,Adopted,240,154,N,Y=Wrong; N=Right,148,https://voteview.com/rollcall/RH1070148,,1,"Conference Report on H.R. 1836—President Bush’s millionaire tax cut received its final House approval with the passage of the conference report on the fiscal year 2002 tax reconciliation bill. The legislation uses $1.74 trillion of the projected budget surpluses over the next 10 years to pay for tax cuts that primarily would benefit the wealthy ($1.35 trillion for the tax cuts themselves and $390 billion for additional interest payments on the federal debt that these tax cuts would require). According to Citizens for Tax Justice, more than 38 percent of the tax cut benefits will go to the wealthiest 1 percent of taxpayers, who make $373,000 or more annually. Spending most of the projected budget surpluses to pay for tax cuts makes it virtually impossible for future sessions of Congress to strengthen Social Security and Medicare, add a prescription drug benefit to Medicare and make needed investments in education and health care. This legislation however, did improve section 415 of the tax code to fix retirement rules capping multiemployer plan benefits. The conference report passed May 26, 2001, 240–154. Y=W; N=R (REP: 211–0; DEM: 28–153; I: 1–1)",house_2001.csv,
2001,House,107,1,5,H.R.,2299,HR2299-107,NAFTA/Truck Safety,amendment,2001-06-26,Adopted,285,143,Y,Y=Right; N=Wrong,192,https://voteview.com/rollcall/RH1070192,,2,"H.R. 2299—President Bush, citing provisions of the North American Free Trade Agreement, proposed to open U.S. roads and highways to Mexican trucks, beyond the current limited border zone in which they have been allowed to operate. However, those trucks are not held to the same federal safety standards as are U.S. trucks and border inspections revealed almost half of these Mexican trucks had serious safety violations. The House passed an amendment to the Department of Transportation spending bill that would prohibit trucks and buses from Mexico from operating in the United States beyond the narrow border zone until they meet all U.S. safety standards. The amendment passed June 26, 2001, 285–143. Y=R; N=W (REP: 82–134; DEM: 201–9; I: 2–0)",house_2001.csv,
2001,House,107,1,6,H.R.,2563,HR2563-107,Health Care/Patient Protections,amendment,2001-08-02,Adopted,218,213,N,Y=Wrong; N=Right,326,https://voteview.com/rollcall/RH1070326,"bill number: the card prints ""H.R. 2663"" for the Norwood amendment to the Patients' Bill of Rights. The measure is H.R. 2563, the Bipartisan Patient Protection Act - roll 326 (clerk 329, which the grid prints) is one of its five roll calls of 2 Aug 2001 and carries the card's own 218-213 - while H.R. 2663 drew no roll call at all in the 107th House. The description keeps the card's words under rule 1; bill_number follows the roll call",2,"H.R. 2663—Rep. Charles Norwood (R-Ga.) offered an amendment to the Patient Protection Act, also know as the Patients’ Bill of Rights, to replace the bill’s original liability provisions that enforce patient protections with the more limited liability provisions pushed by President George W. Bush. The amendment creates bigger hurdles for patients seeking to sue health maintenance organizations that improperly deny them care. It also creates special protections for the HMOs. In addition, the liability provisions in the Norwood amendment actually would undermine existing state patient protections. The amendment passed Aug. 2, 2001, 218–213. Y=W; N=R (REP: 214–6; DEM: 3–206; I: 1–1)",house_2001.csv,
2001,House,107,1,7,H.R.,3090,HR3090-107,Economic Stimulus,passage,2001-10-24,Passed,216,214,N,Y=Wrong; N=Right,400,https://voteview.com/rollcall/RH1070400,,2,"H.R. 3090—The economic aftershocks of the Sept. 11 terrorist attacks on the United States, combined with the Bush recession, resulted in the lay-offs of hundreds of thousands of workers. The AFL-CIO and other working family advocates backed an economic stimulus plan to extend, expand and improve unemployment insurance benefits to help families make up for lost income; to help laid-off workers maintain or acquire health insurance; to provide funds to enable state unemployment systems to meet the surge in claims; and to provide help to the business community. But House Republican leaders and President George W. Bush supported a stimulus plan that focused on huge tax breaks for the wealthy and corporations. H.R. 3090 called for spending $162 billion over the next 10 years to pay for those additional tax cuts for large corporations and wealthy individuals. The only worker relief proposals were a $9 billion unemployment insurance block grant program and a $3 billion health care block grant program that did not guarantee any assistance to laid-off workers and their families. The bill passed Oct. 24, 2001, 216–214. Y=W; N=R (REP: 212–7; DEM: 3–206; I: 1–1)",house_2001.csv,
2001,House,107,1,8,H.R.,2269,HR2269-107,Retirement Security/Employee Retirement Advice,passage,2001-11-15,Passed,280,144,N,Y=Wrong; N=Right,438,https://voteview.com/rollcall/RH1070438,,2,"H.R. 2269—Many workers count on their 401(k) account as a major source of their retirement security. Unlike defined-benefit pension plans, these plans carry substantial investment risk. While workers need high-quality investment advice to protect their assets, that advice must be independent and not compromised by conflicts of interest. Currently, the Employee Retirement Income Security Act (ERISA) prohibits financial institutions—such as mutual fund companies, banks and insurance companies—from providing investment advice to 401(k) plan participants on investment products from which these institutions earn a profit. Such conflicted advice is barred because the adviser has a financial incentive to steer workers toward particular higher fee-generating investments; the adviser’s interest is not solely the worker’s best interest. H.R. 2269 would undermine ERISA’s fundamental protections by lifting the ban against conflicted advice. The bill passed Nov. 15, 2001, 280–144. Y=W; N=R (REP: 215–0; DEM: 64–143; I: 1–1)",house_2001.csv,
2001,House,107,1,9,H.R.,3005,HR3005-107,Fast Track,passage,2001-12-06,Passed,215,214,N,Y=Wrong; N=Right,476,https://voteview.com/rollcall/RH1070476,,3,"H.R. 3005—Under the rules of Fast Track trade authority, Congress is stripped of the ability to improve proposed trade agreements negotiated by the president. It is only allowed to vote “yes” or “no” on entire trade packages. For example, Fast Track rules out congressional action to include or strengthen workers’ rights or environmental protections in trade agreements. After intense pressure from House Republican leaders and the Bush administration, some 30 Republican House members who voted against the trade scheme in 1998 switched their votes and supported H.R. 3005. The bill passed Dec.6, 2001, by one vote, 215–214. Y=W; N=R (REP: 194–23; DEM: 21–189: I: 0–2)",house_2001.csv,
2001,House,107,1,10,H.R.,10,HR10-107,Railroad Retirement,passage,2001-12-11,Passed,369,33,Y,Y=Right; N=Wrong,480,https://voteview.com/rollcall/RH1070480,,3,"H.R. 10—Rail workers and their unions backed legislation to boost the value of their pension fund assets. The legislation would increase benefits for retired railroad workers and their spouses and survivors. It also would create a railroad retirement board that would have the authority to invest the pension system’s $15.3 billion in Treasury bonds in higher-yielding private equities. The House approved the legislation Dec.11, 2001, in a 369–33 vote. Y=R; N=W (REP: 171–31; DEM: 196–2; I: 2–0)",house_2001.csv,
2001,House,107,1,11,H.R.,3295,HR3295-107,Election Reform,motion to recommit,2001-12-12,Rejected,197,226,Y,Y=Right; N=Wrong,483,https://voteview.com/rollcall/RH1070483,,3,"H.R. 3295—Several election reform efforts followed the controversial 2000 presidential elections, in which far too many Americans were denied the right to have their votes count, voting machines failed to properly record and count ballots and poorly designed and confusing ballots negated votes. One such bill was H.R. 3295, which addressed some of the issues, but did not contain strong civil rights provisions to protect the right of every citizen in every state to vote. A motion was made to send the bill back to the committee level to add an omnibus civil rights amendment that would have ensured that states use voting machines that inform voters whether they have voted for too many or too few candidates and are accessible to individuals with disabilities and those who speak languages other than English. It also would have ensured that registered voters whose names do not appear on voter registration lists are allowed to cast provisional ballots. The motion failed Dec. 12, 2001, in a 197–226 vote. Y=R; N=W (REP: 1–214; DEM: 195–11; I: 1–1)",house_2001.csv,
2001,House,107,1,12,H.R.,3529,HR3529-107,Economic Stimulus II,passage,2001-12-20,Passed,224,193,N,Y=Wrong; N=Right,504,https://voteview.com/rollcall/RH1070504,"date: the card prints Dec. 19, 2001; Voteview roll 504 - clerk 509, which the grid prints - is 20 December 2001, and clerk.house.gov/evs/2001/ROLL_500.asp gives ""509 20-Dec H R 3529 On Passage"" independently of Voteview. The printed key (19 Dec, 224-193) matches no roll call in either direction, and the House's last record vote of 19 December is 506, so this is a day early rather than a sitting that ran past midnight",3,"H.R. 3529—The first so-called economic stimulus bill that House Republican leaders narrowly squeaked through in October failed to go anywhere in the Senate. But instead of trying to reach a compromise that would have directed more help to working families, House leaders offered another economic stimulus bill that contained massive tax cuts for corporations and upper-income taxpayers, but only meager benefits for laid-off workers. The Republican bill provided 13 weeks of extended unemployment benefits, but no expansion of coverage and no increase in the weekly benefit. The bill provided a small tax credit for individuals to purchase health care on the private market, but no meaningful reforms that would have ensured that such coverage was available and affordable. The Democratic plan, which Republican leaders blocked from a vote, contained the 13-week UI extension, plus an increase in the weekly benefit and new eligibility rules to cover part-time and intermittent workers. The Democratic plan also included a 75 percent subsidy to cover the cost of COBRA, and more than $5 billion in direct aid to states. The bill passed Dec. 19, 2001, 224–193. Y=W; N=R (REP: 214–2; DEM: 9–190; I: 1–1)",house_2001.csv,
2002,House,107,2,1,H.R.,622,HR622-107,Stimulus,passage,2002-02-14,Passed,225,199,N,Y=Wrong; N=Right,544,https://voteview.com/rollcall/RH1070544,,1,"H.R. 622—House Republicans refused to consider a 13-week extension of unemployment benefits for the more than 1 million workers who had exhausted their jobless benefits without adding a huge tax cut for corporations and the wealthy as an amendment. Instead of voting on the unanimously passed Senate unemployment extension bill, Republican leaders offered their partisan “stimulus” bill that passed the House in 2001 but never won Senate approval. The bill called for tax cuts of $193 billion through 2007, and failed to provide real health care assistance for laid-off workers, fiscal relief for states struggling with massive budget deficits or unemployment benefits for the thousands of low-wage and part-time workers who are denied benefits in many states despite paying into the unemployment system. It passed Feb. 14, 2002, 225–199. Y=W; N=R (R: 214–1; D: 10–197; I: 1–1)",house_2002.csv,
2002,House,107,2,2,H.R.,3762,HR3762-107,Retirement Security,passage,2002-04-11,Passed,255,163,N,Y=Wrong; N=Right,598,https://voteview.com/rollcall/RH1070598,,1,"H.R 3762—The House passed so-called 401(k) reform legislation that would make only modest improvements in current law -- doing nothing to prevent future Enrons -- while removing key protections for workers’ retirement security. The bill eliminates rules that now prohibit investment advisors with financial conflicts of interest from providing investment advice to 401(k) plan participants. It also allows employers to exclude more lower-paid workers from participating in 401(k) plans. The bill passed April 11, 2002, 255–163. Y=W; N=R; (208–2; D: 46–160; I:1–1)",house_2002.csv,
2002,House,107,2,3,H.R.,586,HR586-107,Tax Cuts,passage,2002-04-18,Passed,229,198,N,Y=Wrong; N=Right,609,https://voteview.com/rollcall/RH1070609,"bill number: the card prints ""H.R. 86"" for the bill making the 2001 tax cuts permanent. H.R. 86 drew no roll call at all in the 107th House; the measure is H.R. 586, the Fairness for Foster Care Families Act, which the Senate amended and which the House then used as the vehicle for the Tax Relief Guarantee Act. Roll 609 (clerk 103, which the grid prints) carries the card's own 18 Apr 2002, 229-198 and its party split exactly. The description keeps the card's words under rule 1; bill_number follows the roll call",1,"H.R. 86—The House passed legislation that would have made 2001’s massive $1.74 trillion tax cut permanent—while the government moved from large budget surpluses to massive deficits. According to the Center on Budget and Policy Priorities, this legislation would use an additional $374 billion worth of federal budget surpluses in fiscal years 2003-2012 to pay for tax cuts primarily for the wealthy rather than to strengthen Social Security and Medicare, provide a Medicare prescription drug benefit or otherwise assist working families. The legislation would cost another $4 trillion in FY’s 2013-1022, the decade during which most “Baby Boomers” are expected to retire and begin relying on Social Security and Medicare. The bill passed April 18, 2002, 229-198. Y=W; N=R (R: 219–1; D: 9–196; I: 1–1)",house_2002.csv,
2002,House,107,2,4,H.R.,3763,HR3763-107,Corporate Accountability,motion to recommit,2002-04-24,Rejected,205,222,Y,Y=Right; N=Wrong,615,https://voteview.com/rollcall/RH1070615,,1,"H.R. 3763—During the debate on corporate accountability, House Republicans offered a bill that fell far short of providing meaningful reform and even made it more difficult for the Securities and Exchange Commission to go after corporate wrongdoers. In an effort to strengthen the bill, a motion was made to send the bill back to committee to add language related to the establishment of a public regulator to monitor accounting and auditing practices and executive accountability provisions. This motion was rejected April 24, 2002, 205-222. Y=R; N=W (R: 0–218; D: 204–3; I: 1–1)",house_2002.csv,
2002,House,107,2,5,H.R.,4954,HR4954-107,Medicare Prescription Drugs,passage,2002-06-28,Passed,221,208,N,Y=Wrong; N=Right,788,https://voteview.com/rollcall/RH1070788,"date: the card prints June 27, 2002; Voteview roll 788 - clerk 282, which the grid prints - is 28 June 2002, and clerk.house.gov gives 28-Jun independently of Voteview. This is a sitting that ran past midnight rather than a misprint: rolls 281-282 on H.R. 4954 follow roll 280 of 27 June with no intervening sitting day, so the two calendar days are one unbroken run of voting. The printed key (27 June, 221-208) matches no roll call in either direction",2,"H.R. 4954—Skyrocketing costs for prescription drugs have forced millions of seniors to choose whether to buy needed medicine, pay their rent or mortgage or buy groceries. Others have been forced to travel to Canada where the same drugs are much less expensive or to cut their prescribed doses in an effort to stretch their medicines. But the House passed a prescription drug plan that rewards HMOs, drug companies and private insurers with billions in subsidies and leaves seniors with no assurances that the coverage they need will be affordable or even available. In addition, an accounting trick buried in the bill means employers now providing retiree drug benefits will get little relief, which would have prompted employers to abolish coverage for an estimated 3 million retirees. The bill passed June 27, 2002, 221-208. Y=W; N=R (R: 212–8; D: 8–199; I: 1–1)",house_2002.csv,
2002,House,107,2,6,H.R.,5005,HR5005-107,Collective Bargaining,amendment,2002-07-26,Adopted,229,201,N,Y=Wrong; N=Right,862,https://voteview.com/rollcall/RH1070862,,2,"H.R. 5005—As part of his homeland security proposal, President George W. Bush insisted on the right to deny collective bargaining rights to the workers slated to become part of the new government department. He threatened to veto any legislation that protected the workers’ current right to unionize. The House passed an amendment to the bill that would expand presidential power to deny employees the right to unionize. The amendment passed July 26, 2002, 229–201. Y=W; N=R (R: 217–2; D: 11–198; I: 1–1)",house_2002.csv,
2002,House,107,2,7,H.R.,3009,HR3009-107,Fast Track,conference report,2002-07-27,Adopted,215,212,N,Y=Wrong; N=Right,876,https://voteview.com/rollcall/RH1070876,"date: the card prints July 26, 2002; Voteview roll 876 - clerk 370, which the grid prints - is 27 July 2002, and clerk.house.gov gives 27-Jul independently of Voteview. This is a sitting that ran past midnight rather than a misprint: rolls 368-370 follow rolls 364-367 of 26 July with no intervening sitting day. The card dates records 6 AND 7 to 26 July and record 6's roll 862 really is 26 July, so the card is giving one all-night sitting one date. The printed key (26 July, 215-212) matches no roll call in either direction",2,"H.R. 3009—The conference report on Fast Track trade authority contained weak and flawed provisions on workers’ rights and environmental protections, essentially ruling out enforcement standards in future Fast Track trade agreements. Fast Track allows the president to submit trade agreements to Congress for an up or down vote without being subject to amendments or changes. The House passed the conference report July 26, 2002, 215–212. Y=W; N=R (R: 190–27; D: 25–183; I: 0–2)",house_2002.csv,
2002,House,107,2,8,H.R.,3295,HR3295-107,Election Reform,conference report,2002-10-10,Adopted,357,48,Y,Y=Right; N=Wrong,968,https://voteview.com/rollcall/RH1070968,,2,"H.R. 3295—The Help America Vote Act overhauls our nation’s election system by creating minimum national standards for voting machines, provisional ballots and statewide voter registration lists. The conference report passed Oct. 10, 2002, 357–48. Y=R; N=W (R: 172–37; D: 184–11; I: 1–0).",house_2002.csv,
2002,House,107,2,9,H.R.,333,HR333-107,Bankruptcy Overhaul,passage,2002-11-15,Passed,244,116,N,Y=Wrong; N=Right,990,https://voteview.com/rollcall/RH1070990,"date: the card prints Nov. 14, 2002; Voteview roll 990 - clerk 484, which the grid prints - is 15 November 2002, and clerk.house.gov gives 15-Nov independently of Voteview. This is a sitting that ran past midnight rather than a misprint: rolls 483-484 follow rolls 478-482 of 14 November with no intervening sitting day. The printed key (14 Nov, 244-116) matches no roll call in either direction",2,"H.R. 333—The Bankruptcy Reform Act would have tilted the bankruptcy system in favor of creditors and would have made it more difficult for those hurt by the Bush recession and the sluggish economy to gain a fresh start. If enacted into law, millions of working families who desperately need relief from unemployment, medical problems, and other causes beyond their control would have been unable to gain a fresh start through the bankruptcy process. The House agreed to a motion to H.R. 333 that would have required debtors able to repay $10,000 or 25 percent of their debts over five years to file under Chapter 13, which requires a reorganization of debts under a repayment plan, instead of seeking to discharge their debts under Chapter 7. The motion passed Nov. 14, 2002, 244-116. Y=W; N=R (R: 189–0; D: 55–115; I: 0–1)",house_2002.csv,
2003,House,108,1,1,H.Con.Res.,95,HCONRES95-108,Budget,budget resolution,2003-03-21,Passed,215,212,N,Y=Wrong; N=Right,81,https://voteview.com/rollcall/RH1080081,"bill number: the card prints ""S. Con. Res. 95"" for the FY2004 House budget resolution. The FY2004 budget resolution is H. Con. Res. 95 - which the card's own Senate record 4 prints correctly - and roll 81 (clerk 82, which the grid prints) carries the card's own 21 Mar 2003, 215-212 and its party split exactly. S. Con. Res. 95 is a real measure, the FY2005 budget resolution, but every roll call it ever drew is in 2004, so it could not have been voted on the card's own date. The description keeps the card's words under rule 1; bill_number follows the roll call",2,"S. Con. Res. 95—The fiscal year (FY) 2004 House budget resolution—designed by Republican leaders to reflect the Bush administration’s priorities—cut domestic programs by more than $500 billion to make room for President George W. Bush’s $726 billion tax cut aimed mostly at the wealthy (including $364 billion for the corporate dividend tax cut). The budget resolution cut funding for all nondefense programs (including all education, job training and health care programs) by $244 billion over the next 10 years and cut an additional $265 billion in mandatory spending for Medicaid, veteran’s benefits and pensions and benefits for federal employees and railroad employees. The resolution included no funds to help states address their financial crises and inadequate funds for infrastructure investments that can create jobs by rebuilding roads, bridges, schools and water, sewer and transportation systems. Although the allotted time for a vote on the budget resolution had expired, Republican leaders held the vote open and strong-armed several Republicans lawmakers who had voted against the budget resolution with appeals to party loyalty to switch their votes. The resolution passed March 21, 2003, 215–212: Y=W; N=R (R: 214–12; D: 1–199; I: 0–1)",house_2003.csv,
2003,House,108,1,2,H.R.,1559,HR1559-108,Aviation Worker Relief,motion,2003-04-08,Agreed to,265,150,Y,Y=Right; N=Wrong,111,https://voteview.com/rollcall/RH1080111,,2,"H.R. 1559—Aviation workers are among the hardest hit by the nation’s economic downturn fueled by Bush’s tax-cuts-for-millionaires economic policies and the effects of the Sept. 11, 2001, terrorist attacks. But while Congress and the White House provided a bailout for airlines in late 2001, they did nothing to help the tens of thousands of jobless aviation workers. Before a conference began to meld House and Senate versions of an emergency appropriations bill to fund the war in Iraq into a final bill, House Democrats offered a motion to instruct conferees to accept the Senate’s provision on aviation workers. The Senate bill included $275 million to provide an additional 26 weeks of unemployment benefits for unemployed airline workers who had exhausted their state and federal unemployment benefits. The House bill did not. Sixty-seven Republicans joined every Democrat in the House to pass the nonbinding motion to instruct the conferees who were meeting on the bill to accept the Senate provision. The motion passed April 8, 2003, 265–150: Y=R; N=W (R: 67–150; D: 197–0; I: 1–0)",house_2003.csv,
2003,House,108,1,3,H.R.,2,HR2-108,Tax Cuts,passage,2003-05-09,Passed,222,203,N,Y=Wrong; N=Right,181,https://voteview.com/rollcall/RH1080181,,2,"H.R. 2—A Republican-sponsored $550 billion tax-cut proposal bestowed most its benefits on the wealthy and corporations. House Democrats made several efforts to send the bill back to the committee level to scale back the tax cuts benefiting wealthy individuals and corporations. Democrats sought to use those funds to help states address their fiscal crises—nearly $200 billion in state deficits that had forced layoffs and cuts in vital services—and to extend the federal Temporary Extended Unemployment Compensation that provides unemployment benefits to long-term jobless workers who exhaust their state unemployment insurance benefits. Republicans blocked those efforts and the bill passed on a mostly party-line vote May 9, 2003, 222–203: Y=W; N=R (R: 218–3; D: 4–199; I: 0–1)",house_2003.csv,
2003,House,108,1,4,H.R.,1000,HR1000-108,Retirement Security,passage,2003-05-14,Passed,271,157,N,Y=Wrong; N=Right,188,https://voteview.com/rollcall/RH1080188,,2,"H.R. 1000—Tens of millions of workers have invested their retirement savings in 401(k) accounts. The collapse of Enron, WorldCom and other corporations not only robbed workers of their retirement savings but revealed fiscal misconduct, bad investment advice and other dangerous corporate practices that threaten workers’ retirement security. A so-called 401(k) reform bill in the House made only modest improvements in current law while removing key protections for workers’ retirement security. The bill eliminated rules that prohibited investment advisers with financial conflicts of interest from providing investment advice to 401(k) plan participants. It also allowed employers to exclude more lower-paid workers from participating in 401(k) plans. The bill passed May 14, 2003, 271–157: Y=W; N=R (R: 222–1; D: 49–155; I: 0–1)",house_2003.csv,
2003,House,108,1,5,H.R.,2660,HR2660-108,Worker Safety/Coal Dust,amendment,2003-07-10,Rejected,210,212,Y,Y=Right; N=Wrong,347,https://voteview.com/rollcall/RH1080347,"match not forced by the (date, tally) key: rolls 347 and 350 are both 210-212 on 10 July 2003 and both ""On Agreeing to the Amendment"" on H.R. 2660, and Voteview describes neither. The card's own PARTY SPLIT separates them - roll 347 is R 11-212, D 198-0, I 1-0, the printed figures exactly, while roll 350 is R 177-46, D 33-165, I 0-1 - and the grid's printed record vote number, 349, gives roll 347 outright",3,"H.R. 2660—Black lung, a fatal pulmonary disease caused by exposure to coal dust, is a major health hazard for coal miners. Over the years, federal rules have limited the allowable levels of respirable coal dust in mines. The Bush administration’s Mine Safety and Health Administration (MSHA) proposed regulations that would allow coal mine operators to increase their respirable dust levels by 400 percent. During consideration of the FY 2004 Labor, Health and Human Services and Education appropriations bill, Rep. Nick Rahall (D-W.Va.) offered an amendment that blocked MSHA from using any funds to carry out the proposed regulations. The amendment failed on July 10, 2003, 210–212: Y=R; N=W (R: 11–212; D: 198–0; I: 1–0)",house_2003.csv,
2003,House,108,1,6,H.R.,2660,HR2660-108,Overtime Pay,amendment,2003-07-10,Rejected,210,213,Y,Y=Right; N=Wrong,349,https://voteview.com/rollcall/RH1080349,,3,"H.R. 2660—In March, the Bush administration announced a plan to make changes in the Fair Labor Standards Act that could eliminate the overtime pay eligibility for 8 million or more workers. Reps. George Miller (D-Calif.) and David Obey (D-Wis.) offered an amendment to the FY 2004 Labor, Health and Human Services and Education appropriations bill to guarantee workers’ overtime pay eligibility by prohibiting the U.S. Department of Labor from using funds to promulgate or implement any regulation that would take away overtime protection from workers who currently qualify. The amendment failed July 10, 2003, 210–213: Y=R; N=W (R: 14–210; D: 195–3; I: 1–0)",house_2003.csv,
2003,House,108,1,7,H.R.,2660,HR2660-108,Labor/HHS/Education Appropriations,passage,2003-07-10,Passed,215,208,N,Y=Wrong; N=Right,351,https://voteview.com/rollcall/RH1080351,,3,"H.R. 2660—The Republican-crafted FY 2004 Labor, Health and Human Services and Education appropriations bill critically underfunded education, health care, job training and other vital programs. The bill also eliminated funds for the Labor Department’s international initiatives that help foreign countries fight child labor, educate their workers about HIV/AIDS and develop core labor standards. The bill passed July 10, 2003, 215–208: Y=W; N=R (R: 215–9; D: 0–198; I: 0–1)",house_2003.csv,
2003,House,108,1,8,H.R.,2739,HR2739-108,Trade: U.S.–Singapore,passage,2003-07-24,Passed,272,155,N,Y=Wrong; N=Right,430,https://voteview.com/rollcall/RH1080430,,3,"H.R. 2739—United States and international labor and human rights activists long have fought to include strong and enforceable workers’ rights standards, including the freedom of association, in trade agreements. The U.S.–Singapore Free Trade Agreement negotiated by the Bush administration did not include enforceable core labor standards. The agreement also contained a new temporary guest-worker program for professional workers entering the United States from Singapore. The bill passed July 24, 2003, 272–155: Y=W; N=R (R: 197–27; D: 75–127; I: 0–1)",house_2003.csv,
2003,House,108,1,9,H.R.,2738,HR2738-108,Trade: U.S.–Chile,passage,2003-07-24,Passed,270,156,N,Y=Wrong; N=Right,434,https://voteview.com/rollcall/RH1080434,,3,"H.R. 2738—United States and international labor and human rights activists long have fought to include strong and enforceable workers’ rights standards, including the freedom of association, in trade agreements. The U.S.–Chile Free Trade Agreement negotiated by the Bush administration did not include enforceable core labor standards. The agreement also contained a new temporary guest-worker program for professional workers entering the United States from Chile. The bill passed July 24, 2003, 270–156: Y=W; N=R (R: 195–27; D: 75–128; I: 0–1)",house_2003.csv,
2003,House,108,1,10,H.R.,2989,HR2989-108,Amtrak,amendment,2003-09-04,Rejected,90,322,N,Y=Wrong; N=Right,468,https://voteview.com/rollcall/RH1080468,,3,"H.R. 2989—Amtrak, the nation’s passenger rail line, carries millions of passengers each year and employs more than 20,000 workers. For FY 2004, Amtrak estimated it needed $1.8 billion to avoid service cuts, layoffs and the elimination of many key passenger routes. But the Bush administration’s FY 2004 budget request for Amtrak was just half the funding needed. During consideration of the FY 2004 Transportation, Treasury and Independent Agencies appropriations bill, Rep. Tom Tancredo (R-Colo.) offered an amendment that would further underfund the rail line by taking $320 million from the $900 million Amtrak funding level in the bill. Opponents said the amendment to reduce funding for Amtrak was an effort to weaken, eventually privatize and finally kill Amtrak, as the Bush administration has advocated. The amendment failed Sept. 4, 2003, 90–322: Y=W; N=R (R: 90–130; D: 0–191; I: 0–1)",house_2003.csv,
2003,House,108,1,11,H.R.,2989,HR2989-108,Privatization,amendment,2003-09-09,Adopted,220,198,Y,Y=Right; N=Wrong,485,https://voteview.com/rollcall/RH1080485,,4,"H.R. 2989—In 2002, the Bush administration announced plans to privatize and contract out more than 850,000 federal jobs. In May, the Office of Management and Budget announced new rules that gutted previous regulations designed to create a level playing field between private contractors seeking government work and the agencies and workers performing the work. Rep. Chris Van Hollen (D-Md.) offered an amendment to the FY 2004 Treasury, Transportation and Independent Agencies appropriations bill that would have blocked implementation of the new pro-contractor privatization process. The amendment passed Sept. 9, 2003, 220–198: Y=R; N=W (R: 26–195; D: 193–3; I: 1–0)",house_2003.csv,
2003,House,108,1,12,H.R.,2765,HR2765-108,Private School Vouchers,amendment,2003-09-09,Adopted,209,208,N,Y=Wrong; N=Right,488,https://voteview.com/rollcall/RH1080488,,4,"H.R. 2765—As state and local fiscal crises grow, public school systems face increasing funding difficulties. Schools need resources to lower class sizes, repair crumbling schools and recruit, hire and retain qualified teachers. But Republicans offered an amendment to the FY 2004 District of Columbia Appropriations bill to divert public school funds and authorize a private school voucher program in the District of Columbia. The amendment passed Sept. 9, 2003, 209–208: Y=W; N=R (R: 206–15; D: 3–192; I: 0–1)",house_2003.csv,
2003,House,108,1,13,H.R.,2660,HR2660-108,Overtime,motion,2003-10-02,Agreed to,221,203,Y,Y=Right; N=Wrong,529,https://voteview.com/rollcall/RH1080529,,4,"H.R. 2660—When the Senate passed its version of the FY 2004 Labor, Health and Human Services and Education appropriations bill, it included an amendment that guaranteed workers’ overtime pay eligibility by prohibiting the Labor Department from using funds to promulgate or implement any regulation that would take away overtime pay protections from workers who currently qualify. In March 2003, the Bush administration announced a plan to make changes in the Fair Labor Standards Act that could eliminate the overtime pay eligibility for 8 million or more workers. Before the bill went to conference with the House version, which did not include the overtime pay eligibility guarantee, the House passed a motion to instruct conferees to go along with the Senate overtime provisions. The motion was approved Oct. 2, 2003, 221–203: Y=R; N=W (R: 21–201; D: 199–2; I: 1–0)",house_2003.csv,
2003,House,108,1,14,H.R.,2115,HR2115-108,Air Traffic Control Privatization,conference report,2003-10-30,Adopted,211,207,N,Y=Wrong; N=Right,590,https://voteview.com/rollcall/RH1080590,,4,"H.R. 2115—During summer 2003, the Senate and House approved versions of the Federal Aviation Administration Reauthorization bill that contained provisions to guard against a Bush administration plan to privatize the nation’s air traffic control system. But when merging the legislation, the Republican-dominated conference committee dropped those provisions. Along with allowing air traffic control privatization, the conference report included provisions that allowed foreign air cargo companies to raid U.S. domestic markets in violation of longstanding cabotage laws that govern foreign participation in the domestic airline market and gutted flight attendant anti-terrorism training requirements in defiance of a bipartisan mandate embodied initially in the Homeland Security Act of 2002. The House passed the conference report Oct. 30, 2003, 211–207: Y=W; N=R (R: 210–11; D: 1–195; I: 0–1)",house_2003.csv,
2003,House,108,1,15,H.R.,1,HR1-108,Medicare Prescription Drugs,conference report,2003-11-22,Adopted,220,215,N,Y=Wrong; N=Right,667,https://voteview.com/rollcall/RH1080667,,4,"H.R. 1—The final version of the Medicare prescription drug bill moved Medicare toward privatization, steered seniors to private HMOs, forced 32.5 million current beneficiaries to pay higher premiums and other Medicare costs, opened the doors to $139 billion in profits for the pharmaceutical industry, prevented the government from negotiating for lower drug prices, did nothing to rein soaring prescription drug costs for seniors and threatened the employer-provided drug coverage of millions of retirees. House Republican leaders conducted an unprecedented three-hour vote that did not conclude until 6 a.m. During the three hours the vote was held open—votes typically are open 15 to 20 minutes—the bill’s opponents held a narrow lead. But following intense arm-twisting by President Bush and Republican House leaders, several Republican members gave in to pressure and political promises and switched their votes. The bill passed Nov. 22, 2003, 220-215: Y=W; N=R (R: 204-25; D: 16-189; I: 0-1)",house_2003.csv,
2003,House,108,1,16,H.R.,1119,HR1119-108,Compensatory Time,,,,,,N,Y=Wrong; N=Right,,,"no roll call, and none is possible: H.R. 1119, the compensatory time bill, was pulled from the House floor before any vote. The AFL-CIO scored members' COMMITMENTS instead, in the roster grid's shaded, unnumbered ""Comptime Commitments"" column, which carries no record vote number, no AFL-CIO vote number and no Favorable Position cell, and which is excluded from the printed R/W totals. The card numbers the record 16 in its prose and says the commitments ""are included in the Voting Record but not included in the year-end or lifetime percentages"", so it is a row with aflcio_num 16 and an empty date, tally, vote_question and result. The card prints no For/Against marker for it either; aflcio_position is N on its own ""The bill was opposed strongly by the AFL-CIO"", which is what makes the grid's R cells right",5,"H.R. 1119—In early June 2003, House Republican leadership scheduled a vote on compensatory time legislation, H.R. 1119. The bill would allow employers to give workers compensatory time off in place of time-and-a-half pay for every overtime hour worked. The so-called Family Time Flexibility Act actually would fail to give workers more control over their time, undermine the 40-hour workweek and could result in pay cuts for working families who depend on overtime pay to meet expenses. The bill was opposed strongly by the AFL-CIO. When it became apparent to GOP leaders there were not sufficient votes to pass the bill, they pulled the legislation from the floor. However, most representatives had made commitments on the issue and these are included in the Voting Record but not included in the year-end or lifetime percentages.",house_2003.csv,
2004,House,108,2,1,H.R.,3030,HR3030-108,Unemployment Insurance,amendment,2004-02-04,Adopted,227,179,Y,Y=Right; N=Wrong,692,https://voteview.com/rollcall/RH1080692,,2,"H.R. 3030—In December 2003, the Temporary Extended Unemployment Compensation (TEUC) program expired. The TEUC provided generally 13 weeks of federal unemployment benefits for workers who had exhausted their state benefits without finding new employment. By early 2004, the economy had lost more than 2.7 million private-sector jobs since Bush took office, more than 2 million jobless workers had been out of work for 27 or more weeks and about 90,00 workers a week were exhausting their state unemployment benefits. An amendment to H.R. 3030 that would provide an additional 13 weeks of federal unemployment benefits to replace the TEUC program passed Feb. 4, 2004, 227–179. Y=R; N=W (R: 39–179; D: 187–0; I: 1–0)",house_2004.csv,
2004,House,108,2,2,H.Con.Res.,393,HCONRES393-108,Budget,budget resolution,2004-03-25,Passed,215,212,N,Y=Wrong; N=Right,766,https://voteview.com/rollcall/RH1080766,,2,"H. Con. Res. 393—President George W. Bush presented a budget that permanently locked in multitrillion-dollar tax breaks that mostly benefit the nation’s wealthiest. To finance these taxes cuts for millionaires and billionaires, the Republican budget resolution—which mirrored Bush’s proposal—inflated the record-high $477 billion U.S. deficit and by $120 billion shortchanged or cut funds for the domestic programs working families need most—from job creation to health care, transportation and education. It also accelerated the repeal of the estate tax and made permanent tax cuts—such as the estate tax repeal, the capital gains and dividend rate cuts and the reduction in marginal rates—that provide huge benefits to families with the highest incomes. The resolution passed March 25, 2004, 215–212. Y=W; N=R (R: 215–10; D: 0–201; I: 0–1)",house_2004.csv,
2004,House,108,2,3,H.R.,3550,HR3550-108,Transportation,passage,2004-04-02,Passed,357,65,Y,Y=Right; N=Wrong,788,https://voteview.com/rollcall/RH1080788,,2,"H.R. 3550—According to a bipartisan group of state government officials, at least $318 billion was needed to meet the country’s transportation needs for the next six years. But the Bush administration had threatened to veto a Senate-passed measure that authorized the $318 billion although every $1 billion in transportation construction creates 47,500 jobs, according to a coalition of state transportation officials. A House bill to authorize $275 billion ($43 million less than the Senate figure) passed April 2, 2004, 357–65. Y=R; N=W (R: 162–59; D: 194–6; I: 1–0)",house_2004.csv,
2004,House,108,2,4,H.R.,4281,HR4281-108,Health Care,passage,2004-05-13,Passed,252,162,N,Y=Wrong; N=Right,848,https://voteview.com/rollcall/RH1080848,,2,"H.R. 4281—Some 45 million Americans do not have health care coverage, but legislation that would allow small businesses to offer health insurance to their employees through “association health plans” does little to address the problem. These substandard plans would be exempt from state insurance regulations and, according to the Congressional Budget Office, would lead to premium increases for four in five already insured workers. The bill passed May 13, 2004, 252–162. Y=W; N=R (R: 215–0; D: 37–161; I: 0–1)",house_2004.csv,
2004,House,108,2,5,H.R.,3722,HR3722-108,Immigration,passage,2004-05-18,Rejected,88,331,N,Y=Wrong; N=Right,856,https://voteview.com/rollcall/RH1080856,,3,"H.R. 3722—The legislation would have denied hospitals and other health care providers reimbursement for uncompensated emergency care they provide to undocumented immigrants unless they report those immigrants to the Department of Homeland Security (DHS). Health care providers would have been required to transmit to DHS information including the patients’ financial data, identity of the employer and biometric information. The bill also would have narrowed the scope of emergency health services available to undocumented persons and make inability to pay medical expenses a basis for removal from the United States. The bill failed May 18, 2004, 88–331. Y=W; N=R (R: 86–133; D: 2–197; I: 0–1)",house_2004.csv,
2004,House,108,2,6,H.R.,2730,HR2730-108,Workplace Safety/Enforcement Rulings,passage,2004-05-18,Passed,224,204,N,Y=Wrong; N=Right,859,https://voteview.com/rollcall/RH1080859,,3,"H.R. 2730—Under a 1991 Supreme Court decision, the Secretary of Labor has the authority to interpret and enforce Occupational Safety and Health Administration (OSHA) standards and rules. H.R. 2730 would overturn that ruling and say that deference should be given to the OSHA Review Commission rather than the Secretary of Labor in interpreting OSHA standards. Such a change would benefit employers over workers and stifle OSHA enforcement, according to workplace safety advocates. The bill passed May 18, 2004, 224–204. Y=W; N=R (R: 215–8; D: 9–195; I: 0–1)",house_2004.csv,
2004,House,108,2,7,H.R.,2731,HR2731-108,Workplace Safety/Fees,passage,2004-05-18,Passed,233,194,N,Y=Wrong; N=Right,863,https://voteview.com/rollcall/RH1080863,,3,"H.R. 2731—Workplaces with fewer than 100 employees make up almost 98 percent of private-sector establishments and have a higher rate of fatal occupational injuries than workplaces with more workers. But H.R. 2731 could result in less vigorous enforcement of the nation’s safety laws by reimbursing the legal fees of any small employer that prevails in any enforcement case or wins a challenge to an Occupational Safety and Health Administration (OSHA) standard, regardless of whether OSHA’s actions were substantially justified. Under current law, those costs can only be recovered if the government’s action is ruled not substantially justified. The bill passed May 18, 2004, 233–194. Y=W; N=R (R: 217–5; D: 16–188; I: 0–1)",house_2004.csv,
2004,House,108,2,8,H.R.,444,HR444-108,Workforce Investment Act,passage,2004-06-03,Passed,213,203,N,Y=Wrong; N=Right,899,https://voteview.com/rollcall/RH1080899,,3,"H.R. 444—Despite the worst job loss record since the Great Depression, the Bush administration backed legislation to cap at $3,000 the amount of job training and re-employment services available to unemployed workers. Many states now provide services that can be worth as much as $10,000 to unemployed workers. The Bush administration proposed “personal reemployment accounts” at the same time it was cutting funds for federal job training programs and refusing to extend the federal unemployment insurance program. The bill passed June 3, 2004; 213–203. Y=W; N=R (R: 213–4; D: 0–198; I: 0–1)",house_2004.csv,
2004,House,108,2,9,H.R.,4520,HR4520-108,Manufacturing,passage,2004-06-17,Passed,251,178,N,Y=Wrong; N=Right,933,https://voteview.com/rollcall/RH1080933,,3,"H.R. 4520—Under the Bush administration’s watch, millions of manufacturing jobs have been lost, many shipped overseas by U.S. firms. Yet the Foreign Sales Corp. tax bill not only provided nearly $40 billion in foreign tax breaks for companies that export jobs, but overall it provided some $140 billion in new corporate tax cuts. The bill passed June 17, 2004, 251–178. Y=W; N=R (R: 203–23; D: 48–154; I: 0–1)",house_2004.csv,
2004,House,108,2,10,H.R.,4613,HR4613-108,Collective Bargaining,amendment,2004-06-22,Rejected,202,218,Y,Y=Right; N=Wrong,957,https://voteview.com/rollcall/RH1080957,,4,"HR 4613—In 2003, at the request of the Bush administration, Congress passed legislation authorizing the Secretary of Defense to make sweeping changes to the Department of Defense personnel system, including the civil service system, pay, appeal rights and collective bargaining agreements. A department outline of the plan released in February included replacing collective bargaining with a nonbinding consultative process and ending the right of workers to appeal to an impartial third party. An amendment to H.R. 4613 that would prohibit funds from being used to suspend or modify regulations that protect civilian Defense Department employees’ collective bargaining and due process rights failed June 22, 2004; 202–218. Y=R; N=W (R: 5–217; D: 196–1; I: 1–0)",house_2004.csv,
2004,House,108,2,11,H.R.,3574,HR3574-108,Executive Pay/Stock Option Expensing,passage,2004-07-20,Passed,312,111,N,Y=Wrong; N=Right,1071,https://voteview.com/rollcall/RH1081071,,4,"H. R. 3574—Stock options make up the biggest part of a typical CEO’s compensation package. A Financial Accounting Standards Board (FASB) rule will require executive stock options be treated like any other form of compensation and be counted as an expense on corporate balance sheets. But H.R. 3574 undermines and weakens the FASB rule. It passed July 20, 2004, 312–111. Y=W; N=R (R: 198–22; D: 114–88; I: 0–1)",house_2004.csv,
2004,House,108,2,12,H.R.,5006,HR5006-108,Overtime,amendment,2004-09-09,Adopted,223,193,Y,Y=Right; N=Wrong,1108,https://voteview.com/rollcall/RH1081108,,4,"H.R. 5006—In August 2004, the Bush administration implemented new overtime eligibility rules under the Fair Labor Standards Act that threatened to eliminate the overtime pay eligibility of millions of workers. An amendment to H.R. 5006 would have forced the Labor Department to rescind the portion of the new rules that weakened workers’ overtime protections. The amendment passed Sept. 9, 2004, 223–193. Y=R; N=W (R: 22–193; D: 200–0; I: 1–0)",house_2004.csv,
2004,House,108,2,13,H.R.,5006,HR5006-108,Collective Bargaining,amendment,2004-09-09,Rejected,185,227,N,Y=Wrong; N=Right,1109,https://voteview.com/rollcall/RH1081109,,4,"H.R. 5006—More than 400,000 workers are employed by tribally owned casinos, a fast growing industry. An amendment to H.R. 5006 that would exempt those workers from coverage under the National Labor Relations Act and the collective bargaining rights it guarantees failed Sept. 9, 2004, 185–227. Y=W; N=R (R: 172–39; D: 13–187; I: 0–1)",house_2004.csv,
2004,House,108,2,14,H.R.,5025,HR5025-108,Privatizing Federal Jobs,amendment,2004-09-21,Adopted,210,187,Y,Y=Right; N=Wrong,1131,https://voteview.com/rollcall/RH1081131,,4,"H.R. 5025—The Bush administration backs privatizing hundreds of thousands of federal jobs and turning them over to corporations. It changed contracting rules to make it easier to contract out work to the private sector. An amendment that would prohibit the Office of Management and Budget from implementing those pro-contractor revisions to federal rules passed Sept. 21, 2004, 210–187. Y=R; N=W (R: 24–184; D: 185–3; I: 1–0)",house_2004.csv,
2004,House,108,2,15,H.R.,5025,HR5025-108,Mexican Trucks,amendment,2004-09-22,Adopted,339,70,Y,Y=Right; N=Wrong,1136,https://voteview.com/rollcall/RH1081136,,4,"H.R. 5025—In 2004, the Bush administration issued a proposed regulation to allow Mexican trucks, which operate under lax safety and environmental rules, nearly unfettered access to U.S. highways. An amendment that would prohibit the Transportation Department from implementing the proposed regulation and prohibit those trucks form U.S. roadways passed Sept. 22, 2004, 339–70. Y=R, N=W (R: 141–69; D: 197–1; I: 1–0)",house_2004.csv,
2005,House,109,1,1,H.R.,27,HR27-109,Job-Training Reauthorization,passage,2005-03-02,Passed,224,200,N,Y=Wrong; N=Right,47,https://voteview.com/rollcall/RH1090047,,1,"H.R. 27—U.S. workers have seen millions of manufacturing jobs shipped overseas—and now more and more white-collar and high-tech jobs are being exported. Overall, there has been a net loss of jobs since President George W. Bush took office in 2001. But legislation in the House cut overall funding for critical job-training programs, including the U.S. Employment Service and the adult and dislocated worker programs at the Department of Labor. The legislation did not strengthen job-training programs or enhance income support and job-search assistance for jobless Americans. The bill passed March 2, 2005, 224-200. (R: 220-8; D: 4-191; I: 0-1) AFL-CIO Position: Y=Wrong; N=Right",house_2005.csv,
2005,House,109,1,2,H.R.,3010,HR3010-109,Pension Protection/United Airlines Pensions,amendment,2005-06-24,Adopted,219,185,Y,Y=Right; N=Wrong,308,https://voteview.com/rollcall/RH1090308,,1,"H.R. 3010—United Airlines filed for bankruptcy in 2002 and, despite more than $13 billion in worker concessions, terminated its employees’ pensions plans in 2005. The Pension Benefit Guarantee Corporation (PBGC) took over the plans with drastically reduced benefits for the airlines’ 120,000 workers. Earlier, US Airways terminated its pension plans as part of its bankruptcy plans, and other airlines are threatening similar action. An amendment to the fiscal year 2005 Labor, Health and Human Services and Education appropriations bill would have prohibited the PBGC from spending money to implement its agreement with United Airlines to terminate the four pension plans. The amendment passed June 24, 2005, 219-185. (R: 31-185; D: 187-0; I:1-0) AFL-CIO Position: Y=Right; N=Wrong",house_2005.csv,
2005,House,109,1,3,H.R.,3010,HR3010-109,Wal-Mart,amendment,2005-06-24,Rejected,165,234,Y,Y=Right; N=Wrong,317,https://voteview.com/rollcall/RH1090317,,1,"H.R. 3010—After Wal-Mart was cited for child labor law violations by the Labor Department, the government and the giant retailer reached a 2005 settlement of the charges that included a provision requiring the Labor Department to give Wal-Mart an unprecedented 15 days notice before conducting any future child labor or wage and hour investigations. An amendment to the fiscal year 2006 Labor, Health and Human Services and Education appropriations bill would have prohibited the Labor Department from implementing the sweetheart deal with Wal-Mart. The amendment failed June 24, 2005, 165-234. (R: 3-212; D: 161-22; I:1-0) AFL-CIO Position: Y=Right; N=Wrong",house_2005.csv,
2005,House,109,1,4,H.R.,3058,HR3058-109,Amtrak,amendment,2005-06-29,Adopted,269,152,Y,Y=Right; N=Wrong,335,https://voteview.com/rollcall/RH1090335,,1,"H.R. 3058—The Bush administration’s budget proposed to eliminate nearly all funding for Amtrak’s long-distance passenger rail service. Amtrak employs 20,000 workers, and such huge service cuts would threaten to shut down the carrier. An amendment to delete language in the fiscal year 2005 Transportation, Treasury, Housing and Urban Development appropriations bill, which would have eliminated the funding, passed June 29, 2005, 269-152. (R: 73-151; D: 195-1; I: 1-0) AFL-CIO Position: Y=Right; N=Wrong",house_2005.csv,
2005,House,109,1,5,H.R.,3058,HR3058-109,Privatizing Federal Jobs,amendment,2005-06-30,Adopted,222,203,Y,Y=Right; N=Wrong,356,https://voteview.com/rollcall/RH1090356,,2,"H.R. 3058—A rule by the Office of Management and Budget (OMB) covering outsourcing and privatization of work by federal agencies (Circular A-76) is tilted heavily in favor of private corporate contractors. The Bush administration has made privatizing government services a top policy priority. An amendment was introduced to the fiscal year 2005 Transportation, Treasury, Housing and Urban Development appropriations bill to prohibit funds from being spent to implement OMB’s privatization plan. The bipartisan amendment would allow lawmakers the opportunity to rewrite the privatization process to be fairer to federal workers and more accountable to taxpayers. It passed June 30, 2005, 222-203 (R: 24-202; D: 197-1; I:1-0) AFL-CIO Position: Y=Right; N=Wrong",house_2005.csv,
2005,House,109,1,6,H.R.,741,HR741-109,Workplace Safety/Enforcement Rulings,passage,2005-07-12,Passed,226,197,N,Y=Wrong; N=Right,370,https://voteview.com/rollcall/RH1090370,,2,"H.R. 741—This legislation was part of a package of bills that would weaken the Occupational Safety and Health Act (OSHA) to the benefit of employers and stifle enforcement of the safety law while doing nothing to improve workers’ safety on the job. H.R. 741 would overturn a 1991 Supreme Court decision and give deference in interpreting OSHA standards to the OSHA Review Commission, and not the secretary of labor, who has more experience and expertise in developing and interpreting safety and health standards. Such a change would create an incentive for employers to challenge rules and interpretations of safety laws made by the secretary of labor. The bill passed July 12, 2005, 226-197 (R: 217-9; D: 9-187; I: 0-1) AFL-CIO Position: Y=Wrong; N=Right",house_2005.csv,
2005,House,109,1,7,H.R.,742,HR742-109,Workplace Safety/Fees,passage,2005-07-12,Passed,235,187,N,Y=Wrong; N=Right,371,https://voteview.com/rollcall/RH1090371,,2,"H.R. 742—This legislation was part of a package of bills that would weaken the Occupational Safety and Health Act (OSHA) to the benefit of employers and stifle enforcement of the safety law while doing nothing to improve workers’ safety on the job. H.R. 742 would require taxpayers to pay the legal costs of small employers that prevail in any enforcement or regulatory challenge against OSHA, even when the government enforcement action is “substantially justified.” The bill passed July 12, 2005, 235-187 (R: 218-8; D: 17-178; I: 0-1) AFL-CIO Position: Y=Wrong; N=Right",house_2005.csv,
2005,House,109,1,8,H.R.,525,HR525-109,Health Care,passage,2005-07-26,Passed,263,165,N,Y=Wrong; N=Right,425,https://voteview.com/rollcall/RH1090425,,2,"H.R.525—Some small businesses provide health insurance for their workers through association health plans (AHPs) purchased through their trade associations, which use the group force of their membership to negotiate lower costs. AHPs must follow state insurance regulations. But H.R. 525 would exempt AHPs from state consumer protection rules and coverage guidelines that other insurers must follow. The exemption would mean AHPs would offer bare-bones plans that appeal only to younger and healthier workers, prompting premium increases for the vast majority (75 percent) of small firms that offer comprehensive coverage, according to the Congressional Budget Office. The bill passed July 26, 2005, 263-165 (R: 227-0; D: 36-164; I: 0-1) AFL-CIO Position: Y=Wrong; N=Right",house_2005.csv,
2005,House,109,1,9,H.R.,3045,HR3045-109,Trade/CAFTA,passage,2005-07-28,Passed,217,215,N,Y=Wrong; N=Right,442,https://voteview.com/rollcall/RH1090442,,2,"H.R. 3045—President George W. Bush tabbed the Dominican Republic-Central American Free Trade Agreement (CAFTA) his top trade priority. CAFTA cuts tariffs, limits governments' ability to regulate and creates new protections for investors among the United States, Costa Rica, the Dominican Republic, El Salvador, Guatemala, Honduras and Nicaragua. But the agreement, which is modeled after the North American Free Trade Agreement (NAFTA), does not contain adequate environmental protections or enforceable protections for such core workers’ rights as the freedom to form unions. CAFTA likely will exacerbate poverty and inequality in Central America, while further eroding good jobs and wages at home. At the same time, its excessive protections for multinational corporations will undermine the ability of governments to protect public health, strong communities and the environment. The bill passed July 28, 2005, 217-215 (R: 202-27; D: 15-187; I: 0-1) AFL-CIO Position: Y=Wrong; N=Right",house_2005.csv,
2005,House,109,1,10,H.R.,6,HR6-109,Energy Bill,conference report,2005-07-28,Adopted,275,156,Y,Y=Right; N=Wrong,444,https://voteview.com/rollcall/RH1090444,,3,"H.R. 6—The overhaul of the nation's energy policy (H.R. 6) is expected to create thousands of jobs through the construction of pipelines, power plants and new nuclear power facilities. It also will allow the Federal Energy Regulatory Commission to approve the construction, expansion or operation of any facility that imports or processes natural gas, including liquefied natural gas. The bill passed July 28, 2005, 275-156 (R: 200-31; D: 75-124; I: 0-1) AFL-CIO Position: Y=Right; N=Wrong",house_2005.csv,
2005,House,109,1,11,H.R.,3,HR3-109,Highway/Transit Bill,conference report,2005-07-29,Adopted,412,8,Y,Y=Right; N=Wrong,452,https://voteview.com/rollcall/RH1090452,,3,"H.R. 3—The highway bill is a six-year, $286 billion reauthorization of the federal highway and transit construction program. The massive infrastructure-modernization bill will create 1 million family-supporting jobs, protected by Davis Bacon prevailing wage standards. The conference report passed July 29, 2005, 412-8 (R: 217-8; D: 194-0; I: 1-0) AFL-CIO Position: Y=Right; N=Wrong",house_2005.csv,
2005,House,109,1,12,H.R.,3010,HR3010-109,Labor/HHS Appropriations,conference report,2005-11-17,Rejected,209,224,N,Y=Wrong; N=Right,597,https://voteview.com/rollcall/RH1090597,,3,"H.R. 3010—The conference report on the fiscal year 2005 appropriations bill for the Departments of Labor, Health and Human Services and Education would cut critical funds for job training and employment services, college aid for students, elementary and secondary education programs, rural health services and funding for the National Institutes of Health. It failed Nov. 17, 2005, 209-224 (R: 209-22; D: 0-201; I: 0-1) AFL-CIO Position: Y=Wrong; N=Right",house_2005.csv,
2005,House,109,1,13,H.R.,4297,HR4297-109,Budget Reconciliation/Tax Cuts for the Rich,passage,2005-12-08,Passed,234,197,N,Y=Wrong; N=Right,619,https://voteview.com/rollcall/RH1090619,,3,"H. R. 4297—As part of the budget reconciliation process, which included tax cut and spending cut legislation, the Bush administration and congressional Republican leaders sought some $70 billion in tax cuts mostly for the wealthy, offset by huge spending cuts in vital working family programs. After some changes, the House passed a $56 billion tax cut bill that would shower three-quarters of the benefits on investors who earn more than $100,000 a year. Households earning more than $1 million a year would get 40 percent of the tax cuts, or an average annual reduction of nearly $51,000. Middle-income families would receive only 2 percent of the benefit of the capital gains and dividend rate cuts, the centerpiece of the Republican plan, resulting in an average annual benefit of only $7. The bill passed Dec. 8, 2005, 234-197 (R: 225-3; D: 9-193; I: 0-1) AFL-CIO Position: Y=Wrong; N=Right",house_2005.csv,
2005,House,109,1,14,H.R.,4437,HR4437-109,Immigration,passage,2005-12-16,Passed,239,182,N,Y=Wrong; N=Right,659,https://voteview.com/rollcall/RH1090659,,3,"H.R. 4437—The House immigration bill does little to remove the economic incentives that unscrupulous employers have to hire and exploit immigrant workers. At the same time, it punishes immigrants—and those who provide humanitarian and other assistance to immigrants—in ways that will drive the current undocumented population further underground. The bill would make the undocumented status of immigrant workers an aggravated felony and prohibit the 11 million undocumented workers who are currently employed and paying taxes in the United States from ever achieving legal status. The bill also would deny basic due process rights to many legal immigrants. The bill passed Dec. 16, 2005, 239-182 (R: 203-17; D: 36-164; I: 0-1) AFL-CIO Position: Y=Wrong; N=Right",house_2005.csv,
2005,House,109,1,15,S.,1932,S1932-109,Budget Reconciliation/Spending Cuts,conference report,2005-12-19,Adopted,212,206,N,Y=Wrong; N=Right,668,https://voteview.com/rollcall/RH1090668,,4,"S. 1932—As part of the budget reconciliation process, which included tax cut and spending cut legislation, the Bush administration and congressional Republican leaders sought more than $50 billion in spending cuts for vital working family programs to help pay for huge tax cuts aimed mostly at the wealthy. The Senate and House passed separate spending-cut bills, and a conference to reconcile the two bills resulted in a $39.7 billion package of spending cuts in Medicaid, Medicare, student aid, child support enforcement and other working family programs. The bill passed Dec.19, 2005, 212-206 (R: 212-9; D:0-196; I: 0-1) AFL-CIO Position: Y=Wrong; N=Right",house_2005.csv,
2006,House,109,2,1,H.R.,4975,HR4975-109,Lobbying Reform,passage,2006-05-03,Passed,217,213,N,Y=Wrong; N=Right,787,https://voteview.com/rollcall/RH1090787,,2,"H.R. 4975—House Republican leaders reacted to the Jack Abramoff lobbying scandal with a weak package of reforms that does very little to curtail the ability of corporations and wealthy special interests to exert improper influence on the legislative process. Public records show that corporations outspend labor by nearly 50 to 1 in lobbying expenses. The AFL-CIO had urged the House to ban gifts from individuals who have an interest in legislation before Congress, limit lavish congressional trips paid for by lobbyists and prohibit congressional travel on corporate-owned jets. Although the bill temporarily modifies some rules on congressional travel and expands the information that members of Congress and registered lobbyists are required to report, it also contains new restrictions on the ability of workers, consumers and other ordinary Americans to lobby Congress and to participate in grassroots politics. H.R. 4975 passed May 3 on a 217-213 vote. Y=W; N=R (R:209-20; D:8-192; I:0-1)",house_2006.csv,
2006,House,109,2,2,H.R.,4297,HR4297-109,Tax Reconciliation/Tax Cuts for the Wealthy,conference report,2006-05-10,Adopted,244,185,N,Y=Wrong; N=Right,803,https://voteview.com/rollcall/RH1090803,,2,"H.R. 4297—This $70 billion tax cut for the wealthy is the fifth major tax reduction pushed by President Bush; all four benefit the rich far more than working families. Nearly half of the benefits in H.R. 4297 benefit households with income of more than $1 million, and 55 percent of the cuts go to the 3 percent of households with income above $200,000. Contrary to Bush administration claims that the bill benefits middle-income taxpayers, the three-quarters of households with incomes below $75,000 would receive just 5 per cent of the tax benefits, and 68 percent of households would receive no tax benefits at all. The bill passed May 10 on a 244-185 vote. Y=W; N=R (R:229-2; D:15-182; I:0-1)",house_2006.csv,
2006,House,109,2,3,H.Con.Res.,376,HCONRES376-109,Budget Resolution,budget resolution,2006-05-18,Passed,218,210,N,Y=Wrong; N=Right,826,https://voteview.com/rollcall/RH1090826,"party split: the card prints (R:218-12; D:0-97; I:0-1), which does not sum to its own tally - 12+97+1 is 110, not the 210 nays printed beside it. The member file gives DEM 0-197, and 12+197+1 is exactly 210. The card dropped the leading digit of the Democrats' nay count; the tally itself, 218-210, is roll 826's figure and is right. The printed split is kept in the description under rule 1; no stored column changes",2,"H. Con. Res. 376—The Bush budget plan for fiscal year 2007 calls for substantial cuts in entitlements like Medicare and Medicaid, and discretionary programs that strengthen and improve jobs, health care and education. But even these proposed cuts are not enough to offset the huge tax cuts called for by the White House. In fact, the budget resolution adds $266 billion to the deficit over the next five years. Specifically, the House plan cuts nondefense discretionary funding over a five-year period by $160 billion below the amount needed to maintain these services at their current levels. These cuts will result in a significant loss of federal support for education, veterans’ medical care, law enforcement, transportation and other services vital to millions of Americans. The resolution passed May 18 by a count of 218-210. Y=W; N=R (R:218-12; D:0-97; I:0-1)",house_2006.csv,
2006,House,109,2,4,H.R.,5449,HR5449-109,FAA Bargaining,passage,2006-06-07,Rejected,271,148,Y,Y=Right; N=Wrong,901,https://voteview.com/rollcall/RH1090901,,2,"H.R. 5449—The Federal Aviation Administration (FAA) walked away from the bargaining table with the nation's Air Traffic Controllers union (NATCA) on April 5. The FAA announced that in 60 days it would unilaterally impose a contract that cuts the pay of current and future controllers, cuts pensions and could prompt thousands of controllers to retire, leaving the agency shorthanded. Reps. Steven LaTourette (R-Ohio) and Frank LoBiondo (R-N.J.) introduced legislation to block the FAA’s action and provide for a resumption of contract negotiations. The bill was brought up under a special rule that requires a two-thirds majority for passage. The bill failed to pass June 7 on a 271-148 vote. Y=R; N=W (R:76-148; D:194-0; I:1-0)",house_2006.csv,
2006,House,109,2,5,S.,2803,S2803-109,Mine Safety,passage,2006-06-07,Passed,381,37,Y,Y=Right; N=Wrong,902,https://voteview.com/rollcall/RH1090902,,3,"S. 2803—More coal miners were killed on the job in the first five months of 2006 than in any full year since 2001. Coal mine safety advocates said the Bush administration and the federal Mine Safety and Health Administration had failed to strengthen safety regulations and failed to strongly enforce the regulations on the books. In May, the Senate passed the Mine Improvement and New Emergency Response (MINER) Act (S. 2803). The House considered S. 2803 under procedural rules that did not allow for amendments. Rep. George Miller (D-Calif.) objected to this suspension of the rules, which prevented him from offering amendments to improve the bill. S. 2803 requires coal operators to develop and implement accident-response plans that mandate additional oxygen, improved communication and tracking and enhanced training. The bill also calls for these standards to be upgraded as new technology becomes available, requires ready availability of mine-rescue teams, establishes stronger standards for sealing abandoned mine areas, calls for research and recommendations on belt flammability and puts more teeth in mine safety enforcement by enhancing penalties for flagrant violations and setting mandatory minimum penalties for the most serious violations. The House passed S. 2803 on June 7 by a 381-37 count. Y=R; N=W (R:219-4; D:161-33; I:1-0)",house_2006.csv,
2006,House,109,2,6,H.R.,5576,HR5576-109,Amtrak Funding,amendment,2006-06-13,Adopted,266,158,Y,Y=Right; N=Wrong,931,https://voteview.com/rollcall/RH1090931,"bill number: the card prints H.R.557, which is one digit short of the measure this amendment was offered to. Roll 931 is on H.R. 5576, the fiscal 2007 Transportation/Treasury/HUD appropriations bill, and clerk.house.gov/evs/2006/roll263.xml gives `H R 5576` and `Latourette of Ohio Amendment`, which is the sponsor the card's own prose names. The card's very next record prints the same bill correctly as H.R. 5576. bill_id follows the roll call; the printed number is kept in the description under rule 1",3,H.R.557—The Bush administration’s fiscal year 2007 budget proposal would cut funds for Amtrak so deeply that it would force the nation’s passenger railroad into bankruptcy and cost thousands of jobs. A amendment offered by Reps. Steven LaTourette (R-Ohio) and James Oberstar (D-Minn.) would provide the rail passenger system with an additional $214 million. The amendment passed June 13 on a 266-158 vote. Y=R; N=W (R:71-154; D:194-4; I:1-0 ),house_2006.csv,
2006,House,109,2,7,H.R.,5576,HR5576-109,Foreign Control of U.S. Airlines,amendment,2006-06-14,Adopted,291,137,Y,Y=Right; N=Wrong,951,https://voteview.com/rollcall/RH1090951,,3,"H.R. 5576—Shortly after the Bush administration was pressured to withdraw its approval of the deal that would have turned over management of U.S. ports to a Dubai company, the Department of Transportation announced it was going ahead with a plan to relax federal rules that prohibit foreign ownership of U.S. airlines. On June 14, Reps. James Oberstar (D-Minn.), Frank LoBiondo (R-N.J.) and Ted Poe (R-Tex.) offered an amendment to the transportation appropriations bill to prevent this rule from going into effect during fiscal year 2007, thus preserving U.S. jobs and protecting national security. The amendment passed June 14 on a 291-137 vote. Y=R; N=W (R:97-131; D:193-6; I:1-0)",house_2006.csv,
2006,House,109,2,8,H.R.,5638,HR5638-109,Estate Tax Cuts,passage,2006-06-22,Passed,269,156,N,Y=Wrong; N=Right,983,https://voteview.com/rollcall/RH1090983,,4,"H R. 5638—In 2005, the House voted to permanently repeal the federal estate tax, a tax cut that would cost nearly $1 trillion between 2012 and 2021 but would benefit fewer than the wealthiest 0.5 percent of U.S. families. The media campaign to repeal the estate tax has been bankrolled by 18 wealthy families whose net worth exceeds $185 billion. The Senate rejected the total repeal of the estate tax, but the House tried again with a slightly scaled back version that would exempt estates of less than $5 million for an individual ($10 million for a couple), while reducing taxes on larger estates. The so-called “scaled-back” bill would still cost $774 billion, threatening critical domestic programs that are already being squeezed as a result of earlier Bush tax cuts for investors and wealthy families. The bill passed June 22 on a 269-156 vote. Y=W; N=R (R:226-2; D:43-153; I:0-1)",house_2006.csv,
2006,House,109,2,9,H.R.,4890,HR4890-109,Line-Item Veto,passage,2006-06-22,Passed,247,172,N,Y=Wrong; N=Right,985,https://voteview.com/rollcall/RH1090985,,4,"H.R. 4890—In his State of the Union message, President Bush asked Congress to give him unprecedented authority to propose canceling (or “vetoing”) specific provisions of spending, tax and other legislation that he had already signed into law. However, improvements in programs benefiting millions of low-income children or elderly people could be vetoed, while new tax loopholes benefiting a few wealthy investors or large corporations would be immune. The line-item veto is not a substitute for the hard work of setting fiscal priorities and addressing the nation’s real economic problems, including the lack of affordable health care, declining pension coverage and the continued off-shoring of good jobs. The bill passed June 22 on a 247-172 vote. Y=W; N=R (R:212-15; D:35-156; I:0-1)",house_2006.csv,
2006,House,109,2,10,S.,250,S250-109,Minimum Wage/Education Conference,motion,2006-07-12,Agreed to,260,159,Y,Y=Right; N=Wrong,1034,https://voteview.com/rollcall/RH1091034,,4,"S. 250—As pressure continued to mount for a clean vote to raise the minimum wage to $7.25 an hour, Rep. George Miller (D-Calif.) offered a motion to instruct conferees meeting on an unrelated education bill (S. 250) to include the minimum wage increase in that bill. The nonbinding motion passed overwhelmingly, garnering every Democrat and 64 Republicans. This vote sent a signal to the Republican leadership, which had so far been resisting efforts to bring up the minimum wage increase, to begin making plans to have a minimum wage vote. The motion passed July 12 on a 260-159 vote. Y=R; N=W (R:64-159; D:195-0; I:1-0)",house_2006.csv,
2006,House,109,2,11,H.R.,9,HR9-109,Voting Rights Act/State and Local Plans,amendment,2006-07-13,Rejected,96,318,N,Y=Wrong; N=Right,1038,https://voteview.com/rollcall/RH1091038,,4,H.R. 9—The House rejected an attempt to gut one of the key provisions of the Voting Rights Act (VRA) when it defeated an amendment by Rep. Charles Norwood (R-Ga.) to effectively repeal Section 5 of the act by replacing the formula used to determine which jurisdictions are required to have proposed changes to election plans pre-cleared by the federal government. The amendment failed July 13 on a 96-318 vote. Y=W; N=R (R:95-124; D:1-193; I:0-1),house_2006.csv,
2006,House,109,2,12,H.R.,5684,HR5684-109,Trade/Oman Free Trade Agreement,passage,2006-07-20,Passed,221,205,N,Y=Wrong; N=Right,1060,https://voteview.com/rollcall/RH1091060,"bill number: the card prints H.R. 5694; the Oman Free Trade Agreement implementing bill is H.R. 5684. Roll 1060 carries HR5684 and clerk.house.gov/evs/2006/roll392.xml gives `H R 5684` / `To implement the United States-Oman Free Trade Agreement`. bill_id follows the roll call. party split: the card prints (R:99-28; D:22-176; I:0-1), which sums to 121-205 against its own printed tally of 221-205. The member file gives REP 199-28, and 199+22 is exactly 221, so the card dropped the leading digit of the Republicans' yea count. The tally itself is roll 1060's figure and is right. Both printed figures are kept in the description under rule 1; no stored column changes",4,"H.R. 5694—The Oman Free Trade Agreement expands the failed model of the North American Free Trade Agreement (NAFTA) and Central American Free Trade Agreement (CAFTA). Like NAFTA and CAFTA, the Oman agreement does not contain adequate environmental protections or enforceable protections for such core worker rights as the freedom of association. Oman is not a democracy, and its workers are unable to form independent unions or to bargain collectively. At the same time, the agreement allows any company incorporated in Oman to sue the U.S. government, undermining the ability of state and local governments to protect public health, strong communities and the environment. The bill passed July 20 on a 221-205 vote. Y=W; N=R (R:99-28; D:22-176; I:0-1)",house_2006.csv,
2006,House,109,2,13,H.R.,5970,HR5970-109,Estate Tax/Minimum Wage/Tip Credit,motion to recommit,2006-07-29,Rejected,190,220,Y,Y=Right; N=Wrong,1092,https://voteview.com/rollcall/RH1091092,,5,"H.R. 5970—Supporters of the minimum wage increase from both parties told Republican leaders they would block a motion to adjourn for the August recess if they didn’t get a chance to vote for the minimum wage increase. But instead of bringing a clean minimum wage bill to the floor, Republican leaders combined the minimum wage increase with a bill to eliminate the estate tax and extend certain other expiring tax provisions. The Democrats strongly objected to tying the minimum wage increase to the tax cut for a small number of the wealthiest estates, worth more than $5 million, a tax cut that would cost the U.S. Treasury over $750 billion. Also a “tip credit” provision that amounted to a substantial pay cut for tipped employees in at least seven states had been snuck into the bill. Rep. George Miller (D-Calif.) offered a motion to strip out the estate tax, the so-called “tip credit” provision, and force a clean vote on the minimum wage. It failed 190-220 on July 29 on a 190-220 vote. Y=R; N=W, (R:2-214; D:187-6; I:1-0)",house_2006.csv,
2006,House,109,2,14,H.R.,4844,HR4844-109,Voting Rights/“Poll Tax”,passage,2006-09-20,Passed,228,196,N,Y=Wrong; N=Right,1127,https://voteview.com/rollcall/RH1091127,,5,"H R. 4844—The bill requires all voters to present a government-issued ID proving U.S. citizenship before voting in federal elections. Only 25 percent of voting-age Americans have passports, and the overwhelming majority of state-issued drivers licenses do not record citizenship, so the bill would require millions of voters to obtain a new federally issued photo identification card in order to vote. H.R. 4844 amounts to a modern day “poll tax” that is designed to suppress voter turnout of elderly and low-income voters, and appeal to growing anti-immigrant sentiment. The bill passed Sept. 20 on a 228-196 vote. Y=W; N=R (R:224-3; D: 4-192; I:0-1).",house_2006.csv,
2007,House,110,1,1,H.R.,2,HR2-110,Minimum Wage / Passage,passage,2007-01-10,Passed,315,116,Y,Y=Right; N=Wrong,17,https://voteview.com/rollcall/RH1100017,,2,"H.R. 2—For more than 10 years, the federal minimum wage remained at $5.15 an hour. Because of inflation, its purchasing power in 2007 was at its lowest level in 51 years. The Bush administration and Republican congressional leaders blocked many attempts over the years to raise the wage. But a new Democratic majority opened the way to boost the minimum wage. H.R. 2 increases the federal minimum wage by $2.10 over two years—from $5.15 an hour to $7.25 an hour in three steps—to $5.85 an hour 60 days after enactment, then to $6.55 a year later and to $7.25 the next year. The bill also extends federal minimum wage requirements to the Commonwealth of the Northern Mariana Islands and sets it at $3.55 an hour 60 days after enactment, then raises it in 50-cent increments every six months until it reaches the $7.25 per-hour level. The bill passed Jan. 10 by 315-116 (R: 82-116; D: 233-0). Y=R; N=W",house_2007.csv,
2007,House,110,1,2,H.R.,4,HR4-110,Medicare Prescription Drug Negotiations / Passage,passage,2007-01-12,Passed,255,170,Y,Y=Right; N=Wrong,22,https://voteview.com/rollcall/RH1100022,,2,"H.R. 4—Millions of seniors rely on the Medicare Part D prescription drug program, but they face soaring drug prices while the pharmaceutical industry pockets billions in profits. In the first six months after the drug program went into effect in 2006, drug company profits increased by more than $8 billion. A Bush-backed provision in the 2003 bill that established the prescription drug program prohibited Medicare from using its purchasing power and negotiating with drug makers for lower prices. H.R. 4 would require the Department of Health and Human Services to negotiate with drug companies to lower the price of drugs covered under the Medicare Part D program. The bill passed Jan. 12 by 255-170 (R: 24-170; D: 231-0). Y=R; N=W",house_2007.csv,
2007,House,110,1,3,H.R.,5,HR5-110,College Student Relief Act of 2007,passage,2007-01-17,Passed,356,71,Y,Y=Right; N=Wrong,31,https://voteview.com/rollcall/RH1100031,,2,"H.R. 5—Since 2001, college tuition and fees rose 41 percent and students now graduate with an average debt of $17,500. In a move to ease the financial burden on students and working families, the House voted to reduce interest rates for undergraduate borrowers of new federal student loans. The bill would phase in a reduction in the cost of student loans from a fixed rate of 6.8 percent to 3.4 percent. More than 5.5 million borrowers will pay reduced interest charges on their college loans once the lower interest rate is fully phased in. The bill passed Jan.17 by 356-71 (R:124-71; D: 232-0). Y=R, N=W",house_2007.csv,
2007,House,110,1,4,H.R.,800,HR800-110,Employee Free Choice Act (EFCA) / Anti-Salting Amendment,amendment,2007-03-01,Rejected,164,264,N,Y=Wrong; N=Right,113,https://voteview.com/rollcall/RH1100113,"tally kept as printed at 164-264: Voteview's rollcalls file lists 164-259 because it excludes the five delegates and the resident commissioner, whose vote in the Committee of the Whole was restored in 2007; recounting Voteview's own member file gives 164-264, and clerk.house.gov/evs/2007/roll114.xml prints the same (probe_2007f.py)",2,"H.R. 800—The Employee Free Choice Act would restore workers' freedom to form unions and bargain for better wages, benefits and working conditions without employer harassment. When workers try to form unions, employers routinely harass, intimidate and even fire workers. During consideration of the bill, the House rejected an amendment by Rep. Steve King, (R-Iowa) that would have allowed management to deny union “salts” the right to sign a union authorization card. “Salts"" are union members, paid or unpaid, who seek employment to help their co-workers form a union. The King amendment would have effectively overturned a U.S. Supreme Court decision in which the court ruled 9-0 that workers who take a job with the intention of helping other workers form a union are protected by the National Labor Relations Act. The amendment failed March 1 by 164-264 (R: 162-34; D: 2-230). Y=W; N=R",house_2007.csv,
2007,House,110,1,5,H.R.,800,HR800-110,EFCA / Preventing Union Solicitation,amendment,2007-03-01,Rejected,173,256,N,Y=Wrong; N=Right,114,https://voteview.com/rollcall/RH1100114,"tally kept as printed at 173-256: Voteview's rollcalls file lists 172-252 because it excludes the five delegates and the resident commissioner, whose vote in the Committee of the Whole was restored in 2007; recounting Voteview's own member file gives 173-256, and clerk.house.gov/evs/2007/roll115.xml prints the same (probe_2007f.py). Match: not forced by the (date, tally) key - the Foxx and McKeon amendments fell on 1 March with the identical tally, 173-256, so no key separates them and the roster cannot either. The card prints clerk 115 for this record, and clerk.house.gov/evs/2007/roll115.xml names the Foxx of North Carolina Amendment, agreed at 3:07 PM, which is the sponsor and the order the card's prose gives",3,"H. R 800—The House rejected an amendment by Rep. Virginia Foxx (R-N.C.) that would keep unions—but not management—from even attempting to communicate about union representation with employees who are listed on a ""Do-Not-Attempt-to-Communicate-With List.” The amendment failed March 1 by 173-256 (R: 171-26; D: 2-230). Y=W; N=R",house_2007.csv,
2007,House,110,1,6,H.R.,800,HR800-110,EFCA / Republican Substitute,substitute,2007-03-01,Rejected,173,256,N,Y=Wrong; N=Right,115,https://voteview.com/rollcall/RH1100115,"tally kept as printed at 173-256: Voteview's rollcalls file lists 172-252 because it excludes the five delegates and the resident commissioner, whose vote in the Committee of the Whole was restored in 2007; recounting Voteview's own member file gives 173-256, and clerk.house.gov/evs/2007/roll116.xml prints the same (probe_2007f.py). Match: not forced by the (date, tally) key - see record 5. The card prints clerk 116 for this record, and clerk.house.gov/evs/2007/roll116.xml names the McKeon of California SUBSTITUTE Amendment, agreed at 3:16 PM, which is why this record is stored as a substitute where record 5 is an amendment",3,"H.R. 800—The House rejected an amendment from Rep. Howard McKeon (R-Calif.) that would, for the first time, prohibit majority sign-up procedures that have been legal under the National Labor Relations Act (NLRA) since 1935. Forward-looking employers such as Cingular Wireless and Kaiser Permanente have voluntarily recognized their employees' union based on union authorization cards signed by a majority of employees. The amendment failed March 1 by 173-256 (R: 172-26; D: 1-230). Y=W; N=R",house_2007.csv,
2007,House,110,1,7,H.R.,800,HR800-110,EFCA / Passage,passage,2007-03-01,Passed,241,185,Y,Y=Right; N=Wrong,117,https://voteview.com/rollcall/RH1100117,,3,H.R. 800— The bill would restore workers' freedom to form unions free from employer intimidation by allowing employees to sign authorization cards seeking union representation and recognizing the workers' union when a majority sign cards. It would establish a system of mediation and arbitration that would apply to an employer and union that are unable to agree on their first contract. It would require the employer to pay three times the amount of back pay that an employee is due if the employee is illegally fired or discriminated against during an organizational or first-contract drive. The bill passed March 1 by 241-185 (R: 13-183; D: 228-2). Y=R; N=W,house_2007.csv,
2007,House,110,1,8,H.R.,720,HR720-110,Davis-Bacon Requirement,amendment,2007-03-09,Rejected,140,280,N,Y=Wrong; N=Right,132,https://voteview.com/rollcall/RH1100132,"tally kept as printed at 140-280: Voteview's rollcalls file lists 140-276 because it excludes the five delegates and the resident commissioner, whose vote in the Committee of the Whole was restored in 2007; recounting Voteview's own member file gives 140-280, and clerk.house.gov/evs/2007/roll133.xml prints the same (probe_2007f.py)",3,H.R. 720—The Davis-Bacon Act requires that construction workers on federal projects be paid prevailing wages. It ensures high-quality work standards and decent living standards for workers and their communities. Rep. Richard Baker (R-La.) offered an amendment to the Water Quality Financing Act that would strike language in the bill applying Davis-Bacon requirements to wastewater construction projects financed with nonfederal funds. The amendment failed March 9 by 140-280 (R; 140-50; D; 0-230). Y=W; N=R,house_2007.csv,
2007,House,110,1,9,H.R.,1905,HR1905-110,District of Columbia Voting Rights,passage,2007-04-19,Passed,241,177,Y,Y=Right; N=Wrong,230,https://voteview.com/rollcall/RH1100230,,3,"H.R. 1905—District of Columbia residents still suffer from taxation without representation because they have no voting representative in Congress. H.R. 1905 would give Washington, D.C., residents a voice and a vote in the House. The bill that would allow the current nonvoting delegate from the District of Columbia to vote in the House. The bill passed April 19 by 241-177 (R; 22-171; D; 219-6). Y= R, N=W",house_2007.csv,
2007,House,110,1,10,H.R.,1585,HR1585-110,National Security Personnel System,passage,2007-05-17,Passed,397,27,Y,Y=Right; N=Wrong,367,https://voteview.com/rollcall/RH1100367,,4,"H.R. 1585—The Bush administration's anti-worker National Security Personnel System (NSPS) took away bargaining rights, appeal rights and other workplace rights from some 700,000 Defense Department civilian workers. The fiscal year 2008 defense authorization bill modified the NSPS to restore those rights. The bill passed May 17 by 397-27 (R: 195-2; D: 202-25). Y=R; N=W",house_2007.csv,
2007,House,110,1,11,S.Con.Res.,21,SCONRES21-110,Budget Resolution,conference report,2007-05-17,Adopted,214,209,Y,Y=Right; N=Wrong,371,https://voteview.com/rollcall/RH1100371,,4,"S.Con.Res. 21—The conference agreement on the overall budget for fiscal year 2008 provided $50 billion to expand the State Children’s Health Insurance Program (SCHIP) and rejected Bush's proposed cuts in health, education and training. The agreement allocated $9.5 billion for increases in programs such as No Child Left Behind, Pell Grants and the Individuals with Disabilities Education Act (IDEA). It also provided essential funding for veterans health care. The conference report passed May 17 by 214-209 (R: 0-196; D: 214-13). Y=R; N=W",house_2007.csv,
2007,House,110,1,12,H.R.,980,HR980-110,Collective Bargaining for Public Safety Officers,passage,2007-07-17,Passed,314,97,Y,Y=Right; N=Wrong,627,https://voteview.com/rollcall/RH1100627,,4,"H. R. 980—Some 20 states do not fully protect the bargaining rights of firefighters, police officers, corrections officers and emergency medical service workers. Two states—Virginia and North Carolina—prohibit public safety employees from collectively bargaining. H.R. 980 provides collective bargaining rights for public safety officers that work for state or local governments. The bill passed July 17 by 314-97 (D: 216-3; R: 98-94). Y=R; N=W",house_2007.csv,
2007,House,110,1,13,H.R.,1,HR1-110,Transportation Worker Identification Credentials (TWIC),motion,2007-07-17,Agreed to,354,66,N,Y=Wrong; N=Right,629,https://voteview.com/rollcall/RH1100629,"date corrected from the printed June 17: roll 629 is the Blackburn motion to instruct conferees on H.R. 1 and falls on 17 JULY, between records 12 and 14, which the card itself dates 17 July; clerk.house.gov/evs/2007/roll635.xml gives the action-date as 17-Jul-2007. The corrected key 17 July at 354-66 forces roll 629 alone, where the printed key matches no roll call of the 110th at all. Party split: the card gives (R: 3-192; D: 63-162), each pair the wrong way round - the member file gives R 192-3 and D 162-63, which sums to the card's own printed 354-66. The tally is right",4,H.R. 1—Rep. Marsha Blackburn (R-Tenn.) offered an motion to the 9/11 Commission bill to instruct House and Senate negotiators to accept a list of criminal offenses that will disqualify a worker from receiving a federal security card (known as a TWIC card) which is necessary to work in a port facility. Some of the crimes included went beyond those that cause someone to be a terrorist threat and as a result workers could unfairly be denied the ability to keep their job. The provision also prevented the Transportation Security Administration from modifying the disqualifying crimes in the future. The amendment passed June 17 by 354-66 (R: 3-192; D: 63-162). Y=W; N=R.,house_2007.csv,
2007,House,110,1,14,H.R.,3043,HR3043-110,"Labor, HHS and Education Appropriations / Privatization",amendment,2007-07-17,Rejected,173,251,N,Y=Wrong; N=Right,640,https://voteview.com/rollcall/RH1100640,"tally kept as printed at 173-251: Voteview's rollcalls file lists 172-248 because it excludes the five delegates and the resident commissioner, whose vote in the Committee of the Whole was restored in 2007; recounting Voteview's own member file gives 173-251, and clerk.house.gov/evs/2007/roll646.xml prints the same (probe_2007f.py)",4,"H.R. 3043—-The Bush administration has made a major effort to privatize many government services and jobs since it first took office with a goal to contract out the jobs of as many as 850,00 federal workers. The Labor/HHS/Education appropriations bill included a ban on contracting out jobs at the Department of Labor. An amendment by Rep. Pete Sessions (R-Tex.) would have removed that ban, a move that would have an adverse impact on services vital to all working Americans. The Department of Labor exists to make American workplaces safer, healthier and fairer, and it is clearly inappropriate for this work to be performed by private contractors. The amendment failed July 17 by 173-251 (R: 173-23; D: 0-228). Y=W; N=R",house_2007.csv,
2007,House,110,1,15,H.R.,3043,HR3043-110,"Labor, HHS and Education Appropriations",amendment,2007-07-19,Rejected,167,255,N,Y=Wrong; N=Right,668,https://voteview.com/rollcall/RH1100668,"tally kept as printed at 167-255: Voteview's rollcalls file lists 166-253 because it excludes the five delegates and the resident commissioner, whose vote in the Committee of the Whole was restored in 2007; recounting Voteview's own member file gives 167-255, and clerk.house.gov/evs/2007/roll674.xml prints the same (probe_2007f.py)",5,"H.R. 3043—Union Recognition—During consideration of the Labor/HHS/Education appropriations bill, the House rejected an amendment offered by Rep. Mark Souder (R-Ind.) that would prohibit the National Labor Relations Board (NLRB) from recognizing any union that was formed without an NLRB-supervised election. This anti-Employee Free Choice Act amendment would relieve employers from having to bargain with unions formed through majority sign-up or “card-check” agreements. The amendment failed July 19 by 167-255 (R: 164-32; D: 3-223). Y=W; N=R",house_2007.csv,
2007,House,110,1,16,H.R.,3043,HR3043-110,"Labor, HHS and Education Appropriations",passage,2007-07-19,Passed,276,140,Y,Y=Right; N=Wrong,680,https://voteview.com/rollcall/RH1100680,,5,"H.R.3043—Final Passage—The House passed the 2008 Labor, Health and Human Services and Education appropriations bill that makes modest increases in spending levels for programs representing core American values—education, health care, safe workplaces—and provides funding to help the most vulnerable of the nation’s citizens, especially children, individuals with disabilities and the elderly. The bill passed July 19 by 276-140 (R: 53-139; D: 223-1). Y=R, N=W",house_2007.csv,
2007,House,110,1,17,H.R.,3074,HR3074-110,Davis Bacon/Prevailing Wages,amendment,2007-07-24,Rejected,148,278,N,Y=Wrong; N=Right,706,https://voteview.com/rollcall/RH1100706,"tally kept as printed at 148-278: Voteview's rollcalls file lists 147-274 because it excludes the five delegates and the resident commissioner, whose vote in the Committee of the Whole was restored in 2007; recounting Voteview's own member file gives 148-278, and clerk.house.gov/evs/2007/roll712.xml prints the same (probe_2007f.py)",5,"H.R. 3074—The Davis-Bacon Act requires that construction workers on federal projects be paid prevailing wages. It ensures high-quality work standards and decent living standards for workers and their communities. During House consideration of the massive funding bill for the departments of Transportation, Housing and related agencies, Rep. Steve King (R-Iowa) offered an amendment to strip the Davis-Bacon requirement that prevailing wages be paid on projects funded under the bill. The amendment failed July 24 by 148-278 (R: 148-47; D: 0-231). Y=W, N=R",house_2007.csv,
2007,House,110,1,18,H.R.,2831,HR2831-110,The Lilly Ledbetter Fair Pay Act,passage,2007-07-31,Passed,225,199,Y,Y=Right; N=Wrong,762,https://voteview.com/rollcall/RH1100762,,5,"H.R. 2831—The bill would overturn a 2007 U.S. Supreme Court ruling that greatly restricted the ability of workers to sue employers for illegal pay discrimination under Title VII of the 1964 Civil Rights Act. Lilly Ledbetter worked for Goodyear Tire and Rubber Co. for more than 20 years but was paid less than men who were doing the same job as she was. It wasn't until many years after she started work that she discovered the pay discrimination and then she filed suit. The court ruled that a worker has only 180 days from the date of the first discriminatory pay check to file suit, even if the worker has no way of knowing for months or even years that the pay disparity is the result of illegal discrimination. H.R. 2831 passed July 31 by 225-199 (R: 2-193; D: 223-6). Y=R, N=W",house_2007.csv,
2007,House,110,1,19,H.R.,3162,HR3162-110,Children's Health and Medicare Protection,passage,2007-08-01,Passed,225,204,Y,Y=Right; N=Wrong,780,https://voteview.com/rollcall/RH1100780,,5,"H.R. 3162—The bill would make significant investments in two proven programs serving tens of millions of Americans—the State Children’s Health Insurance Program (SCHIP) and Medicare. This bill would have provided $50 billion in new funding for SCHIP to maintain coverage for almost 7 million children and reach another 5.1 million who now lack coverage. It would make significant improvements in Medicare, beginning with more equitable payments for private Medicare Advantage plans, expanding access to low-income assistance programs in Medicare, eliminating cost sharing for preventive services in Medicare, and ensuring that beneficiaries have access to the doctor of their choice by reversing a scheduled cut in physician reimbursement. The bill passed, amidst a Bush veto threat, Aug. 1 by 225-204 (R: 5-194, D: 220-10). Y=R, N=W",house_2007.csv,
2007,House,110,1,20,H.R.,2693,HR2693-110,The Popcorn Workers Lung Disease Prevention Act,passage,2007-09-26,Passed,260,154,Y,Y=Right; N=Wrong,906,https://voteview.com/rollcall/RH1100906,,6,"Final Passage—H.R. 2693—Diacetyl is a chemical flavoring used in microwave popcorn and other foods that is linked to a potentially fatal lung disease. The bill directs the Occupational Safety and Health Administration to immediately issue a regulation protecting workers from exposure to diacetyl. The bill passed Sept. 26 by 260-154 (R: 47-146; D: 213-8). Y=R, N=W",house_2007.csv,
2007,House,110,1,21,H.R.,976,HR976-110,SCHIP/Veto Override,veto override,2007-10-18,Rejected,273,156,Y,Y=Right; N=Wrong,975,https://voteview.com/rollcall/RH1100975,,6,"H.R. 976—The State Children's Health Insurance Program (SCHIP) that provides health coverage the more than 6 million low-income children needed to be reauthorized in 2007. The House and Senate reached a compromise on a bill that would renew the program and expand coverage to an additional 4 million children who lack health insurance. But President Bush vetoed the compromise SCHIP bill Oct.3. The House was unable to override the veto, which requires a two-thirds majority. The veto override failed Oct. 18 on a 273-156 vote (R: 44-154; D: 229-2). Y=R, N=W.",house_2007.csv,
2007,House,110,1,22,H.R.,3920,HR3920-110,Trade Adjustment Assistance (TAA),passage,2007-10-31,Passed,264,157,Y,Y=Right; N=Wrong,1018,https://voteview.com/rollcall/RH1101018,,6,"H.R. 3920—When American jobs are shipped overseas because of flawed trade policies that encourage employers to move offshore, there are several programs to assist workers. The House passed a bill that would make major improvements to three of those programs—Trade Adjustment Assistance (TAA), Unemployment Insurance and the Worker Adjustment and Retraining Notification (WARN) Act. The bill doubles the funding for TAA and extends eligibility to public and service-sector workers and to workers whose jobs are offshored, without the need to demonstrate an increase in imports. The bill increases the Health Coverage Tax Credit subsidy to 85 percent of premiums, from 65 percent. In addition to providing $100 million annually for all 50 states to improve administration of the UI and employment service system, the bill allows states to draw down up to $7 billion of federal UI trust funds to pay for state program improvements. The bill also extends WARN Act notice requirements to more plant closings and mass layoffs and provides 30 days more notice to workers. The bill passed Oct. 31 by 264-157 (R: 38-155; D: 226-2). Y=R, N=W",house_2007.csv,
2007,House,110,1,23,H.R.,3996,HR3996-110,Temporary Tax Relief Act of 2007,passage,2007-11-09,Passed,216,193,Y,Y=Right; N=Wrong,1074,https://voteview.com/rollcall/RH1101074,"party split: the card gives (R: 0-193; D: 216-8), which sums to 216-201 beside its own printed 216-193 - the card printed the whole nay total in the Republican column, where the member file gives R 0-185. The tally is right and party columns are excluded from the schema",6,"H.R. 3996—H.R. 3996 provides 23 million middle-class families with more than $50 billion in tax relief by protecting them from paying the Alternative Minimum Tax (AMT) that was originally designed to ensure that high-income taxpayers pay their fair share. The bill also includes a number of one-year tax extenders, including an extension of a tax deduction for expenses paid by teachers for school supplies. The cost of providing relief from the AMT was offset by closing the so-called ""carried interest"" loophole that allows a small group of Wall Street millionaires to pay a 15 percent capital gains tax rate on earnings from managing certain hedge funds, instead of the 35 percent rate that is paid by most workers. The bill passed Nov. 9 by 216-193. (R: 0-193; D: 216-8). Y=R, N=W",house_2007.csv,
2007,House,110,1,24,H.R.,3043,HR3043-110,"Labor, HHS and Education Appropriations/Veto Override",veto override,2007-11-15,Rejected,277,141,Y,Y=Right; N=Wrong,1114,https://voteview.com/rollcall/RH1101114,"bill from the roll call: the card's heading prints no measure at all, naming only 'Labor, HHS and Education Appropriations/Veto Override'; roll 1114 is the veto override on H.R. 3043, the bill records 14, 15 and 16 name",7,"President Bush vetoed the Labor, Health and Human Services and Education appropriations bill. The bill reverses a 12-year decline in funding for programs that help workers and middle-income families, from health and safety to education and job training, that began with the 1994 Republican takeover of Congress. The bill exceeds the administration's request by $11 billion, which is less than 0.01 percent of the total budget. Two-thirds of the House members present and voting were needed to override Bush's veto. The override failed by two votes Nov. 15 on a 277-141 vote (R: 51-141; D: 226-0). Y=R, N=W",house_2007.csv,
2008,House,110,2,1,H.R.,2768,HR2768-110,Mine Safety Standards,passage,2008-01-16,Passed,214,199,Y,Y=Right; N=Wrong,1186,https://voteview.com/rollcall/RH1101186,,2,"H.R. 2768—The House passed the Supplemental Mine Improvement and New Emergency Response Act (S-MINER). The bill, along with the 2006 MINER Act, responds to critical safety and health problems in the mining industry, underscored by the 2006 Sago Mine disaster and the overall increase in coal mine fatalities. The legislation requires coal operators to improve their emergency response plans, including installation of rescue chambers in underground coal mines. It also strengthens other protections in current law, including the sealing of abandoned areas in mines, ventilation controls, dust requirements, conveyor belt safety, communication programs and atmospheric monitoring. The bill passed January 16 by a vote of 214-199 (R: 7-183; D: 207-16). Y=R, N=W",house_2008.csv,
2008,House,110,2,2,H.R.,3524,HR3524-110,Davis-Bacon/Prevailing Wages on Public Housing Projects,amendment,2008-01-17,Rejected,136,268,N,Y=Wrong; N=Right,1191,https://voteview.com/rollcall/RH1101191,"tally kept as printed at 136-268: Voteview's rollcalls file lists 136-264 because it excludes the five delegates and the resident commissioner, whose vote in the Committee of the Whole was restored in 2007 and not dropped again until the 112th; recounting Voteview's own member file gives 136-268, and clerk.house.gov/evs/2008/roll015.xml prints the same (probe_2008f.py). This is the card's only Committee-of-the-Whole record",2,H.R. 3524—The Davis-Bacon Act requires that construction workers on federal projects be paid prevailing wages. It ensures high-quality work standards and decent living standards for workers and their communities. Rep. Steve King (R-Iowa) offered an amendment to the HOPE VI Improvement and Reauthorization Act of 2008 to eliminate Davis-Bacon requirements for some public housing construction projects. The amendment failed on January 17 by 136-268 (R: 136-48; D: 0-220). Y=W; N=R Y=W; N=R,house_2008.csv,
2008,House,110,2,3,H.R.,3963,HR3963-110,SCHIP/Veto Override,veto override,2008-01-23,Rejected,260,152,Y,Y=Right; N=Wrong,1198,https://voteview.com/rollcall/RH1101198,"bill from the roll call: the card prints H.R. 3936, but roll 1198 is the veto override on H.R. 3963, the second SCHIP compromise bill - a transposition of the last two digits. clerk.house.gov/evs/2008/roll022.xml gives legis-num as H R 3963",2,"H.R. 3936—The State Children's Health Insurance Program (SCHIP) that provides health coverage for more than 6 million low-income children needed to be reauthorized in 2007. The House and Senate reached a compromise on a bill that would renew the program and expand coverage to an additional 4 million children who lack health insurance. But President Bush vetoed two compromise SCHIP bills. Despite several attempts, the House was unable to override either veto, which requires a two-thirds majority. This attempt to override Bush's veto failed January 23 by a vote of 260-152 (R: 42-151; D: 218-1). Y=R, N=W",house_2008.csv,
2008,House,110,2,4,H.Con.Res.,312,HCONRES312-110,House Budget Resolution,budget resolution,2008-03-13,Passed,212,207,Y,Y=Right; N=Wrong,1316,https://voteview.com/rollcall/RH1101316,,2,"H.Con.Res. 312—The House passed a budget blueprint for fiscal year 2009 that rejects most of President Bush's proposed cuts in domestic spending, including a five-year, $196 billion cut in Medicare and Medicaid funding. The resolution also rejects proposed cuts in highway and transit programs and the elimination of the Employment Service. The Democratic plan increases funding for education and training by $7.1 billion above the president's request. Also, the resolution provides additional funds to expand the Trade Adjustment Assistance (TAA) program, which provides training and other forms of assistance to workers dislocated because of trade, and expands eligibility for Unemployment Insurance. The bill passed March 13 by a vote of 212-207 (R: 0-191; D: 212-16). Y=R, N=W",house_2008.csv,
2008,House,110,2,5,H.Res.,1092,HRES1092-110,Colombia Trade 'Fast Track' Requirements,rule,2008-04-10,Adopted,224,195,Y,Y=Right; N=Wrong,1356,https://voteview.com/rollcall/RH1101356,,2,"H. Res. 1092—The House voted to suspend ""Fast Track"" requirements for considering the U.S.-Colombia Free Trade Agreement (FTA). Fast Track procedures require an up-or-down vote on a FTA within 90 days of the date the president submits the treaty to Congress. The resolution changing House rules for consideration of the Colombia FTA requires no further action by the Senate or the president to take effect. The union movement, many members of Congress and human rights activists oppose the Colombia FTA because of the nation's long history of violence against trade union members that has claimed more than 2,500 lives since 1986. Colombia has done little to stem the violence or bring the killers to justice. The ""Fast Track"" resolution was adopted April 10 by a vote of 224-195 (R: 6-185; D: 218-10). Y=R, N=W",house_2008.csv,
2008,House,110,2,6,H.R.,5613,HR5613-110,Medicaid Regulations,passage,2008-04-23,Passed,349,62,Y,Y=Right; N=Wrong,1384,https://voteview.com/rollcall/RH1101384,,2,"H.R. 5613—The House voted to place a one-year moratorium on seven Medicaid regulations issued by the Bush administration. The combined effect of these regulations would reduce federal spending on Medicaid by $20 billion over five years, by shifting costs to states and localities for critical Medicaid-reimbursed services. As state deficits grow, states will not be able to absorb these additional costs without cutting access to Medicaid and other state-funded services, including public health programs, education and transportation. The bill passed April 23 by a vote of 349-62 (R: 128-62; D: 221-0). Y=R, N=W",house_2008.csv,
2008,House,110,2,7,H.R.,5522,HR5522-110,Combustible Dust Standard,passage,2008-04-30,Passed,247,165,Y,Y=Right; N=Wrong,1408,https://voteview.com/rollcall/RH1101408,,3,"H.R. 5522—Responding to the tragic explosion Feb. 7 at the Imperial Sugar Refinery in Port Wentworth, Ga., that claimed the lives of 13 workers, the House passed a bill requiring the Occupational Safety and Health Administration (OSHA) to adopt an emergency standard to regulate combustible industrial dusts that can build up to hazardous levels and cause deadly explosions. Workplace safety experts, including the U.S. Chemical Safety Board in 2006, long have called for a combustible dust standard. But OSHA has failed to act. The bill passed April 30 by a vote of 247-165 (R: 22-165; D: 225-0). Y=R, N=W",house_2008.csv,
2008,House,110,2,8,H.R.,3221,HR3221-110,Foreclosure Prevention,passage,2008-05-08,Passed,266,154,Y,Y=Right; N=Wrong,1476,https://voteview.com/rollcall/RH1101476,,3,"H.R. 3221—The House passed a housing relief bill designed to help families facing foreclosure. The Foreclosure Prevention Act would provide $300 billion in government loan guarantees to help at-risk borrowers refinance their home mortgages at more favorable terms. The program would allow families to stay in their homes, protect the integrity of neighborhoods and help stabilize the housing market. The bill passed May 8 by a vote of 266-154 (R: 39-154; D: 227-0). Y=R, N=W",house_2008.csv,
2008,House,110,2,9,H.R.,2642,HR2642-110,Extension of Unemployment Benefits,passage,2008-05-15,Passed,256,166,Y,Y=Right; N=Wrong,1505,https://voteview.com/rollcall/RH1101505,,3,"H.R. 2642—The House adopted an amendment to the legislation funding the wars in Iraq and Afghanistan that would provide 13 weeks of unemployment benefits for jobless workers in every state, plus 13 additional weeks of benefits for jobless workers in “high unemployment” states with at least 6 percent unemployment. The amendment passed May 15 by a vote of 256-166 (R: 32-159; D: 224-7). Y=R, N=W",house_2008.csv,
2008,House,110,2,10,H.R.,5749,HR5749-110,Extension of Unemployment Benefits,passage,2008-06-11,Rejected,279,144,Y,Y=Right; N=Wrong,1578,https://voteview.com/rollcall/RH1101578,,3,"H.R. 5749—President Bush threatened to veto the legislation funding the wars in Iraq and Afghanistan over a provision providing 13 weeks of unemployment benefits for jobless workers in every state, plus another 13 weeks of additional benefits for jobless workers in “high unemployment” states. To gauge support for possible veto override, the House considered the unemployment benefits extension separately under a procedure requiring a two-thirds supermajority to pass, the same margin needed to override a veto. The House failed to muster the necessary two-thirds supermajority June 11 but voted by a vote of 279-144 in favor of the bill (R: 49-144; D: 230-0). Y=R, N=W",house_2008.csv,
2008,House,110,2,11,H.R.,5781,HR5781-110,Parental Leave,passage,2008-06-19,Passed,278,146,Y,Y=Right; N=Wrong,1603,https://voteview.com/rollcall/RH1101603,,3,"H.R. 5781—The Family and Medical Leave Act guarantees workers time off to care for newborn or newly adopted children, among other provisions, but it is unpaid leave. More and more private-sector employers provide paid parental leave. The Federal Employees Paid Parental Leave Act provides all federal employees with four weeks of paid leave to enable parents to stay at home with newborn infants or newly adopted children. The bill passed June 19 by a vote of 278-146 (R: 50-145; D: 228-1). Y=R, N=W",house_2008.csv,
2008,House,110,2,12,H.R.,6331,HR6331-110,Medicare Improvements,passage,2008-06-24,Passed,355,59,Y,Y=Right; N=Wrong,1618,https://voteview.com/rollcall/RH1101618,,3,"H.R. 6331—The Medicare Improvements for Patients and Providers Act strengthens Medicare by updating asset levels that have prevented many low-income seniors from obtaining affordable health care; added benefits for preventative care and mental health services; and allowed many enrollees in private-fee-for-service plans to maintain access to their existing doctor or hospital. It also stops pending cuts in payments to doctors who treat Medicare patients. The bill passed June 24 by a vote of 355-59 (R: 129-59; D: 226-0). Y=R, N=W",house_2008.csv,
2008,House,110,2,13,H.R.,1338,HR1338-110,Paycheck Fairness Act,passage,2008-07-31,Passed,247,178,Y,Y=Right; N=Wrong,1731,https://voteview.com/rollcall/RH1101731,,3,"H.R. 1338—The Paycheck Fairness Act would require employers to demonstrate that wage gaps between men and women doing the same work are truly a result of factors other than sex, and would prohibit retaliation against workers who share salary information or inquire about their employer’s wage practices. H.R. 1338 also amends the Equal Pay Act to allow the same remedies and class-action procedures available for other civil rights claims. The Paycheck Fairness Act passed the House July 31 by a vote of 247-178 (R: 14-178; D: 233-0). Y=R, N=W",house_2008.csv,
2008,House,110,2,14,H.R.,7110,HR7110-110,Economic Stimulus,passage,2008-09-26,Passed,264,158,Y,Y=Right; N=Wrong,1835,https://voteview.com/rollcall/RH1101835,,3,"H.R. 7110—As Congress considered a $700 billion bailout for Wall Street, the House also passed an economic recovery and jobs package that included an extension of unemployment insurance, fiscal relief for state and local governments, and a major investment in our nation’s crumbling infrastructure. The bill passed the House September 26 by a vote of 264-158, but later failed in the Senate. (R: 41-150; D 223-8). Y=R, N=W",house_2008.csv,
2008,House,110,2,15,H.R.,7321,HR7321-110,Auto Industry Bridge Loan,passage,2008-12-10,Passed,237,170,Y,Y=Right; N=Wrong,1865,https://voteview.com/rollcall/RH1101865,,4,"H.R. 7321—The rapidly worsening economy in 2008, growing joblessness, plus the credit and mortgage foreclosure crisis hit the nation's Big Three automakers hard and sales plummeted. The collapse of the three domestic auto companies would be catastrophic for millions of workers and retirees, for the entire U.S. economy, and for countless communities across the nation. In addition to the jobs that would be directly eliminated at GM, Ford and Chrysler, jobs would be lost at dealers and suppliers, manufacturers of steel, glass, plastics, textiles, tires and computer chips, and transportation providers, as well as jobs at retail stores, restaurants, hair salons and local grocery stores. The bill would have authorized emergency bridge loans to the domestic auto companies, in order to prevent a collapse. After the House approved the bill, it was then blocked in the Senate, and the Bush administration decided to use its existing authority under the Troubled Asset Relief Program (TARP) to provide the emergency. The bill passed the House December 10 by a vote of 237-170 (R: 32-150; D: 205-20). Y=R, N=W",house_2008.csv,
2009,House,111,1,1,H.R.,12,HR12-111,Paycheck Fairness Act,passage,2009-01-09,Passed,256,163,Y,Y=Right; N=Wrong,7,https://voteview.com/rollcall/RH1110007,,1,"The Paycheck Fairness Act would require employers to demonstrate that wage gaps between men and women doing the same work are truly a result of factors other than sex, and would prohibit retaliation against workers who share salary information or inquire about their employer's wage practices. It also amends the Equal Pay Act to allow the same remedies and class-action procedures available for other civil rights claims.",house_2009.csv,
2009,House,111,1,2,H.R.,11,HR11-111,Lilly Ledbetter Fair Pay Act of 2009 and Paycheck Fairness Act Amendments,passage,2009-01-09,Passed,247,171,Y,Y=Right; N=Wrong,8,https://voteview.com/rollcall/RH1110008,,1,"Ledbetter v. Goodyear Tire and Rubber. Lilly Ledbetter, a Goodyear Tire Co. supervisor, did not learn that she was being paid substantially less than her male colleagues, in violation of the Civil Rights Act of 1964, until she retired after 19 years on the job. The Supreme Court ruled that Ledbetter lost the right to sue 180 days after she received her first paycheck. Prior to this decision, other courts had ruled that each paycheck started the 180-day clock over because each check was fresh evidence of discrimination.",house_2009.csv,
2009,House,111,1,3,H.R.,2,HR2-111,Children's Health Insurance Program Reauthorization Act of 2009,passage,2009-01-14,Passed,289,139,Y,Y=Right; N=Wrong,15,https://voteview.com/rollcall/RH1110015,,1,"Since the Children's Health Insurance Program (CHIP) was enacted in 1997 with broad bipartisan support, the number of uninsured children has dropped by one-third, even as the rate of uninsured adults has increased steadily. The CHIP reauthorization bill preserves coverage for more than six million children while extending coverage to nearly four million more uninsured children.",house_2009.csv,
2009,House,111,1,4,H.R.,1,HR1-111,American Recovery and Reinvestment Act of 2009,passage,2009-01-28,Passed,244,188,Y,Y=Right; N=Wrong,45,https://voteview.com/rollcall/RH1110045,,1,"As a first priority of the Obama administration, and a key step toward rebuilding an economy that works for all Americans, the House passed the American Recovery and Reinvestment Act. The investment provisions of the bill are specifically targeted to creating and maintaining jobs, and make major investments in transportation, infrastructure, state Medicaid and other health care programs, education and housing assistance, and energy-efficiency projects.",house_2009.csv,
2009,House,111,1,5,H.R.,1105,HR1105-111,"Omnibus Appropriations Act, 2009",passage,2009-02-25,Passed,245,178,Y,Y=Right; N=Wrong,85,https://voteview.com/rollcall/RH1110085,,1,"The omnibus spending bill combines nine funding bills for several federal agencies, including the Department of Labor and Department of Education. The bill included funding for critical labor and health and safety programs and would fund government operations through Sept. 30, 2009.",house_2009.csv,
2009,House,111,1,6,H.R.,1106,HR1106-111,The Helping Families Save Their Homes Act of 2009,passage,2009-03-05,Passed,234,191,Y,Y=Right; N=Wrong,103,https://voteview.com/rollcall/RH1110103,,2,"The Helping Families Save Their Homes Act of 2009 will, among other provisions, allow bankruptcy judges to modify mortgage loans for distressed homeowners. This provision is a logical fix to assist thousands of working families to restructure their home mortgages much in the same way as investors and those who have second homes do now.",house_2009.csv,
2009,House,111,1,7,H.R.,1262,HR1262-111,Amendment to Repeal Prevailing Wage Laws,amendment,2009-03-12,Rejected,140,284,N,Y=Wrong; N=Right,121,https://voteview.com/rollcall/RH1110121,,2,This amendment by Rep. Connie Mack (R-Fla.) to the TK TK would have repealed Davis-Bacon coverage for projects funded under this bill. The Davis-Bacon Act requires companies to pay construction workers locally prevailing wages on federally funded projects. The amendment failed.,house_2009.csv,
2009,House,111,1,8,S.Con.Res.,13,SCONRES13-111,Joint FY2010 Budget Resolution,conference report,2009-04-29,Adopted,233,193,Y,Y=Right; N=Wrong,215,https://voteview.com/rollcall/RH1110215,"bill number: the scorecard prints S.Con.Res. 16, which drew no roll call at all in the 111th House. The FY2010 budget resolution conference report is S.Con.Res. 13, roll 215, at the record's own 233-193 on 29 Apr 2009; bill number: the scorecard prints S.Con.Res. 16; roll 215 is on S.Con.Res. 13. bill_number follows the roll call and the description keeps the scorecard's words; vote_question 'budget resolution' -> 'conference report': the roll call's own question is 'On Agreeing to the Conference Report'. The scorecard's value was inferred from its prose, which the 11 Aug 2026 review measured at ~8% wrong; result 'Passed' -> 'Adopted', which follows the roll call ('Passed') and the collection's convention for a conference report",2,"The House and Senate jointly agreed to $3.56 trillion budget resolution for fiscal year 2010. The resolution allows modest increases in funding to housing, education, job training, safety and health care programs that have been consistently cut during the past eight years. The resolution assumes $764 billion in tax cuts over five years, including an extension of the 2001 and 2003 tax cuts for households earning less than $250,000 annually, a three-year adjustment to prevent additional taxpayers from paying the alternative minimum tax and a permanent extension of the 2009 estate tax cuts. It also establishes reserve funds for health care reform and climate change legislation to reduce the nation's emission of carbon dioxide and other greenhouse gases.",house_2009.csv,
2009,House,111,1,9,H.R.,1913,HR1913-111,Local Law Enforcement Hate Crimes Prevention Act of 2009,passage,2009-04-29,Passed,249,175,Y,Y=Right; N=Wrong,222,https://voteview.com/rollcall/RH1110222,,2,"Passage of the bill that would expand federal hate crimes law to cover those based on sexual orientation, gender or disability. The bill would authorize $5 million annually in fiscal 2010 and 2011 for grants to state, local and tribal law enforcement agencies to investigate and prosecute hate crimes. It would authorize unspecified sums in fiscal 2010 through 2012 for the Justice Department to hire additional law enforcement personnel to prevent and respond to federal hate crimes.",house_2009.csv,
2009,House,111,1,10,H.R.,627,HR627-111,Credit CARD Act of 2009,passage,2009-04-30,Passed,357,70,Y,Y=Right; N=Wrong,227,https://voteview.com/rollcall/RH1110227,,2,"The legislation would impose restrictions on credit card company lending practices, including when companies could increase annual percentage interest rates retroactively on an existing balance. It expands a number of disclosure requirements for credit card companies and restricts the ability of credit card companies to change the terms of an account after it has been established.",house_2009.csv,
2009,House,111,1,11,H.R.,2187,HR2187-111,21st Century Green High-Performing Public School Facilities Act,passage,2009-05-14,Passed,275,155,Y,Y=Right; N=Wrong,258,https://voteview.com/rollcall/RH1110258,,2,"The 21st Century Green High-Performing Public Schools Facilities Act provides $6.4 billion in direct investment for critical school repairs and to encourage energy efficiency. The bill also creates good jobs in the construction industry and stimulates local, state and regional economic activity during the current economic downturn.",house_2009.csv,
2009,House,111,1,12,H.R.,915,HR915-111,FAA Reauthorization Act of 2009,passage,2009-05-21,Passed,277,136,Y,Y=Right; N=Wrong,290,https://voteview.com/rollcall/RH1110290,,3,"The Federal Aviation Administration (FAA) reauthorization bill invests in technology and the nation's airports, creates good jobs and strengthen workers' rights.",house_2009.csv,
2009,House,111,1,13,H.R.,626,HR626-111,Federal Employees Paid Parental Leave Act of 2009,passage,2009-06-04,Passed,258,154,Y,Y=Right; N=Wrong,309,https://voteview.com/rollcall/RH1110309,,3,"The bill provides four weeks of paid parental leave to federal employees to care for the birth or adoption of a child. Without the bill, federal workers must use accrued annual or sick leave if they want to receive pay for any of the time that they are out on parental leave. This policy is particularly difficult for newer, younger employees who have not accrued much leave or employees who have used up their leave.",house_2009.csv,
2009,House,111,1,14,H.R.,2454,HR2454-111,American Clean Energy and Security Act of 2009,passage,2009-06-26,Passed,219,212,Y,Y=Right; N=Wrong,475,https://voteview.com/rollcall/RH1110475,,3,"The American Clean Energy and Security Act would create a ""cap-and-trade"" system for limiting greenhouse gas emissions and set new requirements for electric utilities. It would require utilities to produce 15 percent of the nation's electricity from renewable sources by 2020, with another five percent energy savings from efficiency. It would set new emissions standards for coal-fired power plants, and new energy efficiency and water use standards for buildings and products. It would establish programs to assist energy consumers with higher utility bills as a result of the system. It also would create programs for electrical transmission lines, smart grid technologies, modernizing electricity infrastructure, reduction of emissions, increased energy efficiency, and carbon capture and sequestration. It maintains a diverse energy portfolio for the nation that includes renewable energy, fossil fuels, nuclear power and hydropower, while spurring investment in new energy technologies that will create jobs. It establishes an adjustment at the border for products that do not bear the same carbon costs and provides transition assistance for energy intensive, trade exposed industries.",house_2009.csv,
2009,House,111,1,15,H.R.,3293,HR3293-111,"Department of Labor, HHS, and Education Appropriations Act, 2010",passage,2009-07-24,Passed,264,153,Y,Y=Right; N=Wrong,644,https://voteview.com/rollcall/RH1110644,,3,"The House fiscal year 2010 spending bill for the departments of Labor, Health and Human Services, Education and related federal agencies provides funding for workforce development, public health and education programs. Most of the programs funded by the bill are experiencing unusually high demand for their services as a result of the recession.",house_2009.csv,
2009,House,111,1,16,H.R.,3435,HR3435-111,Supplemental Appropriations for FY2009 for the Consumer Assistance to Recycle and Save Program,passage,2009-07-31,Passed,316,109,Y,Y=Right; N=Wrong,680,https://voteview.com/rollcall/RH1110680,,3,"The ""cash-for-clunkers"" bill provided an additional $2 billion for the vehicle trade-in program, which offers vouchers worth up to $4,500 toward the purchase of new vehicles to consumers who trade in their older, less-efficient models. The program triggered a major surge in new car sales, and helped hard-pressed dealers, manufacturers, suppliers and their workers. At the same time, the program will reduce oil consumption and greenhouse gas emissions by removing older, less efficient vehicles from the road and replacing them with new, higher-mileage vehicles.",house_2009.csv,
2009,House,111,1,17,H.R.,3269,HR3269-111,Corporate and Financial Institution Compensation Fairness Act of 2009,passage,2009-07-31,Passed,237,185,Y,Y=Right; N=Wrong,684,https://voteview.com/rollcall/RH1110684,,4,"The House Corporate and Financial Institution Compensation Fairness Act provides a number of reforms to executive compensation practices at publicly traded companies, including banks and other financial companies receiving federal help under the Troubled Asset Relief Program (TARP) and other federal programs during the current economic downturn. Among other provisions, the bill would allow a company's shareholders to vote annually on executive compensation packages and on ""golden parachute"" compensation packages for outgoing executives in the event of a merger or acquisition.",house_2009.csv,
2009,House,111,1,18,H.R.,3548,HR3548-111,"Worker, Homeownership, and Business Assistance Act of 2009",passage,2009-11-05,Passed,403,12,Y,Y=Right; N=Wrong,857,https://voteview.com/rollcall/RH1110857,,4,"With the numbers of long-term unemployed reaching record levels, the House passed legislation to provide 14 additional weeks of unemployment insurance benefits compensation for the long-term unemployed in every state and an additional six weeks for those who live in states with a three-month unemployment rate of 8.5% or higher. It passed Nov. 5, 2009, and was signed into law the following day.",house_2009.csv,
2009,House,111,1,19,H.R.,3962,HR3962-111,Preservation of Access to Care for Medicare Beneficiaries and Pension Relief Act of 2010,passage,2009-11-07,Passed,220,215,Y,Y=Right; N=Wrong,885,https://voteview.com/rollcall/RH1110885,,4,"The Affordable Health Care for America Act would expand health care coverage to 96% of Americans, rein in insurance company abuses, lower costs for families, businesses and the federal budget, and improve the quality of health care. It included a public health insurance option to lower costs and increase competition, required all but the smallest employers to provide their workers with coverage, or contribute to a fund to make it affordable for workers, and asked the wealthiest in this country to pay their fair share to fund health care.",house_2009.csv,
2009,House,111,1,20,H.R.,4173,HR4173-111,Dodd-Frank Wall Street Reform and Consumer Protection Act,passage,2009-12-11,Passed,223,202,Y,Y=Right; N=Wrong,966,https://voteview.com/rollcall/RH1110966,,4,"The legislation overhauls the country's financial rules, creates a Consumer Financial Protection Agency, brings the financial derivatives market under federal regulation for the first time, imposes restrictions on credit ratings firms, improves investor protections and requires the registration of investment advisers of private pools of capital.",house_2009.csv,
2009,House,111,1,21,H.R.,2847,HR2847-111,The Jobs for Main Street Act,passage,2009-12-16,Passed,217,212,Y,Y=Right; N=Wrong,987,https://voteview.com/rollcall/RH1110987,,4,The financial crisis and recession created an 11 million jobs deficit. The Jobs for Main Street Act begins to address that by redirecting $75 billion in unused bank bailout money—the Troubled Asset Relief Program (TARP)—to fund infrastructure and job investments; and provide additional emergency funding to help families who are suffering.,house_2009.csv,
2010,House,111,2,1,H.R.,2847,HR2847-111,Hiring Incentives to the Restore Employment Act,passage,2010-03-04,Passed,217,201,Y,Y=Right; N=Wrong,1076,https://voteview.com/rollcall/RH1111076,,1,"The bill would provide employers with incentives to hire and retain new employees, extend enhanced small business expensing, and provide state and local governments with the ability to issue special purpose tax credit bonds for school construction, energy conservation and renewable energy. It also would extend the Surface Transportation Act until Dec. 31, 2010.",house_2010.csv,
2010,House,111,2,2,H.R.,3590,HR3590-111,Patient Protection and Affordable Care Act,passage,2010-03-21,Passed,219,212,Y,Y=Right; N=Wrong,1150,https://voteview.com/rollcall/RH1111150,,1,"The Patient Protection and Affordable Care Act expands coverage to more than 30 million Americans, puts new rules on insurance companies, benefits seniors with improved and strengthened Medicare and provides subsidies to help middle- and low-income families and small businesses to purchase coverage through market exchanges. It also imposed a new tax on working families' benefits. The House took up this Senate-passed bill along with a corrections bill, H.R. 4872, which amends the most egregious provisions in the Senate-passed bill.",house_2010.csv,
2010,House,111,2,3,H.R.,4872,HR4872-111,Health Care and Education Reconciliation Act of 2010,passage,2010-03-21,Passed,220,211,Y,Y=Right; N=Wrong,1152,https://voteview.com/rollcall/RH1111152,,1,"The Health Care and Education Reconciliation Act of 2010 makes substantial improvements to the Senate-passed health reform bill. It closes the Medicare prescription drug ""donut hole,"" improves the affordability provisions for low and moderate-income families, increases federal support to help states expand their Medicaid programs to cover the most needy and makes fairer the penalty on employers who fail to offer coverage to their workers. It also eliminates 85 percent of the excise tax on premiums and instead makes the Medicare payroll tax fairer to working families by applying it to unearned income.",house_2010.csv,
2010,House,111,2,4,H.R.,4849,HR4849-111,Small Business and Infrastructure Jobs Tax Act of 2010,passage,2010-03-24,Passed,246,178,Y,Y=Right; N=Wrong,1167,https://voteview.com/rollcall/RH1111167,,1,"The legislation would provide an estimated $13.2 billion for bond programs used largely by state and local governments for infrastructure development. Among the bond provisions is an extension through June 2013 of the Build America Bonds program, which provides financial support to state and local governments through federal tax exemptions for interest on municipal bonds.",house_2010.csv,
2010,House,111,2,5,H.R.,5136,HR5136-111,Amendment to Establish Government Contractor Accountability Standards,amendment,2010-05-27,Adopted,253,172,Y,Y=Right; N=Wrong,1303,https://voteview.com/rollcall/RH1111303,,1,"The outsourcing of government services to private contractors has grown tremendously over the past decade, many times at no cost savings to the government or benefits to the public. Rep. John Sarbanes (D-Md.) offered an amendment to the FY 2011 Defense Authorization bill that establishes ""good government"" standards and other requirements that must be met before services are outsourced. It would require agencies to inventory their current service contracts to determine if they meet those standards.",house_2010.csv,
2010,House,111,2,6,H.R.,4213,HR4213-111,Unemployment Compensation Extension Act of 2010,passage,2010-05-28,Passed,215,204,Y,Y=Right; N=Wrong,1309,https://voteview.com/rollcall/RH1111309,"vote_question amendment -> passage: Voteview roll 1309 of the 111th is 'On concurring in Senate amdt with amdt (except portion comprising section 523)' on H.R. 4213, a motion to concur and so the bill's disposition, which clerk.house.gov roll 324 of 2010 records as 'Passed'. The House divided the question that day, roll 1310 taking the section 523 portion - and the same card already stores the second portion of another divided question as `passage` at record 9. The record's own text describes the whole jobs bill, not an amendment",2,"The jobs bill makes significant investments in American jobs and cuts taxes to help the nation continue along the path of economic recovery and job growth. It includes provisions that will promote American job creation, provide relief for working families, prevent the outsourcing of American jobs, close tax loopholes and ensure corporate accountability. The bill originally passed the House in December 2009 and a motion to accept a Senate amendment to the bill was agreed to.",house_2010.csv,
2010,House,111,2,7,H.R.,4173,HR4173-111,Conference Report: Dodd-Frank Wall Street Reform and Consumer Protection Act,conference report,2010-06-30,Adopted,237,192,Y,Y=Right; N=Wrong,1398,https://voteview.com/rollcall/RH1111398,,2,"The Senate and House both passed legislation to rein in Wall Street's and Big Banks' dangerous practices and products that crashed the economy. The conference report that melded the two bills creates a new federal agency to oversee consumer financial products, brings the derivatives market under significant federal regulation for the first time and gives company shareholders and regulators greater say on executive pay packages.",house_2010.csv,
2010,House,111,2,8,H.R.,5618,HR5618-111,Restoration of Emergency Unemployment Compensation Act of 2010,passage,2010-07-01,Passed,270,153,Y,Y=Right; N=Wrong,1408,https://voteview.com/rollcall/RH1111408,,2,"Unable to win passage of the bill on the suspension calendar, H.R. 5618 was considered under regular order.",house_2010.csv,
2010,House,111,2,9,H.R.,4899,HR4899-111,"Supplemental Appropriations Act, 2010",passage,2010-07-01,Passed,239,182,Y,Y=Right; N=Wrong,1413,https://voteview.com/rollcall/RH1111413,,2,"School districts facing huge budget shortfalls were projected to layoff hundreds of thousands of teachers. Senate Republicans blocked efforts to include the teacher job funding in other bills. But Democratic House leaders included $10 billion for education jobs as a part of an emergency supplemental appropriations bill. The bill also included language to improve collective bargaining rights for first responders. The Public Safety Employer-Employee Cooperation Act would ensure that every state allows discussions between first responders and the agencies that employ them, and promote productive partnerships between labor and management.",house_2010.csv,
2010,House,111,2,10,H.R.,847,HR847-111,James Zadroga 9/11 Health and Compensation Act,passage,2010-07-29,Rejected,255,159,Y,Y=Right; N=Wrong,1474,https://voteview.com/rollcall/RH1111474,,2,"The James Zadroga 9/11 Health and Compensation Act would provide mandatory funding for medical monitoring, treatment and compensation to emergency responders, recovery and clean-up workers suffering serious diseases as a result of hazardous exposures resulting from the Sept. 11 terrorist attacks. The bill also would reopen the Sept. 11 Victim Compensation Fund (VCF) to provide compensation for economic losses and harm for those who are sick. The bill failed to pass July 29, under suspension of the rules that requires a two-thirds majority.",house_2010.csv,
2010,House,111,2,11,H.R.,1586,HR1586-111,FAA Air Transportation Modernization and Safety Improvement Act,passage,2010-08-10,Passed,247,161,Y,Y=Right; N=Wrong,1501,https://voteview.com/rollcall/RH1111501,,3,The bill would provide $16.1 billion in Federal Medical Assistance Percentages (FMAP) funding for state Medicaid programs and $10 billion to states for teacher funding to preserve jobs. The funds would help states avert massive layoffs because of budget shortfalls.,house_2010.csv,
2010,House,111,2,12,H.R.,2378,HR2378-111,Currency Reform for Fair Trade Act,passage,2010-09-29,Passed,348,79,Y,Y=Right; N=Wrong,1537,https://voteview.com/rollcall/RH1111537,,3,"The bill would permit the Commerce Department to impose countervailing duties on imported goods if it finds that a foreign government has undervalued its currency. For example, the Chinese government keeps its currency low, which artificially reduces the prices of its exports, creates a huge trade deficit for the United States and costs millions of American jobs.",house_2010.csv,
2010,House,111,2,13,H.R.,6495,HR6495-111,Mine Safety Protection Act of 2010,passage,2010-12-08,Rejected,214,193,Y,Y=Right; N=Wrong,1599,https://voteview.com/rollcall/RH1111599,,3,"Recent mine disasters—including the Massey Energy Upper Big Branch (W.Va.) explosion that killed 29 coal miners—highlight the need for stronger mine safety laws and tougher enforcement. The Robert C. Byrd Mine Safety Act would provide additional authorities to the Mine Safety and Health Administration (MSHA), including the power to subpoena documents and testimony in carrying out investigations and inspections. It would increase civil and criminal penalties for mining companies that violate safety and health regulations and create a system by which mines could be identified as having a history of citations for substantial violations. The bill would provide for independent investigations for certain mine accidents and increase whistleblower protections for mine workers. A motion to suspend the rules—which requires a two-thirds majority—and pass the bill failed.",house_2010.csv,
2010,House,111,2,14,H.R.,5281,HR5281-111,Removal Clarification Act of 2010,passage,2010-12-08,Passed,216,198,Y,Y=Right; N=Wrong,1608,https://voteview.com/rollcall/RH1111608,,3,"The DREAM Act would allow children of undocumented immigrants who have lived in the United States for at least five years and graduated from high school or received a graduate equivalency diploma (GED) a path to citizenship under a strict set of circumstances and requirements, including that students must either serve in the military for two years or attend college for two years. It also requires ""good moral character."" A motion to accept certain Senate amendments to the bill was approved.",house_2010.csv,
2011,House,112,1,1,H.R.,2,HR2-112,Repealing the Job-Killing Health Care Law Act,passage,2011-01-19,Passed,245,189,N,Y=Wrong; N=Right,12,https://voteview.com/rollcall/RH1120012,,1,"In the first major vote after winning the majority, House Republicans voted to repeal the Affordable Care Act (ACA) health reform law. The ACA improves access to affordable health care coverage, provides consumer protections, and reduces the federal deficit. Among other effects repeal would cost 1.2 million young adults their coverage through their parents' health plan. It would mean higher drug prices for 2.7 million seniors, would eliminate free preventive services for 44 million seniors, and discard measures to help control health care costs. It would allow insurance companies to resume denying coverage, limiting care and spending premiums on larger CEO salaries and profits.",house_2011.csv,
2011,House,112,1,2,H.Res.,38,HRES38-112,Resolution Reducing Non-Security Spending to FY2008 Levels or Less,passage,2011-01-25,Passed,256,165,N,Y=Wrong; N=Right,18,https://voteview.com/rollcall/RH1120018,,1,"The resolution required that the fiscal year 2011 budget cut spending for all non-defense items to 2008 levels. That would mean massive cuts to vital working family programs and protections such as education, health care, environmental protections, transportation, workplace safety, wage protections and more. The resolution was approved.",house_2011.csv,
2011,House,112,1,3,H.R.,1,HR1-112,Amendment to Defund the National Labor Relations Board,amendment,2011-02-17,Rejected,176,250,N,Y=Wrong; N=Right,73,https://voteview.com/rollcall/RH1120073,"not forced by the (date, tally) key: rolls 73 and 77 are both 176-250 amendments to H.R. 1 that day and Voteview describes neither. clerk.house.gov/evs/2011/roll075.xml names roll 73 (clerk 75) 'Price of Georgia Amendment No. 410' and roll 77 (clerk 79) 'Sessions of Texas Amendment No. 43'; this record describes Rep. Tom Price's amendment to defund the NLRB",1,"As part of the continuing effort to attack workers' rights and weaken the National Labor Relations Board (NLRB), Rep. Tom Price (R-Ga.) offered an amendment to H.R. 1, the continuing resolution to fund the federal government and its agencies that would defund the NLRB for the remainder of 2011. The amendment failed.",house_2011.csv,
2011,House,112,1,4,H.R.,1,HR1-112,Amendment to Defund the Affordable Care Act,amendment,2011-02-18,Adopted,239,187,N,Y=Wrong; N=Right,95,https://voteview.com/rollcall/RH1120095,,1,"In another attack on the health care reform, Rep. Dennis Rehberg (R-Mont.) offered an amendment to continuing resolution to fund the federal government and its agencies that would eliminate all funding to implement the Affordable Care Act (ACA). The amendment would prohibit the use of funds to pay any employee, officer, contractor, or grantee of any federal department or agency to implement the provisions of the ACA.",house_2011.csv,
2011,House,112,1,5,H.R.,1,HR1-112,Amendment to Prohibit Project Labor Agreements,amendment,2011-02-19,Rejected,210,210,N,Y=Wrong; N=Right,124,https://voteview.com/rollcall/RH1120124,,1,"This amendment by Rep. Frank Guinta (R-N.H.) to the Disaster Relief Appropriations Act, 2013 (H.R. 1) would have prohibited the use of Project Labor Agreements (PLAs) on projects funded through the bill. PLAs are a proven, effective tool used to ensure the timely, cost-effective completion of large and complex projects, providing a better value for government agencies and the taxpayers who fund these projects. They also provide contractors--union and nonunion, alike--access to a properly trained and highly skilled workforce. The amendment failed (a tie vote fails).",house_2011.csv,
2011,House,112,1,6,H.R.,1,HR1-112,Amendment to Repeal Prevailing Wage Laws,amendment,2011-02-19,Rejected,189,233,N,Y=Wrong; N=Right,142,https://voteview.com/rollcall/RH1120142,,2,"This amendment by Rep. Steve King (R-Iowa) to the Disaster Relief Appropriations Act, 2013 (H.R. 1) would have repealed Davis-Bacon coverage for projects funded under this bill. The Davis-Bacon Act requires companies to pay construction workers locally prevailing wages on federally funded projects. The amendment failed.",house_2011.csv,
2011,House,112,1,7,H.R.,1,HR1-112,"Disaster Relief Appropriations Act, 2013",passage,2011-02-19,Passed,235,189,N,Y=Wrong; N=Right,145,https://voteview.com/rollcall/RH1120145,,2,"The bill would provide continuing appropriations for all government agencies, except the Defense Department, through the remainder of fiscal year 2011. It would cut more than $61 billion including: cuts to the Occupational Safety and Health Administration (OSHA) and Mine Safety and Health Administration (MSHA) that will eliminate job safety enforcement and investigations; cuts to job training and Employment Services; cuts to the National Labor Relations Board (NLRB) which will undermine workers' ability to have a voice on the job; and cuts to Head Start which will result in 218,000 fewer kids in the program. Overall, H.R. 1 would destroy hundreds of thousands of jobs. It also would bar the use of funds made available in the bill for a variety of executive branch regulatory activities and implementation of several provisions of the Affordable Care Act. The bill passed the House.",house_2011.csv,
2011,House,112,1,8,H.R.,471,HR471-112,SOAR Act,passage,2011-03-30,Passed,225,195,N,Y=Wrong; N=Right,202,https://voteview.com/rollcall/RH1120202,,2,"The bill would reauthorize and expand Washington, D.C.'s private school voucher pilot program that expired at the end of fiscal year 2008. The voucher program was flawed and ineffective, according to several federal reports.",house_2011.csv,
2011,House,112,1,9,H.R.,658,HR658-112,Amendment to Limit Federal Employees' Collective Bargaining Rights,amendment,2011-03-31,Rejected,195,227,N,Y=Wrong; N=Right,210,https://voteview.com/rollcall/RH1120210,,2,"Current law allows federal employees who serve as union representatives a reasonable amount of official time to perform functions on behalf of the union such as negotiations, but not for internal union business. Rep. Phil Gingrey (R-Ga.) offered an amendment to Federal Aviation Administration (FAA) reauthorization bill that would prohibit FAA employees from using official time.",house_2011.csv,
2011,House,112,1,10,H.R.,658,HR658-112,Amendment to Repeal Prevailing Wage Laws,amendment,2011-04-01,Rejected,183,238,N,Y=Wrong; N=Right,214,https://voteview.com/rollcall/RH1120214,,2,This amendment by Rep. Pete Sessions (R-Texas) to the FAA Modernization and Reform Act (H.R. 658) would have repealed Davis-Bacon coverage for projects funded under this bill. The Davis-Bacon Act requires companies to pay construction workers locally prevailing wages on federally funded projects. The amendment failed.,house_2011.csv,
2011,House,112,1,11,H.R.,658,HR658-112,Democratic Union Elections,amendment,2011-04-01,Rejected,206,220,Y,Y=Right; N=Wrong,215,https://voteview.com/rollcall/RH1120215,,2,"Last year, the National Mediation Board (NMB) issued a new rule for union representation elections for airline and rail workers that calls for the majority of votes cast to determine the outcome of the elections—just as the majority of votes cast decide congressional and other elections. Previously each worker who did not cast a vote was counted as ""No"" vote. The Federal Aviation Administration (FAA) reauthorization bill would have returned election rules to the previous system. Rep. Steve LaTourette (R-Ohio) offered an amendment to the bill that would have preserved the NMB rule in which representation would be determined by a majority of the votes actually cast.",house_2011.csv,
2011,House,112,1,12,H.Con.Res.,34,HCONRES34-112,FY2012 Budget Resolution,budget resolution,2011-04-15,Passed,235,193,N,Y=Wrong; N=Right,275,https://voteview.com/rollcall/RH1120275,,3,"The Republican Budget Resolution makes huge cuts to vital working family programs and cuts taxes for the wealthy and corporations. It converts the federal share of Medicaid to a block grant to states and privatizes Medicare with a voucher system. It makes permanent the Bush tax cuts for the wealthy, along with new tax cuts and cuts corporate taxes. It does not project a balanced budget.",house_2011.csv,
2011,House,112,1,13,H.R.,1540,HR1540-112,Amendment to Review Privatization of Department of Defense Jobs,amendment,2011-05-25,Rejected,198,225,Y,Y=Right; N=Wrong,343,https://voteview.com/rollcall/RH1120343,,3,"An amendment to the bill from Sen. Paul Sarbanes (D-Md.) would maintain a requirement that the Defense Department conduct annual reviews of private contracts, the number of contracted-out jobs and the performance of the contractors. Republicans, pushing for further privatization of government services wanted to eliminate the reviews.",house_2011.csv,
2011,House,112,1,14,H.R.,2017,HR2017-112,Amendment to Repeal Prevailing Wage Laws,amendment,2011-06-02,Rejected,183,234,N,Y=Wrong; N=Right,393,https://voteview.com/rollcall/RH1120393,,3,"This amendment by Rep. Paul Gosar (R-Ariz.) to the Continuing Appropriations Act, 2012 (H.R. 2017) would have repealed Davis-Bacon coverage for projects funded under this bill. The Davis-Bacon Act requires companies to pay construction workers locally prevailing wages on federally funded projects. The amendment failed.",house_2011.csv,
2011,House,112,1,15,H.R.,2017,HR2017-112,Amendment to Prohibit Project Labor Agreements,amendment,2011-06-02,Rejected,207,213,N,Y=Wrong; N=Right,394,https://voteview.com/rollcall/RH1120394,,3,"This amendment by Rep. Steve Scalise (R-La.) to the Continuing Appropriations Act, 2012 (H.R. 2017)would have prohibited the use of Project Labor Agreements (PLAs) on projects funded through the bill. PLAs are a proven, effective tool used to ensure the timely, cost-effective completion of large and complex projects, providing a better value for government agencies and the taxpayers who fund these projects. They also provide contractors--union and nonunion, alike--access to a properly trained and highly skilled workforce. The amendment failed.",house_2011.csv,
2011,House,112,1,16,H.R.,2017,HR2017-112,Amendment to Prohibit Collective Bargaining Rights for TSA Employees,amendment,2011-06-02,Adopted,218,205,N,Y=Wrong; N=Right,401,https://voteview.com/rollcall/RH1120401,,3,"After a nearly 10-year battle, Transportation Security Officers at the Transportation Security Administration (TSA) finally won collective bargaining rights in February. Rep. Todd Rokita (R-Ind.) offered an amendment to the Continuing Appropriations Act, 2012 (H.R. 2017) that would prohibit collective bargaining for TSA employees.",house_2011.csv,
2011,House,112,1,17,H.R.,2055,HR2055-112,Amendment to Prohibit Project Labor Agreements,amendment,2011-06-13,Adopted,204,203,Y,Y=Right; N=Wrong,411,https://voteview.com/rollcall/RH1120411,,3,"This amendment by Rep. Steven LaTourette (R-Ohio) to the Consolidated Appropriations Act, 2012 (H.R. 2055) would have prohibited the use of Project Labor Agreements (PLAs) on projects of more than $25 million funded through the bill. PLAs are a proven, effective tool used to ensure the timely, cost-effective completion of large and complex projects, providing a better value for government agencies and the taxpayers who fund these projects. They also provide contractors--union and nonunion, alike--access to a properly trained and highly skilled workforce. The amendment failed.",house_2011.csv,
2011,House,112,1,18,H.R.,2055,HR2055-112,Amendment to Repeal Prevailing Wage Laws,amendment,2011-06-13,Rejected,178,232,N,Y=Wrong; N=Right,412,https://voteview.com/rollcall/RH1120412,,4,"This amendment by Rep. Justin Amash (R-Mich.) to the Consolidated Appropriations Act, 2012 (H.R. 2055) would have repealed Davis-Bacon coverage for projects funded under this bill. The Davis-Bacon Act requires companies to pay construction workers locally prevailing wages on federally funded projects. The amendment failed.",house_2011.csv,
2011,House,112,1,19,H.R.,2354,HR2354-112,Amendment to Repeal Prevailing Wage Laws,amendment,2011-07-15,Rejected,183,238,N,Y=Wrong; N=Right,582,https://voteview.com/rollcall/RH1120582,,4,"This amendment by Rep. Paul Gosar (R-Ariz.) to the Energy and Water Development Appropriations Act, 2012 (H.R. 2354) would have repealed Davis-Bacon coverage for projects less than $20 million funded under this bill. The Davis-Bacon Act requires companies to pay construction workers locally prevailing wages on federally funded projects. The amendment failed.",house_2011.csv,
2011,House,112,1,20,H.R.,2560,HR2560-112,"Cut, Cap, and Balance Act of 2011",passage,2011-07-19,Passed,234,190,N,Y=Wrong; N=Right,603,https://voteview.com/rollcall/RH1120603,"vote_question 'amendment' -> 'passage': the roll call's own question is 'On Passage'. The scorecard's value was inferred from its prose, which the 11 Aug 2026 review measured at ~8% wrong; result 'Adopted' -> 'Passed', which follows the roll call ('Passed') and the collection's convention for a passage",4,The bill allows an increase in the debt limit only if Congress also passes a balanced-budget constitutional amendment. The balanced budget amendment would set fiscal year 2012 discretionary spending at $1.019 trillion and enforce unrealistic statutory spending caps that would limit spending as a percentage of gross domestic product (GDP) for a 10-year period. The bill passed.,house_2011.csv,
2011,House,112,1,21,H.R.,2587,HR2587-112,Protecting Jobs From Government Interference Act,passage,2011-09-15,Passed,238,186,N,Y=Wrong; N=Right,707,https://voteview.com/rollcall/RH1120707,,4,"The bill was part of an orchestrated attack by congressional Republicans on workers' rights and the National Labor Relations Board (NLRB). It was sweeping legislation that undermines the basic rights of workers to organize and collectively bargain by permanently eliminating the NLRB's only effective remedy against a wide range of illegal employer conduct. In addition to crippling the enforcement powers of the NLRB, the bill makes it easier for companies to ship jobs overseas creating a new race to the bottom for American workers. The bill passed.",house_2011.csv,
2011,House,112,1,22,H.R.,3078,HR3078-112,United States-Colombia Trade Agreement,passage,2011-10-12,Passed,262,167,N,Y=Wrong; N=Right,777,https://voteview.com/rollcall/RH1120777,,4,"Colombia is the most dangerous country in which to be a trade unionist. In 2010, 51 labor leaders were killed in Colombia, an increase over 2009 and more than in the rest of the world combined. The Colombia free trade agreement—negotiated by the Bush administration—continues the flawed trade policies of the past rather than laying out a new and progressive vision for the future that strengthens labor rights protections for all workers, safeguards domestic laws and regulations, and promotes the export of U.S. goods rather than jobs. The agreement was approved.",house_2011.csv,
2011,House,112,1,23,H.R.,3079,HR3079-112,United States-Panama Trade Agreement,passage,2011-10-12,Passed,300,129,N,Y=Wrong; N=Right,778,https://voteview.com/rollcall/RH1120778,,4,"The Panama trade agreement, like the Colombia and South Korea agreements, was negotiated by the Bush administration and continues the flawed trade policies of the past rather than laying out a new and progressive vision for the future that strengthens labor rights protections for all workers, safeguards domestic laws and regulations, and promotes the export of U.S. goods rather than jobs. The agreement was approved.",house_2011.csv,
2011,House,112,1,24,H.R.,3080,HR3080-112,United States-Korea Free Trade Agreement,passage,2011-10-12,Passed,278,151,N,Y=Wrong; N=Right,779,https://voteview.com/rollcall/RH1120779,,5,"The South Korea Trade agreement like the Panama and Colombia trade agreements, was negotiated by the Bush administration and continues the flawed trade policies of the past rather than laying out a new and progressive vision for the future that strengthens labor rights protections for all workers, safeguards domestic laws and regulations, and promotes the export of U.S. goods rather than jobs. The agreement was approved.",house_2011.csv,
2011,House,112,1,25,H.J.Res.,2,HJRES2-112,Resolution Proposing a Balanced Budget Constitutional Amendment,passage,2011-11-18,Rejected,261,165,N,Y=Wrong; N=Right,854,https://voteview.com/rollcall/RH1120854,"vote_question 'amendment' -> 'passage': the roll call's own question is 'On Motion to Suspend the Rules and Pass, as Amended'. The scorecard's value was inferred from its prose, which the 11 Aug 2026 review measured at ~8% wrong",5,"The joint resolution proposed a constitutional amendment that would require a balanced budget starting in fiscal 2018 or the second fiscal year after ratification by three-fourths of the states, whichever is later. Under the proposal three-fifths of the entire House and Senate would be required to approve deficit spending or an increase in the public debt limit. A simple majority could waive the requirement in times of congressionally declared war or in the face of a serious military threat. The amendment was defeated.",house_2011.csv,
2011,House,112,1,26,H.R.,3094,HR3094-112,Workforce Democracy and Fairness Act,passage,2011-11-30,Passed,235,188,N,Y=Wrong; N=Right,865,https://voteview.com/rollcall/RH1120865,,5,"This bill was part of the orchestrated attack by congressional Republicans on workers' rights and the National Labor Relations Board (NLRB). The bill would mandate election delays, giving companies more power to wear down support for a union, and create new opportunities for stalling elections. The bill would allow employers to game the system and force workers to wait months, and perhaps years, before they are allowed to vote on whether to form a union. The bill passed.",house_2011.csv,
2011,House,112,1,27,H.R.,3010,HR3010-112,Regulatory Accountability Act of 2011,passage,2011-12-02,Passed,253,167,N,Y=Wrong; N=Right,884,https://voteview.com/rollcall/RH1120884,,5,"Instead of focusing on job creation, congressional Republicans moved to roll back vital safety, health, environmental and other rules. The bill would cripple the regulatory process by adding dozens of new analytical, procedural, and judicial review requirements. It would add years of delay to the rulemaking process, which already takes 6-10 years to develop major workplace safety rules. The bill would also require agencies to adopt the least costly rule, instead of the most protective rule as is now required by The Occupational Safety and Health Act and the Mine Safety and Health Act. The bill passed.",house_2011.csv,
2011,House,112,1,28,H.R.,10,HR10-112,Regulations From the Executive in Need of Scrutiny Act of 2011,passage,2011-12-07,Passed,241,184,N,Y=Wrong; N=Right,897,https://voteview.com/rollcall/RH1120897,,5,"The bill would restrict the Obama Administration from functioning efficiently by allowing ""major"" rules issued by agencies to take effect only if Congress votes to enact them with a joint resolution. The Republican-backed bill was intended to hamstring the Administration's decision-making capabilities. The bill was approved.",house_2011.csv,
2011,House,112,1,29,H.R.,3630,HR3630-112,Middle Class Tax Relief and Job Creation Act of 2012,passage,2011-12-13,Passed,234,193,N,Y=Wrong; N=Right,919,https://voteview.com/rollcall/RH1120919,,5,"The bill extended the 4.2% employee payroll tax rate through 2012, but the Republican legislation offset the cost with drastic benefit reductions for jobless workers, pay cuts for public employees, reduced premium assistance for low and middle-income individuals buying health insurance, cutbacks in preventive health services and higher premiums for many Medicare beneficiaries. The bill was approved.",house_2011.csv,
2012,House,112,2,1,H.R.,4105,HR4105-112,Countervailing Duty Provisions to Non-market Economy Countries,passage,2012-03-06,Passed,370,39,Y,Y=Right; N=Wrong,1040,https://voteview.com/rollcall/RH1121040,,1,The bill affirms the Commerce Department has the authority to impose countervailing duties on imports from non-market economy countries-including China-that engage in unfair trade practices. The bill passed.,house_2012.csv,
2012,House,112,2,2,H.R.,3606,HR3606-112,Jumpstart Our Business Startups,passage,2012-03-08,Passed,390,23,N,Y=Wrong; N=Right,1054,https://voteview.com/rollcall/RH1121054,,1,"The ""Jumpstart Our Business Startups (JOBS) Act"" would reduce critical regulatory protections for investors that are essential to safeguarding the retirement savings of America's workers from fraud and other risks. The so-called ""Jobs Act"" would create few jobs and would instead inevitably weaken investor confidence in our capital markets by creating new and expanded loopholes in our securities laws. Weakened securities regulations increase the danger of fraud and speculation. The bill passed.",house_2012.csv,
2012,House,112,2,3,H.Con.Res.,112,HCONRES112-112,"Amendment to Cut Funding to Social Security, Medicare and Medicaid",amendment,2012-03-28,Rejected,38,382,N,Y=Wrong; N=Right,1089,https://voteview.com/rollcall/RH1121089,,1,"This substitute to the Republican budget resolution offered by Rep. Jim Cooper (R-Tenn.) and Rep. Steve LaTourette (R-Ohio) would make makes deep cuts in Social Security benefits, cuts to Medicare benefits and Medicaid, offer more tax incentives for U.S. firms to export jobs overseas, tax working Americans' health benefits and lower tax rates for rich people and Wall Street. Instead of fixing the economy and solving this country's problems, the Cooper-LaTourette budget resolution would double down on the same mistakes that drove the economy into a ditch in 2008. Economic inequality is at its highest level seen since the 1920s, yet this budget resolution would lower the top marginal individual tax rate and the top corporate income tax rate. The amendment was rejected.",house_2012.csv,
2012,House,112,2,4,H.Con.Res.,112,HCONRES112-112,FY2013 Budget Resolution,budget resolution,2012-03-29,Passed,228,191,N,Y=Wrong; N=Right,1095,https://voteview.com/rollcall/RH1121095,,1,"This Republican budget resolution, crafted by Rep. Paul Ryan (R-Wisc.), caps spending and makes major cuts in vital working family programs while cutting tax rates for the richest Americans and Wall Street. Its more egregious provisions include privatizing Medicare, gutting Medicaid and repealing the 2010 health care reform law-the Affordable Care Act (ACA). The Ryan/Republican budget would increase the number of Americans without health insurance by 30 million by repealing the ACA, and its cuts to Medicaid by making it a block grant program would add another 14 to 27 million to the rolls of uninsured rolls. The Ryan/Republican budget also makes it easier to make cuts in Social Security by removing current protections. It undermines U.S. economic growth over the long term by eliminating productive federal investments in infrastructure, education, worker training, manufacturing and clean energy. The resolution was adopted.",house_2012.csv,
2012,House,112,2,5,H.R.,9,HR9-112,Small Business Tax Cut Act,passage,2012-04-19,Passed,235,173,N,Y=Wrong; N=Right,1121,https://voteview.com/rollcall/RH1121121,,2,"Touted as part of the Republicans so-called ""jobs"" package, the bill doesn't include a single requirement that businesses create jobs or invest within the United States before qualifying for the new tax deductions. It simply adds even more tax loop holes for businesses to take advantage of. It allows businesses with fewer less than 500 employees to deduct 20% of their domestic business income. The Joint Committee on Taxation found that H.R. 9's impact on economic growth and jobs is ""so small as to be incalculable."" The Urban-Brookings Tax Policy Center estimates that nearly half of the $46 billion tax cut would go to people with incomes more than $1 million a year. The bill passed.",house_2012.csv,
2012,House,112,2,6,H.R.,3336,HR3336-112,Small Business Credit Availability Act,passage,2012-04-25,Passed,312,111,N,Y=Wrong; N=Right,1124,https://voteview.com/rollcall/RH1121124,,2,"This bill offered by Rep. Frank Lucas (R-Okla.) would exempt certain financial institutions that are major players in derivatives trading from provisions of the 2010 Wall Street reform law that would classify those institutions as a type of derivatives trader known as swap dealers. Derivatives trading was a major cause of the 2008 financial crash. The bill would expand loopholes and exemptions covering derivatives already in the Dodd-Frank Wall Street reform law, and would undermine comprehensive oversight of the derivatives market by financial regulatory agencies. H.R. 3336 would have unpredictable and possibly dangerous consequences. The bill passed under a provision known as suspension of the rules that requires a two-thirds majority vote.",house_2012.csv,
2012,House,112,2,7,H.R.,5652,HR5652-112,Sequester Replacement Reconciliation Act of 2012,passage,2012-05-10,Passed,218,199,N,Y=Wrong; N=Right,1191,https://voteview.com/rollcall/RH1121191,,2,"If Congress cannot agree on a budget deficit package by the end of year, automatic spending cuts known as budget sequestration will take place under provisions of last year's legislation that raised the debt ceiling. H.R. 5652 sponsored by Rep. Paul Ryan (R-Wisc.) replaces billions in spending cuts outlined in the 2011 legislation with cuts in programs that are helping millions of families survive the worst economic recession since the Great Depression. Forty percent of the total $324 billion in cuts in mandatory spending comes from programs targeted to low- and moderate-income families, including food stamps, Medicaid, the Children's Health Insurance Program and social services for vulnerable children and elderly and disabled poor. The bill passed.",house_2012.csv,
2012,House,112,2,8,H.R.,4970,HR4970-112,Violence Against Women Reauthorization Act of 2012,passage,2012-05-16,Passed,222,205,N,Y=Wrong; N=Right,1202,https://voteview.com/rollcall/RH1121202,,2,"The Republican bill to reauthorize the 1994 Violence Against Women Act weakens many current protections in the law. It excludes lesbian, gay, bisexual and transgender (LGBT) victims, erodes important provisions for immigrant victims' safety and gives abusers additional tools with which to harm victims. It fails to address the crisis of violence against American Indian women by not recognizing tribal court authority to hold perpetrators accountable and fails to include key provisions needed to help reduce violence against young victims of violence. The bill passed.",house_2012.csv,
2012,House,112,2,9,H.R.,4310,HR4310-112,Amendment to Prohibit Project Labor Agreements,amendment,2012-05-17,Adopted,211,209,N,Y=Wrong; N=Right,1211,https://voteview.com/rollcall/RH1121211,,2,"This amendment by Rep. Roscoe Bartlett (R-Md.) to the National Defense Authorization Act for Fiscal Year 2013 (H.R. 4310) prohibited the use of Project Labor Agreements (PLAs) on projects funded through the bill. PLAs are a proven, effective tool used to ensure the timely, cost-effective completion of large and complex projects, providing a better value for government agencies and the taxpayers who fund these projects. They also provide contractors--union and nonunion, alike--access to a properly trained and highly skilled workforce. The amendment was approved.",house_2012.csv,
2012,House,112,2,10,H.R.,4310,HR4310-112,Amendment to Privatize Department of Defense Jobs,amendment,2012-05-18,Rejected,209,211,N,Y=Wrong; N=Right,1216,https://voteview.com/rollcall/RH1121216,,3,"Rep. Mike Coffman (R-Colo.) offered an amendment to the Defense Authorization bill that would make it easier to privatize Defense Department work and services now conducted by civilian DOD employees, and make it more difficult to return contracted work and services to the DOD civilian workforce. The amendment was rejected.",house_2012.csv,
2012,House,112,2,11,H.R.,4348,HR4348-112,Moving Ahead for Progress in the 21st Century Act,motion,2012-05-18,Agreed to,245,169,Y,Y=Right; N=Wrong,1237,https://voteview.com/rollcall/RH1121237,"vote_question passage -> motion: Voteview roll 1237 of the 112th is 'On Rahall Motion to Instruct Conferees' on H.R. 4348. A motion to instruct does not dispose of the bill, so it takes the residual `motion` and, having carried, the result `Agreed to` - as 1994 House 8, 2003 House 2 and 13 and 2006 House 10 already store. The scorecard's prose describes the underlying bill, which is what produced `passage`",3,"The House and Senate passed different versions of legislation temporarily extending funding for the Surface Transportation Act to keep millions of workers on transportation infrastructure projects employed. Rep. Nick Rahall, (D-W.Va.) offered a motion to instruct House conferees to agree to a Senate-passed Buy American requirements, which generally mandate that the materials for federally-funded highway, transit and rail projects be produced in the United States. The motion was approved.",house_2012.csv,
2012,House,112,2,12,H.R.,5854,HR5854-112,Amendment to Strike a Project Labor Agreement Prohibition Provition,amendment,2012-05-31,Adopted,218,198,Y,Y=Right; N=Wrong,1246,https://voteview.com/rollcall/RH1121246,,3,"A provision in the Military Construction and Veterans Affairs and Related Agencies Appropriations Act, 2013 (H.R. 5854) prohibited the use of Project Labor Agreements (PLAs) on projects funded through the bill. This amendment by Rep. Michael Grimm (R-N.Y.) removed the PLA ban from the bill. PLAs are a proven, effective tool used to ensure the timely, cost-effective completion of large and complex projects, providing a better value for government agencies and the taxpayers who fund these projects. They also provide contractors--union and nonunion, alike--access to a properly trained and highly skilled workforce. The amendment was approved.",house_2012.csv,
2012,House,112,2,13,H.R.,5854,HR5854-112,Amendment to Repeal Prevailing Wage Laws,amendment,2012-05-31,Rejected,180,237,N,Y=Wrong; N=Right,1247,https://voteview.com/rollcall/RH1121247,,3,"This amendment by Rep. Trent Franks (R-Ariz.) to the Military Construction and Veterans Affairs Appropriations Act, 2013 (H.R. 5854) would have repealed Davis-Bacon coverage for projects funded under this bill. The Davis-Bacon Act requires companies to pay construction workers locally prevailing wages on federally funded projects. The amendment failed.",house_2012.csv,
2012,House,112,2,14,H.R.,5325,HR5325-112,Amendment to Repeal Prevailing Wage Laws,amendment,2012-06-06,Rejected,184,235,N,Y=Wrong; N=Right,1281,https://voteview.com/rollcall/RH1121281,,3,This amendment by Rep. Steve King (R-Iowa) to the TK TK would have repealed Davis-Bacon coverage for projects funded under this bill. The Davis-Bacon Act requires companies to pay construction workers locally prevailing wages on federally funded projects. The amendment failed.,house_2012.csv,
2012,House,112,2,15,H.R.,4348,HR4348-112,Moving Ahead for Progress in the 21st Century Act,motion,2012-06-08,Rejected,82,323,N,Y=Wrong; N=Right,1321,https://voteview.com/rollcall/RH1121321,"vote_question passage -> motion: Voteview roll 1321 of the 112th is 'On Broun of Georgia Motion to Instruct Conferees' on H.R. 4348, which failed 82-323. A motion to instruct does not dispose of the bill, so it takes the residual `motion`",3,"The reauthorization of the Surface Transportation Act would create or maintain 2 million jobs, make vital investments in our decaying transportation infrastructure, and boost the overall economy. When the House and Senate versions were in conference, Rep. Paul Broun (R-Ga.), offered a motion to instruct conferees to drastically cut the funding, especially for mass transit, which would jeopardize hundreds of thousands of jobs. The motion failed.",house_2012.csv,
2012,House,112,2,16,H.R.,6079,HR6079-112,Repeal of Obamacare Act,passage,2012-07-11,Passed,244,185,N,Y=Wrong; N=Right,1403,https://voteview.com/rollcall/RH1121403,,4,"Shortly after the U.S. Supreme Court ruled that the Affordable Care Act (ACA) was constitutional, congressional Republicans held their 33rd vote to repeal the health care reform law. The ACA improves access to affordable health care coverage, provides consumer protections, and reduces the federal deficit. If repealed, 1.2 million young adults would lose their coverage through their parents' health plan; 2.7 million seniors would pay higher prices for prescription drugs; 44 million seniors would be denied free preventive services; and insurance companies would be allowed to resume denying coverage, limiting care and spending premiums on larger CEO salaries and profits. The legislation passed.",house_2012.csv,
2012,House,112,2,17,H.R.,5856,HR5856-112,Amendment to Repeal Prevailing Wage Laws,amendment,2012-07-18,Rejected,182,235,N,Y=Wrong; N=Right,1429,https://voteview.com/rollcall/RH1121429,,4,"This amendment by Rep. Steve King (R-Iowa) to the Department of Defense Appropriations Act, 2013 (H.R. 5856) would have repealed Davis-Bacon coverage for projects funded under this bill. The Davis-Bacon Act requires companies to pay construction workers locally prevailing wages on federally funded projects. The amendment failed.",house_2012.csv,
2012,House,112,2,18,H.R.,4078,HR4078-112,Red Tape Reduction and Small Business Job Creation Act,passage,2012-07-26,Passed,245,172,N,Y=Wrong; N=Right,1479,https://voteview.com/rollcall/RH1121479,,4,"As part of their so-called ""jobs plan,"" House Republicans offered a bill that would in effect ban any new federal regulations-from job safety to rules for big banks and public health- until the unemployment rate drops to 6 percent or less. The bill would put workers and the public in danger, stopping new safety rules to protect utility workers from electrocution and coal miners from black lung, as well as rules to limit the power of big banks and corporations. The legislation was approved.",house_2012.csv,
2012,House,112,2,19,H.R.,8,HR8-112,Amendment to Extend Middle-Class Tax Cuts,amendment,2012-08-01,Rejected,170,257,Y,Y=Right; N=Wrong,1486,https://voteview.com/rollcall/RH1121486,,4,"While House Republicans pushed to extend the Bush tax cuts for the nation's wealthiest 2 percent, Democrats offered an amendment that would permanently extend tax cuts on income under $250,000 for joint filers ($200,000 for individuals), or about 98 percent of taxpayers and 97 percent of small business owners. The Democratic alternative would save the federal government nearly $1 trillion over the next 10 years; revenue that could be invested in jobs, infrastructure improvements, education, and protecting programs like Medicare and Medicaid, as well as reducing the deficit. The middle class tax cut was defeated.",house_2012.csv,
2012,House,112,2,20,H.R.,8,HR8-112,American Taxpayer Relief Act of 2012,passage,2012-08-01,Passed,256,171,N,Y=Wrong; N=Right,1488,https://voteview.com/rollcall/RH1121488,,4,"Not only would the Republican bill extend the Bush tax cuts for the wealthiest 2 percent of taxpayers, H.R. 8 would also raise taxes on approximately 25 million middle and low income households by ending important tax credits for parents raising children and paying for college. Under this plan, the top 2 percent would get an average tax cut of $150,000 per year. The Republican proposal would eliminate programs for low income families, including the refundable tax credit for college tuition, and both the 2009 expansion of the Child Tax Credit and the Earned Income Tax Credit. The tax cut for the rich passed.",house_2012.csv,
2012,House,112,2,21,H.R.,6169,HR6169-112,"Pathway to Job Creation through a Simpler, Fairer Tax Code Act of 2012",passage,2012-08-02,Passed,232,189,N,Y=Wrong; N=Right,1495,https://voteview.com/rollcall/RH1121495,,5,"This bill would fast track a Republican plan to overhaul the tax code that would cut taxes for the wealthy and corporations, increase tax incentives for corporations that ship U.S. jobs overseas, raise taxes on the middle class, and increase income inequality and the federal deficit. The bill passed.",house_2012.csv,
2013,House,113,1,1,H.R.,152,HR152-113,Amendment to Provide Additional Support for Superstorm Sandy Recovery,amendment,2013-01-15,Adopted,228,192,Y,Y=Right; N=Wrong,21,https://voteview.com/rollcall/RH1130021,,1,Superstorm Sandy ravaged the East Coast in November 2012. While the Senate passed a relief bill in December. House Speaker John Boehner (R-OH) cancelled a vote on the Senate bill. Finally in late January Boehner brought a disaster relief bill to the floor. Rep. Rodney Frelinghuysen (R-N.J.) offered an amendment that added $33.7 billion to the bill for long-term recovery and mitigation spending to address the storm damage. The amendment was approved.,house_2013.csv,
2013,House,113,1,2,H.R.,152,HR152-113,Supplemental Appropriations for FY2013 for Superstorm Sandy Recovery,passage,2013-01-15,Passed,241,180,Y,Y=Right; N=Wrong,22,https://voteview.com/rollcall/RH1130022,,1,"The Superstorm Sandy relief bill provided more than $50 billion for communities hit by the storm. Most of the funds were to rebuild the homes and businesses destroyed by the storm, including funding for rebuilding and improving the transportation systems or help for flood control and shore strengthening projects to lessen the impact of future storms. The bill passed.",house_2013.csv,
2013,House,113,1,3,H.R.,444,HR444-113,Amendment to Follow the Simpson-Bowles Budget Recommendations,amendment,2013-02-06,Rejected,75,348,N,Y=Wrong; N=Right,35,https://voteview.com/rollcall/RH1130035,,1,"Rep. Kurt Schrader (D-Ore.) introduced an amendment to a budget-related bill (H.R. 444) that directed President Obama to follow the budget recommendations of the-Simpson-Bowles commission. Those recommendations included cuts to Social Security benefits, shifting Medicare costs to beneficiaries, lower tax rates for the wealthy and corporations and increased tax incentives for shipping jobs overseas. The amendment was rejected.",house_2013.csv,
2013,House,113,1,4,H.R.,273,HR273-113,Appropriations Amendment Freezing Federal Employee Pay,passage,2013-02-15,Passed,261,154,N,Y=Wrong; N=Right,43,https://voteview.com/rollcall/RH1130043,"vote_question 'amendment' -> 'passage': the roll call's own question is 'On Passage'. The scorecard's value was inferred from its prose, which the 11 Aug 2026 review measured at ~8% wrong; result 'Adopted' -> 'Passed', which follows the roll call ('Passed') and the collection's convention for a passage",1,"Federal workers' pay was frozen in 2011 and 2012. H.R. 273 extended that pay freeze through 2013. In addition to the pay freeze, federal workers have faced sequester furloughs and other arbitrary cuts. The bill passed.",house_2013.csv,
2013,House,113,1,5,H.R.,803,HR803-113,Motion to Recommit: Workforce Innovation and Opportunity Act,motion to recommit,2013-03-15,Rejected,184,233,Y,Y=Right; N=Wrong,73,https://voteview.com/rollcall/RH1130073,,1,"While the Republican bill would reauthorize the Workforce Investment Act (WIA), it also would consolidate 35 employment and training programs into a single funding stream for state and local use and eliminate some services among many changes to WIA. Rep. George Miller (D-Calif.) offered a motion to recommit the bill with an amendment that would clarify that nothing in the bill would repeal, deny or loosen employment protections, training opportunities or educational benefits for certain seniors, veterans, women or youth. The amendment also would also increase the federal minimum wage to $10.10 within two years of the bill's enactment. The measure was rejected.",house_2013.csv,
2013,House,113,1,6,H.R.,803,HR803-113,Workforce Innovation and Opportunity Act,passage,2013-03-15,Passed,215,202,N,Y=Wrong; N=Right,74,https://voteview.com/rollcall/RH1130074,,2,"While the Republican bill would reauthorize the Workforce Investment Act (WIA), it also would consolidate 35 employment and training programs into a single funding stream for state and local use and eliminate some services. The bill also contained provisions to reduce the amount of labor representation on the Workforce Development Boards. Further, it contained mechanisms requiring that the authorization for WIA job training be reduced by at least 10 percent. The bill passed.",house_2013.csv,
2013,House,113,1,7,H.Con.Res.,25,HCONRES25-113,FY2014 Budget Resolution,budget resolution,2013-03-21,Passed,221,207,N,Y=Wrong; N=Right,87,https://voteview.com/rollcall/RH1130087,,2,"Rep. Paul Ryan (R-Wisc.) authored a budget plan that would have required deep sacrifices by middle class working families, senior citizens and other vulnerable Americans, while providing additional tax cuts to corporations and the rich. The Ryan budget plan would have made large cuts in Medicaid, ended Medicare as we know it by converting it into a voucher program, and would have repealed the Affordable Care Act. It was estimated the plan could give tax cuts as high as an average of $330,000 for households with incomes of more than $1 million a year and for households with incomes more than $200,000, the tax cut would be nearly $34,500. Families with children and incomes under $200,000 would likely have seen their taxes go up by an average of more than $3,000 under the Ryan plan. In addition, it would have required deep cuts to job training, education, food, housing, legal services and advanced technology vehicles manufacturing programs. The budget resolution passed.",house_2013.csv,
2013,House,113,1,8,H.R.,1120,HR1120-113,Preventing Greater Uncertainity in Labor-Management Relations Act,passage,2013-04-12,Passed,219,209,N,Y=Wrong; N=Right,100,https://voteview.com/rollcall/RH1130100,,2,"Congressional Republicans have engaged in a years-long battle to cripple the National Labor Relations Board (NLRB), including blocking NLRB nominations, legislation to de-fund the board, and curtail its work. H.R. 1120 would effectively shut down the NLRB and needlessly place the rights of millions of American workers in jeopardy. The NLRB is the one agency workers whose rights have been violated can turn to for relief. The NLRB remedies unfair labor practices and defends the right of employees to join a union and bargain collectively with their employers. Shutting the NLRB down would leave employees with no place to go to ensure their rights under the law are enforced. The bill passed.",house_2013.csv,
2013,House,113,1,9,H.R.,1406,HR1406-113,Working Families Flexibility Act of 2013,passage,2013-05-08,Passed,223,204,N,Y=Wrong; N=Right,136,https://voteview.com/rollcall/RH1130136,,2,"The wrongly named bill was all about flexibility for employers, not employees. The bill would allow employers to provide workers with compensatory time off in lieu of time and half overtime pay. The 'comp time' could only be used at the employer's discretion and the bill provides no protection for workers who would rather be paid overtime instead of comp time from employer discrimination or for workers whose employers cheat them out of earned comp time. The bill passed.",house_2013.csv,
2013,House,113,1,10,H.R.,45,HR45-113,Repeal of the Patient Protection and Affordable Care Act,passage,2013-05-16,Passed,229,195,N,Y=Wrong; N=Right,153,https://voteview.com/rollcall/RH1130153,,2,"Though the U.S. Supreme Court ruled that the Affordable Care Act (ACA) was constitutional, House Republicans have held dozens of votes repeal the health care reform law. The ACA improves access to affordable health care coverage, provides consumer protections, and reduces the federal deficit. If repealed, 1.2 million young adults would lose their coverage through their parents' health plan; 2.7 million seniors would pay higher prices for prescription drugs; 44 million seniors would be denied free preventive services; and insurance companies would be allowed to resume denying coverage, limiting care and spending premiums on larger CEO salaries and profits. This version of the repeal passed.",house_2013.csv,
2013,House,113,1,11,H.R.,2216,HR2216-113,Amendment to Repeal Prevailing Wage Laws,amendment,2013-06-04,Rejected,192,231,N,Y=Wrong; N=Right,190,https://voteview.com/rollcall/RH1130190,,3,"This amendment by Rep. Steve King (R-Iowa) to the Military Construction and Veterans Affairs Appropriation Act, 2014 (H.R. 2216) would have repealed Davis-Bacon coverage for projects funded under this bill. The Davis-Bacon Act requires companies to pay construction workers locally prevailing wages on federally funded projects. The amendment failed.",house_2013.csv,
2013,House,113,1,12,H.R.,2217,HR2217-113,Amendment to Defund Deferred Action for Childhood Arrivals,amendment,2013-06-06,Adopted,224,201,N,Y=Wrong; N=Right,207,https://voteview.com/rollcall/RH1130207,,3,"In 2012, the Department of Homeland Security (DHS) implemented Deferred Action for Childhood Arrivals (DACA), a directive that provides a temporary stay of removal and work authorization for young immigrants who were brought to the United States by their parents as children and would qualify for the DREAM Act. During consideration of the DHS appropriations bill Rep. Steve King (R-Iowa) offered an amendment that would bar the use of funds provided in the bill to implement or enforce DACA and expose DREAMers to deportation. The amendment was approved.",house_2013.csv,
2013,House,113,1,13,H.R.,1960,HR1960-113,Amendment to Encourage the Outsourcing of Department of Defense Jobs,amendment,2013-06-13,Rejected,178,248,N,Y=Wrong; N=Right,224,https://voteview.com/rollcall/RH1130224,,3,An amendment to FY 2014 Defense Authorization Act by Rep. Scott Rigell (R-Va.) would have lifted the long-standing ban on outsourcing Department of Defense (DoD) jobs under a process known as A-76. Congress originally imposed a government-wide moratorium on the use of the A-76 process because of long-standing problems identified by the DoD Inspector General and the Government Accountability Office in DoD's annual $200 billion in contracting that have not been corrected. The amendment was rejected.,house_2013.csv,
2013,House,113,1,14,H.R.,1947,HR1947-113,Amendment to Defund the Food for Peace Program,amendment,2013-06-19,Rejected,203,220,N,Y=Wrong; N=Right,261,https://voteview.com/rollcall/RH1130261,,3,"For nearly 60 years, Food for Peace has been the United States' principle international food assistance program and has fed billions of needy people around the globe. During consideration of the Federal Agriculture Reform and Risk Management (FARRM) Act, Rep. Ed Royce (R-Calif.) offered an amendment that would have gutted the Food for Peace program and in the process jeopardized the U.S. maritime industry and the workforce that helps deliver aid around the world. The amendment failed.",house_2013.csv,
2013,House,113,1,15,H.R.,5,HR5-113,Student Success Act,passage,2013-07-19,Passed,221,207,N,Y=Wrong; N=Right,373,https://voteview.com/rollcall/RH1130373,,3,"The so-called Student Success Act would reauthorize the nation's elementary and secondary education law through 2019. But the Republican bill starves schools of resources and does nothing to address what educators say is pervasive over testing of students. With nearly half of all children in public schools living in poverty, the bill diverts resources for poor children--resources already cut by the sequester--to programs and policies that do not have a track record of success and are based on ideology, not results. It also undercuts the ability of school districts to target and increase funds to schools serving the highest concentrations of poor students. The bill passed.",house_2013.csv,
2013,House,113,1,16,H.R.,367,HR367-113,REINS Act of 2013,passage,2013-08-02,Passed,232,183,N,Y=Wrong; N=Right,444,https://voteview.com/rollcall/RH1130444,,4,"The so-called REINS Act would cripple government's ability to develop new health, safety and environmental laws. The REINS Act would basically take away the right of federal safety and health agencies to implement new rules by requiring Congress to approve all individual major rules, without Congressional approval the new rule would die. Politics, not scientific judgments or expertise of the agencies, would dictate action while corporate opposition and influence would swamp the public's interest and block needed protections. Part of the Republicans' so-called 'jobs' plan, this legislation would undermine key public health and worker protections and seriously disrupt federal services. The bill passed.",house_2013.csv,
2013,House,113,1,17,H.R.,3102,HR3102-113,Nutrition Reform and Work Opportunity Act of 2015,passage,2013-09-19,Passed,217,210,N,Y=Wrong; N=Right,475,https://voteview.com/rollcall/RH1130475,,4,"After failing to pass a complete farm bill in the House, the Republican leadership passed a separate bill on the Supplemental Nutrition Assistance Program (SNAP)'s food stamps. The bill was the Republican plan to overhaul the nation's largest food aid program. It cuts $40 billion in food aid to families in need over the next 10 years. It would also reduce states' flexibility on waivers and increase the requirements to automatically qualify. These cuts would affect a broad array of Americans who are struggling to make ends meet, including working families with children, senior citizens, veterans and adults who are still looking for work. The bill passed.",house_2013.csv,
2013,House,113,1,18,H.J.Res.,59,HJRES59-113,"Continuing Appropriations Resolution, 2014",passage,2013-09-29,Passed,231,192,N,Y=Wrong; N=Right,497,https://voteview.com/rollcall/RH1130497,,4,"As the shutdown of the federal government loomed at the end of September, the Tea Party Republicans put forth a continuing resolution to fund the government in an effort to force the Senate and administration to roll back the implementation of the Affordable Care Act until 2015. This bill was not a clean spending bill to keep the government open, but was instead a politically motivated bill that led to the disastrous 16-day federal government shut down. The bill passed.",house_2013.csv,
2013,House,113,1,19,H.R.,2775,HR2775-113,"Continuing Appropriations Act, 2014",passage,2013-10-16,Passed,285,144,Y,Y=Right; N=Wrong,549,https://voteview.com/rollcall/RH1130549,,4,"This bill ended the 16-day Republican-led government shutdown that kept vital services behind locked doors for the public, paychecks out of the pockets of hundreds of thousands of federal workers, and pushed the economy to the brink of disaster. The Fiscal 2014 Continuing Appropriations and Debt Limit Suspension bill funds government operations through Jan. 15, 2014, and raises the debt ceiling to allow federal borrowing through Feb. 7, 2014. It also would provide for retroactive pay for federal employees who worked or were furloughed during that time. The bill passed.",house_2013.csv,
2013,House,113,1,20,H.R.,3080,HR3080-113,Water Resources Reform and Development Act of 2014,passage,2013-10-23,Passed,417,3,Y,Y=Right; N=Wrong,559,https://voteview.com/rollcall/RH1130559,,4,"The bill authorizes the Army Corps of Engineers projects, including dredging harbors and protecting waterways from storm damage. It would also modernize locks and dams, provide upkeep for rivers and assist with flood protection. The bill also would expedite the environmental permitting process for water projects. The bill passed.",house_2013.csv,
2013,House,113,1,21,H.R.,2374,HR2374-113,Retail Investor Protection Act,passage,2013-10-29,Passed,254,166,N,Y=Wrong; N=Right,566,https://voteview.com/rollcall/RH1130566,,5,"With the decline in traditional pensions, American workers are increasingly dependent on individual retirement savings accounts, like 401(k) accounts and Individual Retirement Accounts (IRAs), for their income in retirement. The misnamed 'Retail Investor Protection Act' would prevent the Department of Labor and the Security and Exchange Commission from modernizing outdated rules so that financial advisors are prohibited from engaging in deceptive practices or conflicts of interest when they provide investment advice regarding individual retirement accounts. The bill passed.",house_2013.csv,
2014,House,113,2,1,H.R.,2804,HR2804-113,ALERRT Act of 2014,passage,2014-02-27,Passed,236,179,N,Y=Wrong; N=Right,717,https://voteview.com/rollcall/RH1130717,"vote_question 'veto override' -> 'passage': the roll call's own question is 'On Passage'. The scorecard's value was inferred from its prose, which the 11 Aug 2026 review measured at ~8% wrong",1,"The Achieving Less Excess in Regulation and Requiring Transparency Act (ALERRT) combined four measures, all of which were designed to stop, delay, or weaken new protections. The Regulatory Accountability Act (RAA) is the most far-reaching of these measures, overriding requirements of landmark legislation such as the Occupational Safety and Health Act (OSHA) and the Mine Safety and Health Act (MSHA). Its primary goal was limiting costs and the impact on businesses and corporations; protections for workers and the general public were a distant second. Rather than improving the regulatory process, this package would cripple it by further tilting the process in favor of business groups and making it more difficult to protect the health and safety of workers and the public. The bill passed.",house_2014.csv,
2014,House,113,2,2,H.Con.Res.,96,HCONRES96-113,FY2015 Budget Resolution,budget resolution,2014-04-10,Passed,219,205,N,Y=Wrong; N=Right,816,https://voteview.com/rollcall/RH1130816,,1,"This budget resolution would cut taxes for millionaires and corporations that send jobs overseas, and pay for those tax cuts by cutting programs that serve the middle class and low-income families. H. Con. Res 96 would cut education, research, infrastructure, and other critical investments by 30 percent over 10 years: higher education by $260 billion over 10 years; K-12 education by $85 billion; and Medicaid by $732 billion. H. Con. Res. 96 would also cut transportation investment by $52 billion in FY 2015 alone. Finally, the budget would also turn Medicare into a voucher program, raise the Medicare eligibility age to 67, and repeal the Affordable Care Act (ACA). The resolution passed.",house_2014.csv,
2014,House,113,2,3,H.R.,4435,HR4435-113,Amendment to Prohibit Department of Defense Insourcing Functions,amendment,2014-05-22,Rejected,179,244,N,Y=Wrong; N=Right,874,https://voteview.com/rollcall/RH1130874,"description: two em dashes repaired from mojibake ('‚Äî' and a bare '‚', UTF-8 mis-decoded as MacRoman in the scrape); scorecard_2014.pdf prints U+2014 at both positions",1,"Amendment offered by Rep. Lynn Jenkins (R-Ks.) to H.R. 4435, the 2015 National Defense Authorization Act (NDAA), that would effectively prohibit the Department of Defense (DoD) from insourcing functions that were performed by contractor employees before the date of NDAA's enactment. DoD would be forced to use contractors for the performance of inherently governmental functions until a new cost comparison process is developed— regardless of the increased risk to the public interest. DoD would never be able to stop using contractors for many functions—regardless the increased risk to the public. DoD would never be able to correct - through insourcing - contracts that cost too much or are poorly performed - regardless of the increased costs to the taxpayers. The amendment was rejected.",house_2014.csv,
2014,House,113,2,4,H.R.,4660,HR4660-113,Amendment to Prevent Contracts with Fair Labor Standard Violators,amendment,2014-05-30,Rejected,196,211,Y,Y=Right; N=Wrong,901,https://voteview.com/rollcall/RH1130901,,1,This amendment would bar the use of funds provided by the bill to enter into contracts with vendors in violation of fair labor standards. The amendment was rejected.,house_2014.csv,
2014,House,113,2,5,H.R.,4745,HR4745-113,Amendment to Defund Amtrak,amendment,2014-06-09,Rejected,154,248,N,Y=Wrong; N=Right,912,https://voteview.com/rollcall/RH1130912,,2,"This amendment undermines Amtrak's ability to provide the rail service upon which passengers and communities have come to rely. Rep. Paul Broun's amendment would arbitrarily cut Amtrak's operating funding by $34 million. The base bill already makes unacceptable cuts to Amtrak's capital budget, endangering the efficiency of the system and delaying urgently needed improvements to infrastructure and rail cars that are urgently needed. This amendment is particularly ill-advised at a time when Amtrak is setting ridership records year after year and recent polling shows that the railroad has broad public support across the country. The amendment was rejected.",house_2014.csv,
2014,House,113,2,6,H.R.,4745,HR4745-113,Amendment to Defund California's High-Speed Rail Project,amendment,2014-06-10,Adopted,227,186,N,Y=Wrong; N=Right,926,https://voteview.com/rollcall/RH1130926,,2,This amendment singles out one project in a single state--California's high-speed rail--from receiving any funds appropriated in a bill that was supposed to fund our nation's transportation needs. This project would create and sustain good-paying jobs at a time when employment opportunities are still too limited and our economic recovery remains fragile. Completion of this project would provide California residents and visitors an efficient transportation option and provide access to multi-modal connections that are urgently needed. The amendment passed.,house_2014.csv,
2014,House,113,2,7,H.R.,4745,HR4745-113,Amendment to Limit Federal Employees' Collective Bargaining Rights,amendment,2014-06-10,Rejected,167,254,N,Y=Wrong; N=Right,933,https://voteview.com/rollcall/RH1130933,,2,"This amendment would bar the use of funds provided by the bill to pay a federal employee during any period when that employee is using ""official time"" to represent a union or its bargaining unit employees. The Gingrey Amendment would serve no purpose but to erode collective bargaining rights for civil service federal employees at greater cost to American taxpayers. Union representation for employees working their way through administrative procedures is a cost-effective process for administrating and adjudicating agency policies. The alternative to official time is for government agencies to needlessly pay for costly third party attorney and arbitrator fees. Using this time for internal union business is strictly prohibited by law: under current law, official time may not be used to solicit membership, conduct internal union meetings, elect union officers, or engage in partisan political activities. The notion that official time is used for these purposes is blatantly false. The amendment was rejected.",house_2014.csv,
2014,House,113,2,8,H.R.,4923,HR4923-113,Amendment to Repeal Prevailing Wage Laws,amendment,2014-07-10,Rejected,181,239,N,Y=Wrong; N=Right,1026,https://voteview.com/rollcall/RH1131026,"not forced by the (date, tally) key: rolls 1022 and 1026 are both 181-239 amendments to H.R. 4923 that day and Voteview describes neither. clerk.house.gov/evs/2014/roll388.xml names roll 1026 (clerk 388) 'King of Iowa Amendment' and roll 1022 (clerk 384) 'Quigley of Illinois Amendment'; this record describes Rep. Steve King's Davis-Bacon amendment",2,"This amendment by Rep. Steve King (R-Iowa) to the Energy and Water Development Act, 2015 (H.R. 4923) would have repealed Davis-Bacon coverage for projects funded under this bill. The Davis-Bacon Act requires companies to pay construction workers locally prevailing wages on federally funded projects. The amendment failed.",house_2014.csv,
2014,House,113,2,9,H.R.,4935,HR4935-113,Child Tax Credit Improvement Act of 2014,passage,2014-07-25,Passed,237,173,N,Y=Wrong; N=Right,1089,https://voteview.com/rollcall/RH1131089,,2,"This legislation expands eligibility for the Child Tax Credit (CTC) by raising the threshold to $150,000 per year, but fails to permanently extend an expiring provision that allows low income families to access the credit. Over 60 percent of families using the refundable CTC earn less than $25,000 per year. Nearly half of these families are raising children on wages of $10 an hour or less. Failing to permanently extend access for low-income families could take money out of the pockets of working families and hurt children at a time when child poverty is at its highest level in decades. The legislation would also deny the refundable portion of the credit to immigrants who file taxes with an IRS-issued Individual Tax Identification Number (ITIN) and are currently eligible, resulting in over two million working families and 5.5 million children being denied the credit, 4.5 million of whom are U.S. citizens. The legislation passed.",house_2014.csv,
2014,House,113,2,10,H.R.,5230,HR5230-113,"Secure the Southwest Border Supplemental Appropriations Act, 2014",passage,2014-08-01,Passed,223,189,N,Y=Wrong; N=Right,1116,https://voteview.com/rollcall/RH1131116,,3,"The AFL-CIO opposed the Supplemental Border Appropriations bill. While additional funding was necessary to care for child refugees arriving in 2014 from Central America, the funding levels in H.R. 5230 did not adequately ensure that children eligible for protective status were identified and not returned to dangerous situations. The legislation also included harmful policy changes that compromised due process and ran counter to established U.S. and international norms regarding the detainment of children and refugees. The bill passed.",house_2014.csv,
2014,House,113,2,11,H.R.,5272,HR5272-113,Prohibition of Funding for Deferred Action for Childhood Arrivals,passage,2014-08-01,Passed,216,192,N,Y=Wrong; N=Right,1117,https://voteview.com/rollcall/RH1131117,,3,"In June 2012, the Obama Administration created the Deferred Action for Childhood Arrivals (DACA) by executive action. The program protects immigrant youth who arrived in the US prior to June 2007 from deportation and provides two year work-authorization. The AFL-CIO strongly supports DACA and opposed H.R. 5272 which, if enacted, would have denied funding to issue deferred action and work permits to any new or pending DACA-eligible youth applicants. The legislation was passed.",house_2014.csv,
2015,House,114,1,1,H.R.,185,HR185-114,Regulatory Accountability Act of 2015,passage,2015-01-13,Passed,250,175,N,Y=Wrong; N=Right,27,https://voteview.com/rollcall/RH1140027,,1,"This bill would tilt the regulatory process further in favor of business groups and those who want to stop regulations, and make it much more difficult for the government to protect workers and the public. The bill adds dozens of new analytical and procedural requirements to the rulemaking process, which adds years to the process. It upends more than 40 years of labor, health, safety and environmental laws and threaten new needed protections. The bill passed the House amended.",house_2015.csv,
2015,House,114,1,2,H.R.,596,HR596-114,Patient Protection and Affordable Care Act Repeal,passage,2015-02-03,Passed,239,186,N,Y=Wrong; N=Right,57,https://voteview.com/rollcall/RH1140057,,1,This bill would repeal the Affordable Care Act which provides insurance coverage to millions of Americans who otherwise would be uninsured. The bill passed the House amended.,house_2015.csv,
2015,House,114,1,3,H.R.,527,HR527-114,Small Business Regulatory Flexibility Improvements Act of 2015,passage,2015-02-05,Passed,260,163,N,Y=Wrong; N=Right,67,https://voteview.com/rollcall/RH1140067,,1,"This bill would add burdensome and costly analytical and procedural requirements to the rulemaking process making it much more difficult to issue needed protections. The development of major workplace safety rules already takes 6-10 years; this bill would further delay these rules and more workers would pay with their lives. This legislation makes costs and impacts on businesses the primary consideration in establishing new rules, instead of protecting the public. The bill passed the House amended.",house_2015.csv,
2015,House,114,1,4,H.R.,749,HR749-114,Amendment to Defund Amtrak,amendment,2015-03-04,Rejected,147,272,N,Y=Wrong; N=Right,109,https://voteview.com/rollcall/RH1140109,,1,"This amendment by Rep. Tom McClintock (R-Calif.) to the Passenger Rail Reform and Investment Act of 2015 (H.R. 749) would zero out federal funding for our national passenger rail carrier. Every mode of transportation needs some type of federal support to survive and operate efficiently and passenger rail is no different. Amtrak has made significant improvements to its service and is now an important driver of jobs and economic development. The McClintock amendment would gut our nation's passenger rail network, completely undercutting the important work the transportation bill accomplishes. The amendment failed.",house_2015.csv,
2015,House,114,1,5,S.J.Res.,8,SJRES8-114,Resolution Overturning the NLRB's Updated Election Procedures,passage,2015-03-19,Passed,232,186,N,Y=Wrong; N=Right,127,https://voteview.com/rollcall/RH1140127,,1,"The National Labor Relations Board modernized its election procedures to reduce unnecessary litigation and delay in the election process. The moderinzed rules, issued on December 12, 2014, make the election process run more smoothly and predictably, to the benefit of employers, workers and unions. This resolution of disapproval is extreme and would roll back and undermine workers' rights to a fair and timely election process on union representation. The resolution passed the Senate and House, but vetoed by President Obama.",house_2015.csv,
2015,House,114,1,6,H.Con.Res.,27,HCONRES27-114,FY2016 Budget Resolution,budget resolution,2015-03-25,Passed,228,199,N,Y=Wrong; N=Right,141,https://voteview.com/rollcall/RH1140141,,2,"This reckless budget resolution introduced by Rep. Tom Price (R-Ga.) favors large corporations and the wealthy while slashing programs that serve moderate and low-income families. Rather than investing in the middle class, this budget would cut more than $5 trillion in programs that help working families, including education, workforce training, public health, research, infrastructure and other critical investments. According to the Center for Budget and Policy Priorities, 69% of these budget cuts would come from programs that serve people with low incomes, including health assistance, food programs and student loans. Overall, the budget would cut non-defense discretionary programs nearly 40% below the lowest level in the last 50 years. The resolution was agreed to in the House.",house_2015.csv,
2015,House,114,1,7,H.R.,2029,HR2029-114,Amendment to Limit Federal Employees' Collective Bargaining Rights,amendment,2015-04-30,Rejected,190,232,N,Y=Wrong; N=Right,189,https://voteview.com/rollcall/RH1140189,,2,"This amendment by Jody B. Hice (R-Ga.) to the Consolidated Appropriations Act, 2016 (H.R. 2029) would bar the use of funds provided by the bill to pay a federal employee during any period when that employee is using ""official time"" to represent a union or its bargaining unit employees. This amendment serves no purpose but to erode collective bargaining rights for civil service federal employees, and at greater cost to American taxpayers. Union representation for employees working their way through administrative procedures is a cost-effective process for administrating and adjudicating agency policies. The alternative to official time is for government agencies to pay for costly third-party attorney and arbitrator fees. Using this time for internal union business is strictly prohibited by law: official time may not be used to solicit membership, conduct internal union meetings, elect union officers or engage in partisan political activities. The notion that official time is used for these purposes is blatantly false. The amendment failed.",house_2015.csv,
2015,House,114,1,8,H.R.,2029,HR2029-114,Amendment to Repeal Prevailing Wage Laws,amendment,2015-04-30,Rejected,186,235,N,Y=Wrong; N=Right,190,https://voteview.com/rollcall/RH1140190,,2,"This amendment by Rep. Steve King (R-Iowa) to the Consolidated Appropriations Act, 2016 (H.R. 2029) would have repealed Davis-Bacon coverage for projects funded under this bill. The Davis-Bacon Act requires companies to pay construction workers locally prevailing wages on federally funded projects. The amendment failed.",house_2015.csv,
2015,House,114,1,9,H.R.,644,HR644-114,Trade Facilitation and Trade Enforcement Act of 2015,passage,2015-06-12,Passed,240,190,N,Y=Wrong; N=Right,361,https://voteview.com/rollcall/RH1140361,,2,"This bill emerged from the Senate with bipartisan support and included enforcement provisions supported by both labor and industry, but was subsequently loaded by House Republican leadership with numerous controversial and partisan provisions that weaken, or unacceptably alter it, and make it more difficult to negotiate agreements that are good for workers and the environment. Stripped from the customs bill is a currency provision the administration opposes. This bipartisan provision, supported by labor and business, was potentially the most critical enforcement tool in the entire package. It would have allowed the U.S. to treat currency manipulation as a countervailable subsidy. Also added to the customs bill was unacceptable language weakening the ""Menendez Amendment,"" which requires countries to thoroughly address human trafficking before they could be included in a fast-tracked trade deal with the United States. The bill passed the House and Senate, was signed by President Obama and became law on February 24, 2016.",house_2015.csv,
2015,House,114,1,10,H.R.,2146,HR2146-114,Defending Public Safety Employees' Retirement Act,passage,2015-06-18,Passed,218,208,N,Y=Wrong; N=Right,372,https://voteview.com/rollcall/RH1140372,,3,"This bill includes trade-related provisions to grant authority to the president to ""fast track"" trade agreements. It fails to hold the executive branch accountable to acheive negotiating objectives, address the job-killing U.S. trade imbalance, which currently stands at $505 billion, or ensures that trade deals do not continue the current race to the bottom in terms of pay and benefits, worker rights, environmental protections, access to affordable medicines, food safety rules and other vital protections for working families. In short, it does nothing to prevent the mistakes of the failed trade policies that have contributed to stagnating wages, increasing inequality and the closure of more than 60,000 factories since 2000. The bill passed the House and Senate, was signed by President Obama and became law on June 29, 2015.",house_2015.csv,
2015,House,114,1,11,H.R.,3009,HR3009-114,Enforce the Law for Sanctuary Cities Act,passage,2015-07-23,Passed,241,179,N,Y=Wrong; N=Right,464,https://voteview.com/rollcall/RH1140464,,3,"This bill penalizes local law enforcement agencies for insisting on due process protections for immigrant community members and instituting policies that prioritize community safety, must be rejected. The AFL-CIO strongly supports comprehensive immigration reform and knows that creating a broad and inclusive pathway to citizenship uplifts workers' rights, boosts our economy, and makes our communities both safer and more just. By contrast, the piecemeal, enforcement-only approaches found in this bill only further entrench fear and mistrust in our communities. These practices also lend credence to a corrosive, anti-immigrant narrative. The bill passed the House.",house_2015.csv,
2015,House,114,1,12,H.R.,427,HR427-114,REINS Act of 2015,passage,2015-07-28,Passed,243,165,N,Y=Wrong; N=Right,480,https://voteview.com/rollcall/RH1140480,,3,"The Regulations from the Executive in Need of Scrutiny (REINS) Act of 2015 (H.R. 427) would cripple a regulatory process that already causes excessive delays in the issuance of crucial worker and public protections. It would radically alter the regulatory process by requiring Congress to vote to approve all major rules before they can go into effect. This is an extreme measure that would make it virtually impossible for agencies to issue any meaningful rules, threatening the health and safety of workers and the public. The bill passed the House amended.",house_2015.csv,
2015,House,114,1,13,H.R.,1994,HR1994-114,Amendment to Protect Due Process,amendment,2015-07-29,Rejected,191,233,Y,Y=Right; N=Wrong,485,https://voteview.com/rollcall/RH1140485,,3,"This substitute amendment by Rep. Mark Takano (D-Calif.) to the VA Accountability Act of 2015 (H.R. 1994) would establish improved employee accountability measures while protecting the basic due process rights of the front-line workforce. The substitute amendment includes an exception to current civil service protections where an employee presents a direct threat to public health, but would retain post-removal appeal rights, including notice, a hearing and a written decision. The amendment failed.",house_2015.csv,
2015,House,114,1,14,H.R.,1994,HR1994-114,VA Accountability Act of 2015,passage,2015-07-29,Passed,256,170,N,Y=Wrong; N=Right,487,https://voteview.com/rollcall/RH1140487,,3,"This bill eliminates fundamental due process rights for non-management Veterans Affairs employees, including more than 100,000 veterans in the VA workforce. These employees would become ""at-will"" and subject to the whims of managers and face discrimination, retaliation and patronage without recourse or due process. This bill does nothing to increase accountability but diminishes the VA's ability to recruit and retain a top-notch workforce. The bill passed the House amended.",house_2015.csv,
2015,House,114,1,15,H.R.,702,HR702-114,Amendment to Strike the Maritime Security Program Provision,amendment,2015-10-09,Rejected,109,306,N,Y=Wrong; N=Right,543,https://voteview.com/rollcall/RH1140543,,4,"This amendment by Rep. Justin Amash (R-Mich.) would strike the Maritime Security Program (MSP) provision, the lifeblood of a commercial fleet of private and militarily-useful vessels, employing highly trained U.S. mariners who heed the call of the U.S. military wherever needed. The MSP fleet represents one of the most efficient investments of taxpayer dollars. Striking the MSP provision will damage our national security, our military's ability to project power overseas and would force thousands of middle-class mariners out of work. The amendment failed.",house_2015.csv,
2015,House,114,1,16,H.R.,10,HR10-114,Scholarships for Opportunity and Results (SOAR) Reauthorization Act,passage,2015-10-21,Passed,240,191,N,Y=Wrong; N=Right,557,https://voteview.com/rollcall/RH1140557,,4,"This bill would reauthorize the District of Columbia private school voucher program, though evidence repeatedly has shown vouchers fail to achieve their intended purpose of improving student outcomes. American public schools, unlike private schools, are open and nondiscriminatory; they accept all students. Private schools can pick and choose which students to accept and may turn away students or families with greater needs. Vouchers redirect funding away from the public schools, leaving them with fewer resources to serve all children. Especially in this era of sequester-imposed spending caps where every dollar matters, public funds must be directed to public schools to make them stronger, not spent on private schools. The bill passed the House amended.",house_2015.csv,
2015,House,114,1,17,H.R.,1090,HR1090-114,Retail Investor Protection Act,passage,2015-10-27,Passed,245,186,N,Y=Wrong; N=Right,573,https://voteview.com/rollcall/RH1140573,,4,"This misnamed bill would derail the Department of Labor from moving forward with its long-overdue and important rulemaking to protect retirement investors from financial advisors' harmful conflicts of interest. The American public loses an estimated $17 billion per year as a result of retirement investment advice that is not in their best interest. This bill blocks the rulemaking until the Securities and Exchange Commission (SEC) has finalized its new rules concerning the duties of brokers to their customers. It also prevents the SEC from acting until it complies with new reporting and analysis requirements that provide no meaningful benefit to investors, but delays regulatory action. The bill passed the House amended.",house_2015.csv,
2015,House,114,1,18,H.R.,597,HR597-114,Export-Import Bank Reform and Reauthorization Act,passage,2015-10-27,Passed,313,118,Y,Y=Right; N=Wrong,574,https://voteview.com/rollcall/RH1140574,,4,"The Export-Import Bank is a vital institution with a decades-long track record of success in supporting United States exports, jobs and economic competitiveness. In a highly-globalized economy filled with foreign firms striving to capture market share held by U.S. firms, often with the assistance of targeted public polices, and often acting through state-owned or state-supported enterprises, the Export-Import Bank helps level the international playing field. Maintaining and increasing exports of American manufactured products, agricultural goods and services is a key growth strategy for the U.S. economy. Failing to reauthorize the Bank would do irreparable harm to the U.S. economy and would jeopardize the economic future of thousands of American families. The Export-Import Bank is the only trade-focused government agency whose mandate includes U.S. job creation. The reauthorization passed.",house_2015.csv,
2015,House,114,1,19,H.R.,22,HR22-114,Amendment to Repeal Prevailing Wage Laws,amendment,2015-11-04,Rejected,188,238,N,Y=Wrong; N=Right,599,https://voteview.com/rollcall/RH1140599,,5,This amendment by Rep. Steve King (R-Iowa) to the Fixing America's Surface Transportation Act (H.R. 22) would have repealed Davis-Bacon coverage for projects funded under this bill. The Davis-Bacon Act requires companies to pay construction workers locally prevailing wages on federally funded projects. The amendment failed.,house_2015.csv,
2015,House,114,1,20,H.R.,22,HR22-114,Amendment to Defund the Export-Import Bank,amendment,2015-11-04,Rejected,121,303,N,Y=Wrong; N=Right,604,https://voteview.com/rollcall/RH1140604,,5,The Export-Import Bank helps create and maintain thousands of jobs in the United States by financing the export of U.S. goods and services. A number of amendments were offered to weaken or eliminate the Export-Import bank and the jobs it supports. This amendment by Rep. Scott Perry (R-Pa.) to the Fixing America's Surface Transportation Act (H.R. 22) would limit the percentage of funding available for loans to large exporters. The amendment failed.,house_2015.csv,
2015,House,114,1,21,H.R.,511,HR511-114,Tribal Labor Sovereignty Act of 2015,passage,2015-11-17,Passed,249,177,N,Y=Wrong; N=Right,630,https://voteview.com/rollcall/RH1140630,,5,"This bill strips National Labor Relations Act protections from more than 700,000 workers at tribal enterprises on tribal lands. It denies workers legally enforceable rights to form unions and bargain collectively in instances where they are working for a tribal enterprise, which is simply a commercial operation competing with non-tribal businesses. The vast majority of employees of these commercial enterprises, such as casinos, are not Native Americans. This legislation leaves workers with no voice in setting tribal policy and no recourse to tribal governments for the protection of their rights. The bill passed the House amended.",house_2015.csv,
2015,House,114,1,22,H.R.,644,HR644-114,Motion to Strengthen Currency Manipulation Provisions,motion,2015-12-02,Rejected,193,232,Y,Y=Right; N=Wrong,652,https://voteview.com/rollcall/RH1140652,"vote_question passage -> motion: Voteview roll 652 of the 114th is 'On Motion to Instruct Conferees' on H.R. 644, which failed 193-232. The record's own description says so - 'This motion instructed conferees to include the stronger... currency manipulation provisions' - and a motion to instruct does not dispose of the bill",5,"This motion instructed conferees to include the stronger, enforceable currency manipulation provisions contained in the Senate Customs bill. Unfortunately, the motion failed and the House stripped from the final bill the currency provision that would have made clear the U.S. can treat currency manipulation as a countervailable subsidy. The remaining currency provisions simply call for ""engagement"" and reference so-called ""consequences,"" which simply won't work.",house_2015.csv,
2015,House,114,1,23,H.R.,22,HR22-114,Fixing America's Surface Transportation (FAST) Act,conference report,2015-12-03,Adopted,359,65,Y,Y=Right; N=Wrong,670,https://voteview.com/rollcall/RH1140670,"vote_question 'passage' -> 'conference report': the roll call's own question is 'On Agreeing to the Conference Report'. The scorecard's value was inferred from its prose, which the 11 Aug 2026 review measured at ~8% wrong; result 'Passed' -> 'Adopted', which follows the roll call ('Passed') and the collection's convention for a conference report",5,"This bipartisan, long-term funding bill for our nation's transit systems, highways, bridges and passenger rail networks breaks the cycle of flat-line funding and short-term extensions that has strangled our economy and stunted job creation. The FAST Act strikes the right balance on many important policy issues that were considered, including measures to address bus driver assaults, responsible transit public-private partnerships, improved Buy America rules, rail safety and the transport of hazardous materials. The bill includes the reauthorization of the Export-Import Bank, which will help American manufacturers and their employees compete with foreign companies and support good middle-class jobs in this country. The bill passed the House and Senate, was signed by President Obama and became law on December 4, 2015.",house_2015.csv,
2015,House,114,1,24,H.R.,644,HR644-114,Trade Facilitation and Trade Enforcement Act of 2015,conference report,2015-12-11,Adopted,256,158,N,Y=Wrong; N=Right,690,https://voteview.com/rollcall/RH1140690,"vote_question 'passage' -> 'conference report': the roll call's own question is 'On Agreeing to the Conference Report'. The scorecard's value was inferred from its prose, which the 11 Aug 2026 review measured at ~8% wrong; result 'Passed' -> 'Adopted', which follows the roll call ('Passed') and the collection's convention for a conference report",6,"The conference report on the Customs Bill was loaded up with numerous controversial and partisan provisions that weakened, or unacceptably altered it, and would make it more difficult to negotiate trade agreements that are good for workers. Stripped from the final bill was a critical bipartisan currency provision that would have made clear the U.S. can treat currency manipulation as a countervailable subsidy. The bill also contained harmful language that U.S. free trade agreements must not include obligations regarding greenhouse gas emissions. Slipped in at the last minute was the harmful and unrelated Permanent Internet Tax Freedom Act, which bans the authority of state and local governments to impose taxes on internet access, restricting the ability of state and local governments to raise funds to invest in needed infrastructure, education, health care, job training and other vital public services. The bill passed the House and Senate, was signed by President Obama and became law on February 24, 2016.",house_2015.csv,
2016,House,114,2,1,H.R.,1155,HR1155-114,SCRUB Act of 2016,passage,2016-01-07,Passed,245,174,N,Y=Wrong; N=Right,721,https://voteview.com/rollcall/RH1140721,session ambiguous: vote falls before possible sine die,1,"This bill, Searching for and Cutting Regulations that are Unnecessarily Burdensome (SCRUB) Act of 2016 (H.R. 1155) would establish a new bureaucratic commission empowered to dismantle long-established, science-based public health and safety standards, and would make it significantly more difficult for Congress and federal agencies to implement essential future protections. The ""regulatory review"" commission's goal of seeking a 15% reduction in the cost of regulations would result in the repeal of critical health, safety and workplace safeguards, even when the benefits of these rules are significant, appreciated by the publicand far outweigh the costs. The bill weakens inspection and enforcement mechanisms instead of strenghtening oversight. The bill passed the House amended.",house_2016.csv,
2016,House,114,2,2,H.J.Res.,88,HJRES88-114,Resolution Overturning the Investment Advisors' Conflict of Interest Rule,passage,2016-04-28,Passed,234,183,N,Y=Wrong; N=Right,876,https://voteview.com/rollcall/RH1140876,"match not forced by the (date, tally) key alone; the rivals were separated by the measure the scorecard prints, which for this block is a typeset field off the scorecard PDF rather than an inference",1,"This resolution of disapproval blocks a Department of Labor rule that would have required investment professionals advising on retirement accounts to put their clients' best interests ahead of their own financial interests. The resolution passed the House and Senate, but was vetoed by President Obama.",house_2016.csv,
2016,House,114,2,3,H.R.,4974,HR4974-114,Amendment to Limit Veteran's Affairs Employees' Rights,amendment,2016-05-19,Rejected,200,225,N,Y=Wrong; N=Right,924,https://voteview.com/rollcall/RH1140924,,1,"This amendment by Rep. Paul Gosar (R-Ariz.) to the Military Construction and Veterans Affairs and Related Agencies Appropriations Act, 2017 (H.R. 4974) would prohibit union recruitment and dues collection at Veteran's Affairs facilities and the posting of material related to labor organization membership in VA health care facilities. This amendment would have impaired labor unions' communication with bargaining unit employees working in VA hospitals and clinics, and would have directly interfered with the statutory and contractual rights of unions. The amendment failed.",house_2016.csv,
2016,House,114,2,4,H.R.,4974,HR4974-114,Amendment to Prohibit Project Labor Agreements,amendment,2016-05-19,Rejected,209,216,N,Y=Wrong; N=Right,925,https://voteview.com/rollcall/RH1140925,,1,"This amendment by Rep. Scott Perry (R-Penn.) to the Military Construction and Veterans Affairs and Related Agencies Appropriations Act, 2017 (H.R. 4974) would have prohibited the use of Project Labor Agreements (PLAs) on projects funded through the bill. PLAs are a proven, effective tool used to ensure the timely, cost-effective completion of large and complex projects, providing a better value for government agencies and the taxpayers who fund these projects. They also provide contractors--union and nonunion, alike--access to a properly trained and highly skilled workforce. The amendment failed.",house_2016.csv,
2016,House,114,2,5,H.R.,5538,HR5538-114,Amendment to Repeal Prevailing Wage Laws,amendment,2016-07-13,Rejected,188,238,N,Y=Wrong; N=Right,1148,https://voteview.com/rollcall/RH1141148,,2,"This amendment by Rep. Steve King (R-Iowa) to the Department of the Interior, Environment, and Related Agencies Act, 2017 (H.R. 5538) would have repealed Davis-Bacon coverage for projects funded under this bill. The Davis-Bacon Act requires companies to pay construction workers locally prevailing wages on federally funded projects. The amendment failed.",house_2016.csv,
2016,House,114,2,6,H.R.,5303,HR5303-114,Amendment to Provide Federal Assistance for Communities with Unsafe Drinking Water,amendment,2016-09-28,Adopted,284,141,Y,Y=Right; N=Wrong,1270,https://voteview.com/rollcall/RH1141270,,2,"This amendment by Rep. Daniel T. Kildee (D-Mich.) to the Water Resources Development Act of 2016 (H.R. 5303) will provide additional federal assistance to communities, such as Flint, Michigan, to repair or replace lead-tainted drinking water infrastructure systems. The amendment passed.",house_2016.csv,
2016,House,114,2,7,H.R.,5303,HR5303-114,Water Resources Development Act of 2016,passage,2016-09-28,Passed,399,25,Y,Y=Right; N=Wrong,1272,https://voteview.com/rollcall/RH1141272,,2,"This bill revises or authorizes various U.S. Army Corps of Engineers water resources development projects, feasibility studies and relationships with non-federal project sponsors. It sets forth a process to deauthorize projects with an aggregate estimated federal cost to complete of at least $10 billion. The bill authorizes various navigation, flood risk-management, hurricane and storm damage, ecosystem restoration, recreation, or river shoreline projects. The bill passed the House amended.",house_2016.csv,
2016,House,114,2,8,H.R.,6094,HR6094-114,"Regulatory Relief for Small Businesses, Schools, and Nonprofits Act",passage,2016-09-28,Passed,246,177,N,Y=Wrong; N=Right,1274,https://voteview.com/rollcall/RH1141274,,2,"This bill would postpone, by six months, the implementation of the Department of Labor's new overtime regulations scheduled to take effect in December 2016. The measure would rob millions of workers the opportunity to earn more pay or spend more time with their families, and give the next Congress an opportunity to repeal the worker-friendly rule. The bill passed the House.",house_2016.csv,
2017,House,115,1,1,H.R.,21,HR21-115,Midnight Rules Relief Act,passage,2017-01-04,Passed,238,184,N,Y=Wrong; N=Right,7,https://voteview.com/rollcall/RH1150007,,1,"This bill would allow Congress to combine into one resolution of disapproval all rules finalized by federal agencies near the end of a presidential term. The legislation would permit Congress to overturn in one fell swoop countless regulations that can take years, if not decades, to develop, stripping away vital protections from workers and the public. The bill passed the House without amendment.",house_2017.csv,
2017,House,115,1,2,H.R.,26,HR26-115,Regulations from the Executive in Need of Scrutiny (REINS) Act,passage,2017-01-05,Passed,237,187,N,Y=Wrong; N=Right,22,https://voteview.com/rollcall/RH1150022,,1,"This bill would radically alter the regulatory process by requiring Congress to approve all major rules before they can go into effect. Under the REINS Act, politics, not scientific judgement or agency expertise would dictate all regulatory actions. The bill passed the House amended.",house_2017.csv,
2017,House,115,1,3,H.R.,5,HR5-115,Regulatory Accountability Act,passage,2017-01-11,Passed,238,183,N,Y=Wrong; N=Right,44,https://voteview.com/rollcall/RH1150044,,1,"This bill would upend 40 years of labor, health safety and environmental laws by requiring agencies to adopt the cheapest rules, rather than those deemed most effective. This anti-regulatory bill would make protecting workers and the public secondary to limiting cost and impacts on businesses and corporations. The bill passed the House amended.",house_2017.csv,
2017,House,115,1,4,S.Con.Res.,3,SCONRES3-115,FY2017 Budget Resolution,budget resolution,2017-01-13,Passed,227,198,N,Y=Wrong; N=Right,57,https://voteview.com/rollcall/RH1150057,,1,"A concurrent budget resolution that paves the way for a vote to repeal the Affordable Care Act under a procedure known as ""reconciliation."" Budget reconciliation rules allow for the expedited consideration of legislation and a simple majority for passage in the U.S. Senate. The measure passed the Senate and House without amendment.",house_2017.csv,
2017,House,115,1,5,H.J.Res.,37,HJRES37-115,Resolution Overturning the Fair Pay and Safe Workplace Rule,passage,2017-02-02,Passed,236,187,N,Y=Wrong; N=Right,75,https://voteview.com/rollcall/RH1150075,,1,"This resolution of disapproval overturned an Obama administration rule that would have required companies bidding on federal contracts to disclose past violations of labor and employment laws, including the Occupational Safety and Health Act, the Fair Labor Standards Act and the National Labor Relations Act. The resolution passed the House and Senate, was signed by President Trump and became law on March 27, 2017.",house_2017.csv,
2017,House,115,1,6,H.J.Res.,67,HJRES67-115,Resolution Overturning the Retirement Plan Safe Harbor Rule,passage,2017-02-15,Passed,234,191,N,Y=Wrong; N=Right,94,https://voteview.com/rollcall/RH1150094,,2,"This resolution of disapproval overturned an Obama administration rule that would have allowed states to create retirement programs for private sector workers whose employers do not offer any retirement savings plan. The resolution passed the House and Senate, was signed by President Trump and became law on April 13, 2017.",house_2017.csv,
2017,House,115,1,7,H.R.,998,HR998-115,SCRUB Act of 2017,passage,2017-03-01,Passed,240,185,N,Y=Wrong; N=Right,113,https://voteview.com/rollcall/RH1150113,,2,"This bill, part of a broad anti-regulation agenda, would require any agency that issues a new regulation to remove an existing regulation of equal or greater cost. The bill passed the House amended.",house_2017.csv,
2017,House,115,1,8,H.J.Res.,83,HJRES83-115,Resolution Overturning the OSHA Injury and Illness Reporting Rule,passage,2017-03-01,Passed,231,191,N,Y=Wrong; N=Right,120,https://voteview.com/rollcall/RH1150120,,2,"This resolution of disapproval overturned an Obama administration rule that would require employers to keep accurate and complete records of serious work-related injuries and illnesses for at least five years. The resolution passed the House and Senate, was signed by President Trump and became law on April 3, 2017.",house_2017.csv,
2017,House,115,1,9,H.R.,1004,HR1004-115,Regulatory Integrity Act of 2017,passage,2017-03-02,Passed,246,176,N,Y=Wrong; N=Right,125,https://voteview.com/rollcall/RH1150125,,2,"The legislation strictly prohibits agencies from issuing ""public communications"" that ""emphasize the importance"" of a particular agency action unless the communication has the ""clear purpose of informing the public of the substance or status"" of the particular action. This bill would significantly undermine federal agencies' ability to engage and inform the public in a meaningful and transparent way. The bill passed the House amended.",house_2017.csv,
2017,House,115,1,10,H.R.,985,HR985-115,Fairness in Class Action Litigation and Furthering Asbestos Claim Transparency Act,passage,2017-03-09,Passed,220,201,N,Y=Wrong; N=Right,147,https://voteview.com/rollcall/RH1150147,,2,"This legislation would invade the privacy of asbestos victims by posting personal exposure and medical information online and create new barriers to victims receiving compensation for asbestos disease. It would give unfettered access to employers, insurance companies, workers compensation carriers and others who could use this information for any purpose including blacklisting workers from employment and fighting compensation claims. The bill passed the House amended.",house_2017.csv,
2017,House,115,1,11,H.R.,1259,HR1259-115,VA Accountability First Act,passage,2017-03-16,Passed,237,178,N,Y=Wrong; N=Right,167,https://voteview.com/rollcall/RH1150167,,3,This bill would dramatically weaken due process rights for frontline VA employees by lowering the standard of proof for disciplinary actions and shortening the period for workers to appeal dismissals and other adverse actions. The bill would supersede both the collective bargaining agreement between the VA and its unions and existing civil service protections. The bill passed the House amended.,house_2017.csv,
2017,House,115,1,12,H.R.,1101,HR1101-115,Small Business Health Fairness Act,passage,2017-03-22,Passed,236,175,N,Y=Wrong; N=Right,185,https://voteview.com/rollcall/RH1150185,,3,"This bill would allow for the establishment of association health plans that would be shielded from state regulation and allowed to sell coverage across state lines. Insurers would be permitted to sell bare-bones health plans, which would lead to market segmentation and higher premiums for plans with more comprehensive coverage. In addition, association health plans have a long history of insolvencies that have left consumers liable for millions of dollars in health care expenses. The legislation lacks adequate safeguards to protect against future insolvencies. The bill passed the House amended.",house_2017.csv,
2017,House,115,1,13,H.R.,1695,HR1695-115,Register of Copyrights Selection and Accountability Act,passage,2017-04-26,Passed,378,48,Y,Y=Right; N=Wrong,226,https://voteview.com/rollcall/RH1150226,,3,"Artists, writers and filmmakers rely on copyright protections to ensure they are compensated fairly, and there are more than 5.5 million workers engaged in creative work. By making the head of the U.S. Copyrights Office a presidential appointee, confirmed by the U.S. Senate, the bill would strengthen the independence of the Copyright Office, and it would give the American people the opportunity to weigh in on the selection process through their elected representatives. The bill passed the House amended.",house_2017.csv,
2017,House,115,1,14,H.R.,1180,HR1180-115,Working Families Flexibility Act,passage,2017-05-02,Passed,229,197,N,Y=Wrong; N=Right,243,https://voteview.com/rollcall/RH1150243,"vote_question 'amendment' -> 'passage': the roll call's own question is 'On Passage'. The scorecard's value was inferred from its prose, which the 11 Aug 2026 review measured at ~8% wrong; result 'Adopted' -> 'Passed', which follows the roll call ('Passed') and the collection's convention for a passage",3,"This bill would allow employers to substitute comp time for overtime pay, reducing the take home pay of millions of workers and resulting in longer hours and more unpredictable schedules. Contrary to the bill’s title, employers would remain in charge of when workers could take their comp time. The bill would encourage employers to demand excessive hours and would create a cost advantage for businesses that would no longer pay cash overtime. The bill passed the House amended.",house_2017.csv,
2017,House,115,1,15,H.R.,1628,HR1628-115,American Health Care Act,passage,2017-05-04,Passed,217,213,N,Y=Wrong; N=Right,255,https://voteview.com/rollcall/RH1150255,,3,"This bill would roll back Affordable Care Act coverage expansions and sharply reduce funding for the Medicaid program, taking health coverage away from 23 million people. The bill passed the House amended.",house_2017.csv,
2017,House,115,1,16,S.,1094,S1094-115,Department of Veterans Affairs Accountability and Whistleblower Protection Act,passage,2017-06-13,Passed,368,55,N,Y=Wrong; N=Right,306,https://voteview.com/rollcall/RH1150306,,4,"This bill undercuts collective bargaining and civil service protections for Department of Veterans Affairs employees by weakening standards for discharges and even permitting the forfeiture of some employees’ pensions. The bill passed the House and Senate, was signed by President Trump and became law on June 23, 2017.",house_2017.csv,
2017,House,115,1,17,H.R.,3003,HR3003-115,No Sanctuary for Criminals Act,passage,2017-06-29,Passed,228,195,N,Y=Wrong; N=Right,341,https://voteview.com/rollcall/RH1150341,,4,"This bill would cut off federal funds to jurisdictions that limit its cooperation with federal immigration enforcement agents in order to protect low-priority immigrants from deportation, while still turning over those who have committed serious crimes. The bill would punish “sanctuary cities” that commit to engage in sensible local policing and that work to end discrimination and racial profiling by withholding federal funding for critical public safety programs. The bill passed the House without amendment.",house_2017.csv,
2017,House,115,1,18,H.R.,3004,HR3004-115,Kate's Law,passage,2017-06-29,Passed,257,167,N,Y=Wrong; N=Right,343,https://voteview.com/rollcall/RH1150343,,4,"This bill would increase penalties for civil violations of our immigration laws, putting tens of thousands more people behind bars at enormous cost to taxpayers. The bill passed the House without amendment.",house_2017.csv,
2017,House,115,1,19,H.R.,2810,HR2810-115,Amendment to Expedite Military Base Realignments and Closures,amendment,2017-07-13,Rejected,175,248,N,Y=Wrong; N=Right,364,https://voteview.com/rollcall/RH1150364,,4,"This amendment by Rep. Tom McClintock (R-Calif.) to the National Defense Authorization Act for Fiscal Year 2018 (H.R. 2810) would have removed a provision that prohibits the formation of a federal commission that could order an expedited realignment and closing of military bases. While presenting a potential risk to our military readiness, previous recommendations resulted in closings that did not produce the long-term savings that were expected. The amendment failed.",house_2017.csv,
2017,House,115,1,20,H.R.,2810,HR2810-115,Amendment to Repeal Prevailing Wage Laws,amendment,2017-07-13,Rejected,183,242,N,Y=Wrong; N=Right,369,https://voteview.com/rollcall/RH1150369,,4,This amendment by Rep. Paul Gosar (R-Ariz.) to the National Defense Authorization Act for Fiscal Year 2018 (H.R. 2810) would have repealed Davis-Bacon coverage for projects funded under this bill. The Davis-Bacon Act requires companies to pay construction workers locally prevailing wages on federally funded projects. The amendment failed.,house_2017.csv,
2017,House,115,1,21,H.J.Res.,111,HJRES111-115,Resolution Overturning Forced Arbitration Ban,passage,2017-07-25,Passed,231,190,N,Y=Wrong; N=Right,411,https://voteview.com/rollcall/RH1150411,,4,"This resolution of disapproval overturned a rule adopted by the Consumer Financial Protection Bureau to ban the use of forced arbitration clauses. Forced arbitration clauses are the 'fine print' in contracts that force consumers to give up their right to sue and instead require disputes be resolved though individual arbitration. The resolution passed the House and Senate, was signed by President Trump and became law on Nov. 1, 2017.",house_2017.csv,
2017,House,115,1,22,H.R.,3219,HR3219-115,Amendment to Repeal Prevailing Wage Laws,amendment,2017-07-26,Rejected,178,249,N,Y=Wrong; N=Right,418,https://voteview.com/rollcall/RH1150418,,5,"This amendment by Rep. Steve King (R-Iowa) to the Make America Secure Appropriations Act, 2018 (H.R. 3219) would have repealed Davis-Bacon coverage for projects funded under this bill. The Davis-Bacon Act requires companies to pay construction workers locally prevailing wages on federally funded projects. The amendment failed.",house_2017.csv,
2017,House,115,1,23,H.R.,3219,HR3219-115,Amendment Prohibiting the Outsourcing of Federal Civilian Jobs,amendment,2017-07-27,Adopted,253,172,Y,Y=Right; N=Wrong,432,https://voteview.com/rollcall/RH1150432,,5,"This amendment by Rep. Matt Cartwright (D-Penn.) to the Make America Secure Appropriations Act, 2018 (H.R. 3219) retains the longstanding ban on outsourcing federal civilian jobs at the Department of Defense using the discredited A-76 method. Both the Government Accountability Office and the Department of Defense Inspector General have concluded that the A-76 process is deeply flawed, disruptive and costly to agency missions. The amendment passed.",house_2017.csv,
2017,House,115,1,24,H.R.,3354,HR3354-115,Amendment to Repeal Prevailing Wage Laws,amendment,2017-09-06,Rejected,176,241,N,Y=Wrong; N=Right,444,https://voteview.com/rollcall/RH1150444,,5,"This amendment by Rep. Steve King (R-Iowa) to the Make America Secure and Prosperous Appropriations Act, 2018 (H.R. 3354) would have repealed Davis-Bacon coverage for Department of Transportation projects funded under this bill. The Davis-Bacon Act requires companies to pay construction workers locally prevailing wages on federally funded projects. The amendment failed.",house_2017.csv,
2017,House,115,1,25,H.R.,3354,HR3354-115,Amendment to Cut Funds for the Essential Air Service Program,amendment,2017-09-06,Rejected,140,280,N,Y=Wrong; N=Right,446,https://voteview.com/rollcall/RH1150446,"not forced by the (date, tally) key: rolls 446 and 453 are both 140-280 amendments to H.R. 3354 that day and Voteview describes neither. clerk.house.gov/evs/2017/roll447.xml names roll 446 (clerk 447) 'McClintock of California Part B Amendment No. 25' and roll 453 (clerk 454) 'Grothman of Wisconsin Part B Amendment No. 54'; this record describes Rep. Tom McClintock's Essential Air Service amendment",5,"This amendment by Rep. Tom McClintock (R-Calif.) to the Make America Secure and Prosperous Appropriations Act, 2018 (H.R. 3354) would have eliminated funding for the Essential Air Service program, a critical program that provides access to air travel for small and rural communities. The amendment failed.",house_2017.csv,
2017,House,115,1,26,H.R.,3354,HR3354-115,Amendment to Eliminate Funds for the Gateway Rail Project,amendment,2017-09-06,Rejected,159,260,N,Y=Wrong; N=Right,447,https://voteview.com/rollcall/RH1150447,,5,"This amendment by Rep. Ted Budd (R-N.C.) to the Make America Secure and Prosperous Appropriations Act, 2018 (H.R. 3354) would have eliminated a $900 million allocation for the Gateway Rail Project. The project will provide critical improvements to aging and damaged Amtrak rail infrastructure, increase capacity and improve service reliability throughout the Northeast corridor. The amendment failed.",house_2017.csv,
2017,House,115,1,27,H.R.,3354,HR3354-115,Amendment to Defund Amtrak,amendment,2017-09-06,Rejected,128,293,N,Y=Wrong; N=Right,448,https://voteview.com/rollcall/RH1150448,,6,"This amendment by Rep. Mo Brooks (R-Ala.) to the Make America Secure and Prosperous Appropriations Act, 2018 (H.R. 3354) would have eliminated funding for Amtrak’s national rail network, a vital transportation link for millions of people, supports thousands of good paying jobs and provides enormous economic benefits across the nation. The amendment failed.",house_2017.csv,
2017,House,115,1,28,H.R.,3354,HR3354-115,Amendment to Repeal Prevailing Wage Laws,amendment,2017-09-06,Rejected,180,241,N,Y=Wrong; N=Right,452,https://voteview.com/rollcall/RH1150452,,6,"This amendment by Rep. Steve King (R-Iowa) to the Make America Secure and Prosperous Appropriations Act, 2018 (H.R. 3354) would have repealed Davis-Bacon coverage for Department of Interior projects funded under this bill. The Davis-Bacon Act requires companies to pay construction workers locally prevailing wages on federally funded projects. The amendment failed.",house_2017.csv,
2017,House,115,1,29,H.R.,3354,HR3354-115,Amendment to Repeal Prevailing Wage Laws,amendment,2017-09-07,Rejected,173,240,N,Y=Wrong; N=Right,463,https://voteview.com/rollcall/RH1150463,,6,"This amendment by Rep. Steve King (R-Iowa) to the Make America Secure and Prosperous Appropriations Act, 2018 (H.R. 3354) would have repealed Davis-Bacon coverage for Department of Homeland Security projects funded under this bill. The Davis-Bacon Act requires companies to pay construction workers locally prevailing wages on federally funded projects. The amendment failed.",house_2017.csv,
2017,House,115,1,30,H.R.,3354,HR3354-115,Amendment to Cut the National Labor Relations Board Budget,amendment,2017-09-13,Rejected,175,241,N,Y=Wrong; N=Right,509,https://voteview.com/rollcall/RH1150509,,6,"This amendment by Rep. Glenn Grothman (R-Wisc.) to the Make America Secure and Prosperous Appropriations Act, 2018 (H.R. 3354) would have cut the existing budget of the National Labor Relations Board from $274 million by $99 million. The amendment failed.",house_2017.csv,
2017,House,115,1,31,H.R.,3354,HR3354-115,Amendment to Cut Funding at the Mine Safety and Health Administration,amendment,2017-09-13,Rejected,178,238,N,Y=Wrong; N=Right,510,https://voteview.com/rollcall/RH1150510,,6,"This amendment by Rep. Mark Meadows (R-N.C.) to the Make America Secure and Prosperous Appropriations Act, 2018 (H.R. 3354) would have cut the budget of the Mine Safety and Health Administration by an additional ten percent. The amendment failed.",house_2017.csv,
2017,House,115,1,32,H.R.,3354,HR3354-115,Amendment to Repeal the NLRB Election Modernization Rule,amendment,2017-09-13,Adopted,221,196,N,Y=Wrong; N=Right,511,https://voteview.com/rollcall/RH1150511,,6,"This amendment by Rep. Tim Walberg (R-Mich.) to the Make America Secure and Prosperous Appropriations Act, 2018 (H.R. 3354) prevented funding to implement new procedures adopted by the National Labor Relations Board (NLRB) in 2015 that streamlines representation elections and reduces employer interference. The amendment passed, repealing the NLRB election rule.",house_2017.csv,
2017,House,115,1,33,H.R.,3354,HR3354-115,Amendment to Repeal OSHA's Improved Injury Reporting Rules,amendment,2017-09-13,Adopted,215,201,N,Y=Wrong; N=Right,514,https://voteview.com/rollcall/RH1150514,,7,"This amendment by Rep. Bob Gibbs (R-Ohio) to the Make America Secure and Prosperous Appropriations Act, 2018 (H.R. 3354) prevented funding to implement modernized rules adopted by the Office of Safety and Health Administration (OSHA) in 2016 that updated injury reporting requirements and strengthened anti-retaliation protections. The amendment passed, repealing the modernized OSHA injury reporting rule.",house_2017.csv,
2017,House,115,1,34,H.Con.Res.,71,HCONRES71-115,FY2018 Budget Resolution,budget resolution,2017-10-26,Passed,216,212,N,Y=Wrong; N=Right,588,https://voteview.com/rollcall/RH1150588,,7,"This resolution establishing the congressional budget for FY2018 cuts programs like Medicare, Medicaid and other income security programs that provide critical support to our nation's most vulnerable population by $4.1 trillion over the next decade to pay for trillions of dollars in tax giveaways for millionaires and major corporations. The fiscal blueprint would also cut discretionary spending, including funding for education, infrastructure, job training, housing assistance and financial aid for college students by $800 billion. By 2027, spending on domestic priorities as a share of the economy would be the lowest it has been since the Hoover Administration. The House agreed to the Senate amended budget resolution without amendment.",house_2017.csv,
2017,House,115,1,35,H.R.,3922,HR3922-115,CHAMPIONING HEALTHY KIDS Act,passage,2017-11-03,Passed,242,174,N,Y=Wrong; N=Right,605,https://voteview.com/rollcall/RH1150605,,7,"While this bill would extend funding for programs such as the Children's Health Insurance Program (CHIP) and community health centers, it would also impose damaging funding cuts to other essential health care programs, such as the Prevention and Public Health Fund, and reduces health coverage under the Affordable Care Act. The bill passed the House amended.",house_2017.csv,
2017,House,115,1,36,H.R.,3441,HR3441-115,Save Local Business Act,passage,2017-11-07,Passed,242,181,N,Y=Wrong; N=Right,613,https://voteview.com/rollcall/RH1150613,,7,"Browning-Ferris Industries, a case that clarified the right of workers to bargain with two employers who exercise joint control over the workplace. Moreover, the bill would establish a new, extremely narrow statutory definition of joint employer under both the National Labor Relations Act and the Fair Labor Standards Act of 1938. The bill passed the House amended.",house_2017.csv,
2017,House,115,1,37,H.R.,1,HR1-115,FY2018 Budget Act Amending the Tax Code to Reduce Tax Rates,passage,2017-12-20,Passed,224,201,N,Y=Wrong; N=Right,698,https://voteview.com/rollcall/RH1150698,,7,"This bill amends the Internal Revenue Code in a way that makes working people pay the price for massive tax giveaways to millionaires and wealthy corporations. In addition to lowering the top tax rate for wealthy individuals and reducing the corporate rate by nearly 40%, the bill lowers the tax rate on offshore profits to zero, which gives corporations a giant incentive to move American jobs offshore. The bill also eliminates the Affordable Care Act's individual mandate, which will mean the loss of health care for 13 million Americans and a 10% premium increase, on average. The bill passed the House and Senate, was signed by President Trump and became law on December 22, 2017.",house_2017.csv,
2017,House,115,1,38,H.R.,4015,HR4015-115,Corporate Governance Reform and Transparency Act,passage,2017-12-20,Passed,238,182,N,Y=Wrong; N=Right,701,https://voteview.com/rollcall/RH1150701,,8,"This bill would make it more difficult for shareholders to receive impartial advice prior to voting on management proposals. It would redefine the term 'proxy advisory firm,' open up the research process to include lobbying by special interests and make it more difficult for shareholders to hold corporate management accountable. The bill passed the House.",house_2017.csv,
2018,House,115,2,1,S.,140,S140-115,Tribal Labor Sovereignty Act,passage,2018-01-10,Passed,239,173,N,Y=Wrong; N=Right,719,https://voteview.com/rollcall/RH1150719,,1,"This bill amends the White Mountain Apache Tribe Water Rights Quantification Act of 2010 and denies coverage afforded by the National Labor Relations Act (NLRA) to a large number of workers employed by tribal-owned and -operated enterprises located on Indian land. Among them are more than 600,000 tribal casino workers, the vast majority of whom are not Native Americans. In recent years, the number and type of enterprises affected has grown well beyond the gaming industry, and would now include mining operations, power plants, smoke shops, saw mills, construction companies, ski resorts, high-tech firms, hotels and spas. Many of these are commercial businesses that compete with non-Indian enterprises. The Tribal Labor Sovereignty Act passed the House on January 10, 2018.",house_2018.csv,
2018,House,115,2,2,H.R.,4061,HR4061-115,Financial Stability Oversight Council Improvement Act,passage,2018-04-11,Passed,297,121,N,Y=Wrong; N=Right,842,https://voteview.com/rollcall/RH1150842,,1,"This misnamed bill adds a number of unnecessary procedural obstacles to the already cumbersome and time-consuming process the Financial Stability Oversight Council (FSOC) uses to designate large, non-bank financial entities for increased oversight. The 2008 financial crisis made it obvious that proper consolidated oversight of large non-banks is critical to financial stability. Non-bank financial institutions such as AIG were central contributors to the 2008 crisis and the ensuing economic collapse. The FSOC’s ability to designate non-bank financial companies for enhanced prudential supervision is a crucial line of defense against future systemic risks from non-banks. If enacted this bill has the potential to unravel the regulatory system aimed at preventing the need for future bailouts of “too-big-to-fail” financial institutions. The bill passed on April 11, 2018, and referred to the Senate Banking Committee.",house_2018.csv,
2018,House,115,2,3,H.R.,4293,HR4293-115,Stress Test Improvement Act,passage,2018-04-11,Passed,245,174,N,Y=Wrong; N=Right,844,https://voteview.com/rollcall/RH1150844,,1,"The misnamed bill would significantly weaken stress testing by preventing regulators from assessing the capacity of big banks to perform adequate data analysis or risk management as part of the stress testing process. Specifically, the bill would ban the Federal Reserve from assessing the capacity of big banks to perform crucial data management and risk assessment tasks as part of the stress testing process. H.R. 4293 would undermine the effectiveness of stress testing for the largest and most complex banks and cut the frequency of stress tests in half. If enacted this bill has the potential to unravel the regulatory system aimed at preventing the need for future bailouts of “too-big-to-fail” financial institutions. The bill passed the House on April 11, 2018, and referred to the Senate Banking Committee.",house_2018.csv,
2018,House,115,2,4,H.J.Res.,2,HJRES2-115,Proposing a Balanced Budget Amendment to the U.S. Constitution,passage,2018-04-12,Rejected,233,184,N,Y=Wrong; N=Right,845,https://voteview.com/rollcall/RH1150845,"vote_question 'amendment' -> 'passage': the roll call's own question is 'On Motion to Suspend the Rules and Pass'. The scorecard's value was inferred from its prose, which the 11 Aug 2026 review measured at ~8% wrong",1,"This resolution, introduced by Rep. Bob Goodlatte (R-Va.), would prohibit federal outlays from exceeding receipts, require a three-fifths vote to increase the public debt limit, and direct the President to submit a balanced budget annually to Congress. Proposing a balanced budget amendment after enacting a tax cut that will increase the debt by almost $2 trillion dollars and an omnibus appropriation bill that will further add to our nation’s debt proves that in Washington, D.C. hypocrisy knows no bounds. The truth is that the proponents of H.J. Res. 2 are not motivated by deficit concerns; rather, they are using a deficit they created to force severe budget cuts in programs that will harm the most vulnerable among us, especially seniors, children, veterans and people with disabilities, as well as slash funding for public health and safety, education and medical research. The motion to suspend the rules and pass the resolution failed to receive a two-thirds majority on April 12, 2018.",house_2018.csv,
2018,House,115,2,5,H.R.,4790,HR4790-115,Volcker Rule Regulatory Harmonization Act,passage,2018-04-13,Passed,300,104,N,Y=Wrong; N=Right,846,https://voteview.com/rollcall/RH1150846,,2,"This bill would undermine the implementation of the Volcker Rule by giving sole rulemaking authority to the Federal Reserve and allowing banks with less than $10 billion in assets to engage in proprietary trading with publicly insured deposits. A core component of the Volcker Rule is to prevent banks from using deposited money to finance speculative trading. Yet, the bill would cut the Federal Deposit Insurance Corporation (FDIC), the custodian and institutional protector of the deposit insurance fund, entirely out of the implementation of the Volcker Rule. H.R. 4790 would eliminate the FDIC’s role in writing and interpreting the rule and weaken the interpretation of the rule and its enforcement. If enacted this bill has the potential to unravel the regulatory system aimed at preventing the need for future bailouts of “too-big-to-fail” financial institutions. The bill passed the House on April 11, 2018, and referred to the Senate Banking Committee.",house_2018.csv,
2018,House,115,2,6,H.R.,4,HR4-115,Amendment to the FAA Reauthorization Act of 2018 Striking Prevailing Wage Requirements,amendment,2018-04-26,Rejected,172,243,N,Y=Wrong; N=Right,864,https://voteview.com/rollcall/RH1150864,,2,"This amendment by Rep. Steve King (R-Iowa) would repeal Davis-Bacon prevailing wage requirements for construction projects covered under this Act. Davis-Bacon has been a critical component of federally funded transportation projects for decades, and promotes a fair labor market by upholding local wage standards. The amendment failed on April 26, 2018.",house_2018.csv,
2018,House,115,2,7,H.R.,4,HR4-115,FAA Reauthorization Act of 2018,passage,2018-04-27,Passed,393,13,Y,Y=Right; N=Wrong,872,https://voteview.com/rollcall/RH1150872,,2,"Properly funding, updating and improving standards for our federal aviation systems and workforce is critical to keeping our nation at the forefront of the global aviation sector. This bill will not only enhance our aviation system but also will improve safety for aviation workers and the flying public. The bill passed the House on April 27, 2018.",house_2018.csv,
2018,House,115,2,8,H.R.,8,HR8-115,Water Resources Development Act of 2018,passage,2018-06-06,Passed,408,2,Y,Y=Right; N=Wrong,945,https://voteview.com/rollcall/RH1150945,,2,"This bipartisan measure takes an important step towards modernizing and improving our nation’s ports, harbors, inland waterways and flood risk management. The AFL-CIO commends the committee leadership for keeping to the two-year water infrastructure reauthorization schedule. Waterways are critical to keeping our domestic supply chain efficient and competitive. This bill would authorize Army Corps strategic investments in the nation’s water navigation network, creating and sustaining thousands of good jobs, while simultaneously enhancing U.S. competitiveness in world markets. Passing this bill reduced the Army Corps project backlog, thereby ensuring that our nation continues to have an up-to-date maritime transportation system and is able to address other vital water infrastructure needs. The bill passed the House on June 6, 2018.",house_2018.csv,
2018,House,115,2,9,H.R.,4760,HR4760-115,Securing America's Future Act of 2018,passage,2018-06-21,Rejected,193,231,N,Y=Wrong; N=Right,989,https://voteview.com/rollcall/RH1150989,,3,"The FY 2019 Department of Labor, Health and Human Services, and Education (Labor HHS) Appropriations bill, reflects a misguided and dangerous approach to funding programs that serve millions of working Americans. Despite the increase of $18 billion for non-defense discretionary programs in FY 2019, there is no increase in the Labor HHS allocation over FY 2018. The bill would reduce funding for the Department of Labor (DOL) by $289 million, including a rescission of $200 million from the Dislocated Worker training program. The bill cuts DOL’s Wage and Hour Division by $2 million, reduces the current funding for the National Labor Relations Board (NLRB) by almost $13 million, and guts DOL’s Bureau of International Labor Affairs (ILAB) by $68 million (a reduction of 78.5 percent). ILAB does critical work to fight child labor, forced labor, and human trafficking and to enforce the labor rights commitments in our trade agreements. The proposed reduction in funding for ILAB would significantly undermine its capacity to help other countries improve their labor standards. The bill also targets worker safety programs, reducing funding for the Occupational Safety and Health Administration (OSHA) by $7.5 million and funding for the Mine Safety and Health Administration by $6 million. These cuts would occur at a time when the OSHA inspection staff is already at near record low levels and mining deaths are on the rise. The bill eliminates OSHA’s Susan Harwood training grants, which have trained over a million workers in hazardous industries, while it increases funding for employer compliance assistance. These cuts to worker safety and health programs will result in increased disease, injuries, and deaths on the job. While the bill provides for a modest increase in funding for the Department of Health and Human Services, it would cut funding for Medicare and Medicaid operations and block implementation of the Affordable Care Act. The bill failed to pass the House on June 21, 2018.",house_2018.csv,
2018,House,115,2,10,H.R.,2,HR2-115,Agriculture and Nutrition Act of 2018,passage,2018-06-21,Passed,213,211,N,Y=Wrong; N=Right,991,https://voteview.com/rollcall/RH1150991,,3,"The Agriculture Improvement Act of 2018 slashes critical funding for Supplemental Nutrition Assistance Program (SNAP) and makes it more difficult for millions of Americans to feed themselves and their families. SNAP provides a vital lifeline to over 40 million households in the U.S. who regularly struggle to eat. This bill cuts $17 billion in nutrition support, taking food assistance from 2 million people. It also resulted in 265,000 children losing access to free school meals. The bill passed the House on June 21, 2018, and ws signed into law by President Trump on Dec. 20, 2018.",house_2018.csv,
2018,House,115,2,11,H.R.,6147,HR6147-115,"Financial Services and General Government Appropriations, 2019",passage,2018-07-19,Passed,217,199,N,Y=Wrong; N=Right,1072,https://voteview.com/rollcall/RH1151072,,3,"This bill represents a continued attack on financial regulation, underfunds agencies that are critical to the protection of workers and consumers, and includes several objectionable policy riders. Congress should not use spending bills as back-door vehicles for reversing vital protections against Wall Street abuse. Attaching highly controversial and partisan poison pill policy riders that roll back financial regulations to an appropriations bill is an abuse of the appropriations process. The bill passed the House on July 19, 2018.",house_2018.csv,
2018,House,115,2,12,H.R.,6311,HR6311-115,Increasing Access to Lower Premium Plans and Expanding Health Savings Accounts Act of 2018,passage,2018-07-25,Passed,242,176,N,Y=Wrong; N=Right,1083,https://voteview.com/rollcall/RH1151083,,3,"This misnamed legislation would allow insurers to offer junk ""copper"" plans to workers purchasing insurance on the individual market, encourages the expanded use catastrophic health plans, and nearly doubles the contribution limits allowed for health savings accounts (a tax break that favors wealthy households). The bill passed the House on July 25, 2018.",house_2018.csv,
2018,House,115,2,13,H.R.,6199,HR6199-115,Restoring Access to Medication and Modernizing Health Savings Accounts Act of 2018,passage,2018-07-25,Passed,277,142,N,Y=Wrong; N=Right,1084,https://voteview.com/rollcall/RH1151084,,4,"This bill inappropriately allows funds from health savings accounts to be used for boutique medical care and fitness programs, a tax break that would favor wealthier households and seldom be used by people of moderate income. The bill passed the House on July 25, 2018.",house_2018.csv,
2018,House,115,2,14,H.R.,6760,HR6760-115,Protecting Family and Small Business Tax Cuts Act of 2018,passage,2018-09-28,Passed,220,191,N,Y=Wrong; N=Right,1121,https://voteview.com/rollcall/RH1151121,,4,"To justify a second round of tax cuts, this misnamed bill is doubling down on the discredited economic theory that another $657 billion in tax breaks for the wealthy and corporations will strengthen our economy and provide “trickle-down” benefits to working families. This $2 trillion tax giveaway has done little to strengthen the economy and, more importantly, working families have not come close to getting the $4,000 salary raise promised by the bill’s proponents. Instead, we have seen worsening economic inequality and some $710 billion in corporate stock buybacks–a phenomenon of little, if any benefit, to middle class Americans. There is no justification whatsoever for this tax cut, yet it passed the House on Sept. 28, 2018.",house_2018.csv,
2018,House,115,2,15,H.R.,88,HR88-115,Motion to Concur on a Bill That Gives More Tax Cuts for the Wealthy and Corporations,passage,2018-12-20,Passed,220,183,N,Y=Wrong; N=Right,1177,https://voteview.com/rollcall/RH1151177,,4,"This motion to concur on a bill that gives more tax cuts for the wealthy and corporations—The Retirement, Savings and Other Tax Relief Act (H.R. 88)—is an excuse to cut critical priorities for working people such as Social Security, Medicare, Medicaid, infrastructure, and education in the future. The Congressional Budget Office and the Joint Committee on Taxation estimate that H.R. 88 would cost $54.7 billion over 10 years. In addition, H.R. 88 includes handouts and favors to narrowly tailored and wealthy special interests. The motion to concur passed the House on Dec. 20, 2018.",house_2018.csv,
2019,House,116,1,1,H.J.Res.,28,HJRES28-116,"Further Additional Continuing Appropriations Act, 2019",passage,2019-01-23,Passed,229,184,Y,Y=Right; N=Wrong,45,https://voteview.com/rollcall/RH1160045,,1,"The passage of this continuing resolution provides appropriations to several federal agencies and was the first step to reopen the federal government, which was in its thirty-third day of a mindless shutdown. More than 380,000 federal employees and countless federal government contractors were locked out of their jobs, and another 420,000 have been required to report to work—all of them denied a paycheck due to the shutdown. Furthermore, millions continue to lose the vital government services that we all deserve and pay for. This continuing resolution passed on Jan. 23, 2019, and became law on Jan. 25, 2019.",house_2019.csv,
2019,House,116,1,2,H.R.,1,HR1-116,For the People Act of 2019,passage,2019-03-08,Passed,234,193,Y,Y=Right; N=Wrong,117,https://voteview.com/rollcall/RH1160117,,1,"This legislation includes many of the most important reforms necessary to restore the promise of our democracy, including expanding access to the ballot box, reducing the influence of big money in politics and strengthening ethics rules for public servants. This bill passed the House on March 8, 2019.",house_2019.csv,
2019,House,116,1,3,H.R.,7,HR7-116,Paycheck Fairness Act,passage,2019-03-27,Passed,242,187,Y,Y=Right; N=Wrong,133,https://voteview.com/rollcall/RH1160133,,1,"The Paycheck Fairness Act provides targeted remedies designed to update the 1963 Equal Pay Act. It requires employers to demonstrate that wage gaps between men and women doing the same work truly result from factors unrelated to gender. It prohibits employers’ use of prior salary history in setting pay for new hires and employer retaliation against workers who discuss their pay with coworkers. Last, H.R. 7 brings Equal Pay Act remedies and class action procedures into conformance with those available for other civil rights claims, and strengthens the government’s ability to identify and remedy systematic wage discrimination by requiring employers to report pay data to the EEOC. The bill passed the House on March 27, 2019.",house_2019.csv,
2019,House,116,1,4,H.R.,5,HR5-116,Equality Act,passage,2019-05-17,Passed,236,173,Y,Y=Right; N=Wrong,216,https://voteview.com/rollcall/RH1160216,,1,"This bill defines and includes sex, sexual orientation and gender identity among the prohibited categories of discrimination or segregation, expands the definition of public accommodations and allows the Department of Justice to intervene in equal protection actions on account of sexual orientation or gender identity. This bill passed the House on May 17, 2019.",house_2019.csv,
2019,House,116,1,5,H.R.,6,HR6-116,American Dream and Promise Act of 2019,passage,2019-06-04,Passed,237,187,Y,Y=Right; N=Wrong,239,https://voteview.com/rollcall/RH1160239,,2,"The Dream and American Promise Act of 2019 (H.R. 6) provides a well-earned path to citizenship for working people who have made positive contributions to society for decades. Recipients of TPS (Temporary Protected Status), DACA (Deferred Action for Childhood Arrivals) and DED (Deferred Enforced Departure) help to build, feed, serve, educate and care for our nation and this legislation takes a necessary step forward by extending permanent protections to these valued members of our families, communities and unions. This bill passed the House on June 4, 2019.",house_2019.csv,
2019,House,116,1,6,H.R.,2740,HR2740-116,Amendment to Divert Funds from Registered Apprenticeship Programs,amendment,2019-06-13,Rejected,158,264,N,Y=Wrong; N=Right,284,https://voteview.com/rollcall/RH1160284,"date and tally: the scorecard's header says 12 June 2019 and 158-266, but ITS OWN PROSE says 'The amendment failed on June 13, 2019'. The Hill apprenticeship amendment to H.R. 2740 is roll 284, 13 June 2019 at 158-264 - clerk.house.gov/evs/2019/roll285.xml names it 'Hill of Arkansas Part B Amendment No. 38'. Date 2019-06-12 -> 2019-06-13 and tally 158-266 -> 158-264; date 2019-06-12 -> 2019-06-13 per Voteview roll 284; tally 158-266 -> 158-264 per Voteview roll 284",2,"This amendment introduced by French Hill (R-Ark.) to the Labor HHS appropriations bill would have allowed grant funds for apprenticeships to be used for apprenticeship programs not registered with the U.S. Department of Labor. The amendment failed on June 13, 2019, and the Labor HHS Appropriations Act passed the House on June 19, 2019.",house_2019.csv,
2019,House,116,1,7,H.R.,2740,HR2740-116,"Department of Labor, Health and Human Services, Education, and Related Agencies Appropriations Act, 2020",passage,2019-06-19,Passed,226,203,Y,Y=Right; N=Wrong,366,https://voteview.com/rollcall/RH1160366,,2,"The FY 2020 appropriations bill for the Department of Labor, Health and Human Services, Education, and Related Agencies (Labor HHS) provides a long awaited boost to labor programs that have been level-funded for years. The bill recognizes the importance in investing in workers, worker protections, health and education, and rejects many of the proposed cuts called for in the administration’s budget proposal. Specifically, the bill provides a total of $13 billion in funding for the Department of Labor, includes an increase of $8.5 billion for the Department of Health and Human Services and a $4.4 billion increase for the Department of Education. It contains a $67 million increase in funding for the National Labor Relations Board, and provides an advance appropriation of $495 million for the Corporation for Public Broadcasting (CPB). This increase in funding recognizes that the CPB, along with the National Endowment for the Arts and the National Endowment for the Humanities, bolsters the economy and ensures that all Americans have access to artistic and education content. The appropriations bill passed the House on June 19, 2019.",house_2019.csv,
2019,House,116,1,8,H.R.,1327,HR1327-116,"Never Forget the Heroes: James Zadroga, Ray Pfeifer, and Luis Alvarez Permanent Authorization of the September 11th Victim Compensation Fund Act",passage,2019-07-12,Passed,402,12,Y,Y=Right; N=Wrong,473,https://voteview.com/rollcall/RH1160473,,2,"This bill will guarantee that those sickened as a result of the 9/11 attacks will receive compensation for their 9/11-related illnesses by fully funding the September 11th Victim Compensation Fund of 2001 through FY 2092. This bill passed the House on July 12, 2019, and was signed into law by President Trump on July 29, 2019.",house_2019.csv,
2019,House,116,1,9,H.R.,748,HR748-116,Middle Class Health Benefits Tax Repeal Act,passage,2019-07-17,Passed,419,6,Y,Y=Right; N=Wrong,492,https://voteview.com/rollcall/RH1160492,,3,"This bill eliminates a painful tax that takes money out of the pockets of hardworking men and women while hollowing out the quality health care plans they’ve earned. This ""Cadillac tax"" was ill-conceived from the beginning, putting an undue burden on 181 million American workers who earn their health benefits on the job, making medical care less affordable and creating serious access barriers for millions of workers. The bill passed the House on July 12, 2019.",house_2019.csv,
2019,House,116,1,10,H.R.,582,HR582-116,Raise the Wage Act,passage,2019-07-18,Passed,231,199,Y,Y=Right; N=Wrong,495,https://voteview.com/rollcall/RH1160495,,3,"This legislation would gradually raise the federal minimum wage to $15 an hour by the year 2024. In addition to indexing future increases to the growth in the median wage, the bill would gradually eliminate the subminimum wage for tipped workers, which has been stuck at $2.13 since 1991. The bill passed the House on July 18, 2019.",house_2019.csv,
2019,House,116,1,11,H.R.,397,HR397-116,Rehabilitation for Multiemployer Pensions Act of 2019,passage,2019-07-24,Passed,264,169,Y,Y=Right; N=Wrong,504,https://voteview.com/rollcall/RH1160504,,3,"This legislation is a step toward addressing our nation’s looming pension crisis. Absent federal action, the retirement income security of over one million American workers, retirees, and their spouses across the country will be in jeopardy because of the impending failure of their multiemployer pension plans. By establishing a federal loan program for troubled plans meeting certain criteria, this bill reflects the fact that allowing these plans to fail will have a devastating impact not only on individual retirees and their families, but also on their communities and their employers. The bill passed the House on July 18, 2019.",house_2019.csv,
2019,House,116,1,12,H.R.,3877,HR3877-116,Bipartisan Budget Act of 2019,passage,2019-07-25,Passed,284,149,Y,Y=Right; N=Wrong,510,https://voteview.com/rollcall/RH1160510,,3,"This bill increases the FY2020 and FY2021 discretionary spending limits for defense and nondefense spending and suspends the debt limit. The bill passed the House on July 25, 2019, and was signed into law on August 2, 2019.",house_2019.csv,
2019,House,116,1,13,H.R.,1423,HR1423-116,Forced Arbitration Injustice Repeal Act,passage,2019-09-20,Passed,225,186,Y,Y=Right; N=Wrong,539,https://voteview.com/rollcall/RH1160539,,3,"The FAIR Act would address the widespread use of abusive and often hidden contract provisions in consumer, employment and other agreements that force workers and consumers to settle their disputes against companies in a private system of arbitration that stacks the deck against individuals. The bill passed the House on Sept. 20, 2019.",house_2019.csv,
2019,House,116,1,14,H.R.,2426,HR2426-116,Copyright Alternative in Small-Claims Enforcement Act of 2019,passage,2019-10-22,Passed,410,6,Y,Y=Right; N=Wrong,577,https://voteview.com/rollcall/RH1160577,,3,"This bill establishes a board within the U.S. Copyright Office to hear and decide copyright disputes. The bill passed the House on Oct. 19, 2019.",house_2019.csv,
2019,House,116,1,15,H.R.,2440,HR2440-116,Full Utilization of the Harbor Maintenance Trust Fund Act,passage,2019-10-28,Passed,296,109,Y,Y=Right; N=Wrong,584,https://voteview.com/rollcall/RH1160584,,4,"This bill provides a discretionary spending limit adjustment to ensure that funds are used to support navigation and maintain federally authorized harbors. The bill passed the House on Oct. 28, 2019.",house_2019.csv,
2019,House,116,1,16,H.R.,4863,HR4863-116,United States Export Finance Agency Act of 2019,passage,2019-11-15,Passed,235,184,Y,Y=Right; N=Wrong,623,https://voteview.com/rollcall/RH1160623,,4,"A healthy Export-Import Bank (Ex-Im Bank) is pivotal to the creation and sustainability of U.S. jobs in manufacturing, as well as increasing U.S. exports, thereby improving the balance of trade between the U.S. and high export countries. This legislation reauthorizes the Export-Import Bank for the next ten years and would gradually increase the bank’s lending authority by $40 billion, resulting in an expansion of projects. Although the bill would rename the Export-Import Bank as the “United States Export Finance Agency,” its intended mission “to assist in financing the export of U.S. goods and services” would remain unchanged. The legislation also includes provisions that reform the Bank’s quorum rules that have severely limited the Bank’s viability in recent years. This bill passed the House on Nov. 15, 2019.",house_2019.csv,
2019,House,116,1,17,H.R.,1309,HR1309-116,Workplace Violence Prevention for Health Care and Social Service Workers Act,passage,2019-11-21,Passed,251,158,Y,Y=Right; N=Wrong,641,https://voteview.com/rollcall/RH1160641,,4,"The Workplace Violence Prevention for Health Care and Social Services Workers Act would direct the Occupational Safety and Health Administration to issue a federal workplace violence prevention standard to protect workers in health care and social services from injury and death. Workplace violence is a serious and growing safety and health problem that has reached epidemic levels. Workplace violence is now the third leading cause of job deaths, and results in more than 30,000 serious lost-time injuries each year. Nurses, medical assistants, emergency responders and social workers face some of the greatest threats, suffering more than 70% of all workplace assaults. Women workers particularly are at risk, suffering two out of every three serious workplace violence injuries. This bill would help protect these workers by requiring employers in the health care and social service sectors to develop and implement a workplace violence prevention plan, tailored to specific workplace and employee populations. This bill passed the House on Nov. 21, 2019.",house_2019.csv,
2019,House,116,1,18,H.R.,3,HR3-116,Elijah E. Cummings Lower Drug Costs Now Act,passage,2019-12-12,Passed,230,192,Y,Y=Right; N=Wrong,681,https://voteview.com/rollcall/RH1160681,,4,"The Lower Drug Prices Now Act takes bold action to address the relentless rise in drug prices. It establishes a fair drug price negotiation program to reduce the cost of expensive medications that lack adequate competition in the marketplace. It requires drug corporations to cap annual drug price increases to the rate of inflation or face penalty payments to the Medicare program, thereby reducing average drug prices. These lower prices will reduce out-of-pocket costs at the pharmacy, lower insurance premiums, and save federal health care dollars. The bill passed the House on Dec. 12, 2019.",house_2019.csv,
2019,House,116,1,19,H.R.,1865,HR1865-116,"Further Consolidated Appropriations Act, 2020",passage,2019-12-17,Passed,297,120,Y,Y=Right; N=Wrong,688,https://voteview.com/rollcall/RH1160688,,4,"This bill provides FY2020 appropriations for federal departments and agencies, and extends several expiring programs. The bill passed the House on Dec. 17, 2019, and was signed into law on Dec. 20, 2019.",house_2019.csv,
2019,House,116,1,20,H.R.,1158,HR1158-116,"Consolidated Appropriations Act, 2020",passage,2019-12-17,Passed,280,138,Y,Y=Right; N=Wrong,689,https://voteview.com/rollcall/RH1160689,,5,"This bill provides FY2020 appropriations for federal departments and agencies. It passed the House on Dec. 17, 2019, and became law on Dec. 20, 2019.",house_2019.csv,
2019,House,116,1,21,H.R.,5430,HR5430-116,United States-Mexico-Canada Agreement Implementation Act,passage,2019-12-19,Passed,385,41,Y,Y=Right; N=Wrong,700,https://voteview.com/rollcall/RH1160700,,5,"The revised USMCA remedied numerous shortcomings contained in the original text. The end result is a vast improvement over both the original NAFTA and the agreement negotiated by President Trump last year. The agreement includes a first-of-its-kind facility-specific enforcement mechanism with rapid timelines and meaningful penalties against facilities for violating the rights of freedom of association and collective bargaining. The new USMCA also improves enforcement by eliminating the provision that would allow any party to block the formation of a dispute resolution panel when state-to-state conflicts arise; it severely limits Investor State Dispute Settlement (ISDS); it removes unreasonable barriers to trade complaints by making clear there is a presumption that labor violations are trade-related; it removes troubling language on violence against workers; and it bans trade in goods made with forced labor. Importantly, the revised USMCA also eliminates the giveaway to Big Pharma in the administration's initial proposal. The updated USMCA means trade in America will now be fairer because of our hard work and perseverance. The bill passed the House on Dec. 17, 2019, and was signed into law on Jan. 29, 2020.",house_2019.csv,
2020,House,116,2,1,H.R.,1230,HR1230-116,Protecting Older Workers Against Discrimination Act,passage,2020-01-15,Passed,261,155,Y,Y=Right; N=Wrong,720,https://voteview.com/rollcall/RH1160720,,1,"This bill would restore fairness to workers aged 40 and older who experience discrimination in the workplace because of their age. It would restore protections that were weakened by the U.S. Supreme Court, which raised the burden of proof to show age discrimination. The bill also would provide remedies for workers who are retaliated against when they report age discrimination. This bill passed the House on Jan. 14, 2020.",house_2020.csv,
2020,House,116,2,2,H.R.,2382,HR2382-116,USPS Fairness Act,passage,2020-02-05,Passed,309,106,Y,Y=Right; N=Wrong,736,https://voteview.com/rollcall/RH1160736,,1,"This bill would repeal the 2006 mandate that the U.S. Postal Service (USPS) prefund future retiree health benefits. No other private business or public entity is required to prefund retiree health care decades in advance. In the case of the USPS, the prefunding mandate has resulted in a manufactured financial crisis that is being used by its adversaries to cut postal services. The prefunding mandate costs the Postal Service more than $5 billion annually and accounts for nearly 90% of its operating shortfall. This bill passed the House on Feb. 5, 2020.",house_2020.csv,
2020,House,116,2,3,H.R.,2474,HR2474-116,Amendment to Prevent Unions from Obtaining Information in Union Elections,amendment,2020-02-06,Rejected,190,229,N,Y=Wrong; N=Right,741,https://voteview.com/rollcall/RH1160741,,1,"This amendment introduced by Rep. Virginia Foxx (R-N.C.) to the Protecting the Right to Organize Act of 2019 (H.R. 2474) would have stricken a provision codifying National Labor Relations Board (NLRB) precedent that requires employers to provide employee contact information. The amendment would have seriously hindered unions seeking to represent employees in an election by preventing them from getting all available contact information of eligible voters after the NLRB has ordered that an election take place. It also would have overturned a half-century-old board precedent, upheld by the Supreme Court, holding that simple fairness requires that unions be able to contact eligible voters. This amendment failed on Feb. 6, 2020, and the Protecting the Right to Organize Act of 2019 passed the House that same day.",house_2020.csv,
2020,House,116,2,4,H.R.,2474,HR2474-116,Amendment to Prevent Voluntary Recognition in Union Elections,amendment,2020-02-06,Rejected,187,235,N,Y=Wrong; N=Right,742,https://voteview.com/rollcall/RH1160742,,1,"This amendment introduced by Rep. David P. Roe (R-Tenn.) to the Protecting the Right to Organize Act of 2019 (H.R. 2474) would have prevented employers from voluntarily recognizing a union that has demonstrated the support of a majority of all employees in a unit. Voluntary recognition has been lawful since before the National Labor Relations Act (NLRA) was adopted in 1935. This amendment would have left the National Labor Relations Board (NLRB) with no remedy if an employer’s unlawful conduct prevented a fair election. This amendment failed on Feb. 6, 2020, and the Protecting the Right to Organize Act of 2019 passed the House that same day.",house_2020.csv,
2020,House,116,2,5,H.R.,2474,HR2474-116,Amendment to Prohibit Union Fair Share Agreements,amendment,2020-02-06,Rejected,186,235,N,Y=Wrong; N=Right,745,https://voteview.com/rollcall/RH1160745,,2,"This amendment by Rep. Mark Meadows (R-N.C.) to the Protecting the Right to Organize Act of 2019 (H.R. 2474) would have stricken the provision requiring states to allow “fair share agreements” that make it possible for unions to represent all of the workers covered by the collective bargaining agreement. “Right to work” laws, which prohibit fair share agreements, are a relic of the Jim Crow South and allow big corporations to depress wages and benefits. This amendment failed on Feb. 6, 2020, and the Protecting the Right to Organize Act of 2019 passed the House that same day.",house_2020.csv,
2020,House,116,2,6,H.R.,2474,HR2474-116,Protecting the Right to Organize Act of 2019,passage,2020-02-06,Passed,224,194,Y,Y=Right; N=Wrong,749,https://voteview.com/rollcall/RH1160749,"match not forced by the (date, tally) key alone; the rivals were separated by the measure the scorecard prints, which for this block is a typeset field off the scorecard PDF rather than an inference",2,"The Protecting the Right to Organize (PRO) Act would modernize the National Labor Relations Act (NLRA) to give working people a voice on the job so we can negotiate for higher wages, better benefits, a more secure retirement and a safer workplace. It would impose financial penalties on companies and individual corporate officers who violate the law. It also would eliminate state ""right to work"" laws, prohibit companies from holding captive audience meetings during organizing campaigns and remove the ban on secondary picketing. The bill would ensure that all workers have the right to join a union by cracking down on employers who deliberately misclassify their workers as independent contractors. Finally, the bill would establish a process for mediation and arbitration to help employers and unions reach a first contract. This bill passed the House on Feb. 6, 2020.",house_2020.csv,
2020,House,116,2,7,H.R.,5687,HR5687-116,Emergency Supplemental Appropriations for Disaster Relief and Puerto Rico Disaster Tax Relief Act,passage,2020-02-07,Passed,237,161,Y,Y=Right; N=Wrong,753,https://voteview.com/rollcall/RH1160753,,2,"This bill would appropriate $4.67 billion in disaster relief to Puerto Rico after the devastation caused by earthquakes in 2019 and 2020. In addition to providing critical funding for infrastructure repairs, the bill would give a significant income boost to low- and moderate-income families in Puerto Rico through the progressive expansion of the Child Tax Credit and a locally funded Earned Income Tax Credit. This bill passed the House on Feb. 7, 2020.",house_2020.csv,
2020,House,116,2,8,H.J.Res.,79,HJRES79-116,Removing the deadline for the ratification of the equal rights amendment,passage,2020-02-13,Passed,232,183,Y,Y=Right; N=Wrong,769,https://voteview.com/rollcall/RH1160769,"vote_question 'amendment' -> 'passage': the roll call's own question is 'On Passage'. The scorecard's value was inferred from its prose, which the 11 Aug 2026 review measured at ~8% wrong; result 'Adopted' -> 'Passed', which follows the roll call ('Passed') and the collection's convention for a passage",2,"This joint resolution would remove the deadline for states to ratify the Equal Rights Amendment (ERA), which would add the following amendment to the U.S. Constitution: “Equality of rights under the law shall not be denied or abridged by the United States or by any state on account of sex.” In 2020, the thirty-eighth state ratified the ERA, which satisfies the requirement that three-fourths of the states must vote to ratify constitutional amendments, but the deadline for ratification has passed. This joint resolution passed the House on Feb. 13, 2020.",house_2020.csv,
2020,House,116,2,9,H.R.,6074,HR6074-116,"Coronavirus Preparedness and Response Supplemental Appropriations Act, 2020",passage,2020-03-04,Passed,415,2,Y,Y=Right; N=Wrong,785,https://voteview.com/rollcall/RH1160785,,2,"This supplemental was the first phase of a national response to the public health emergency presented by the novel coronavirus (COVID-19) epidemic. It helped ensure that front-line workers performing essential services were protected against exposures to the virus—in order to protect these individuals and the public. The AFL-CIO supported robust funding to support the efforts of public health agencies to respond to the outbreak and to help health care workers and first responders safely care for individuals who contract COVID-19. This funding also would help public-facing workers stay safe as they provide essential services in areas such as transportation, education, corrections, and food preparation. This bill passed the House on March 4, 2020, and was signed into law on March 6, 2020.",house_2020.csv,
2020,House,116,2,10,H.R.,1140,HR1140-116,Rights for Transportation Security Officers Act of 2020,passage,2020-03-05,Passed,230,171,Y,Y=Right; N=Wrong,789,https://voteview.com/rollcall/RH1160789,,3,"This bill would provide basic collective bargaining rights to transportation security officers, federal employees who provide for the security and protection of travelers at all U.S. airports. It would also require the Transportation Security Administration (TSA) administrator to follow the labor-management employee relations statutes that provide workplace rights and protections to most other federal government employees under Title 5 of the U.S. Code. This bill passed the House on March 5, 2020.",house_2020.csv,
2020,House,116,2,11,H.R.,6201,HR6201-116,Families First Coronavirus Response Act,passage,2020-03-14,Passed,363,40,Y,Y=Right; N=Wrong,801,https://voteview.com/rollcall/RH1160801,date 2020-03-13 -> 2020-03-14 per Voteview roll 801,3,"H.R. 6201 would encourage working people to seek testing for infection by making the tests free for most people covered by employment-based insurance, Medicare or Medicaid; mandates that workers who are sick or affected by quarantine receive up to 14 paid sick days and up to 12 weeks of paid leave per year. H.R. 6201 also would take steps to improve access to food by expanding the Supplemental Nutrition Assistance Program (SNAP), the Women, Infant and Children (WIC) program and the school lunch program. Recognizing that the current federal unemployment insurance (UI) program will not be able to provide sufficient support for states to meet the needs of workers, the package provides additional funding for states. This bill passed the House on March 14, 2020, and was signed into law on March 18, 2020.",house_2020.csv,
2020,House,116,2,12,H.R.,6800,HR6800-116,The Heroes Act,passage,2020-05-15,Passed,208,199,Y,Y=Right; N=Wrong,808,https://voteview.com/rollcall/RH1160808,,3,"On April 16, the AFL-CIO called on Congress to take immediate action to protect workers and their families from the worsening COVID-19 pandemic. Specifically, we called on Congress to embrace “America’s Five Economic Essentials” as the centerpiece of its response by (1) protecting and expanding health insurance for all workers; (2) keeping front line workers safe and secure; (3) keeping workers employed and protecting earned pension checks; (4) keeping state and local governments, public schools and the USPS solvent and working; and (5) hiring people to strengthen our infrastructure. The House responded by passing the HEROES Act, which addressed almost all of our recommendations. It required OSHA to issue an emergency workplace infectious disease standard. It gave critical aid to state and local governments, public schools and the U.S. Postal Service. It provided relief for multiemployer pension plans. It included a 100% subsidy to continue health coverage for laid-off workers. It provided a framework for helping employers keep workers on payroll, and it extended unemployment benefits through the end of the year, including an extra $600 a week for those who are out of work through no fault of their own. It included more direct payments to working people. It ensured free treatment for health care related to COVID-19. It earmarked billions of dollars to protect our elections. And it provided relief for renters and homeowners and additional food assistance. This bill passed the House on May 15, 2020.",house_2020.csv,
2020,House,116,2,13,H.R.,7120,HR7120-116,George Floyd Justice in Policing Act,passage,2020-06-25,Passed,236,181,Y,Y=Right; N=Wrong,818,https://voteview.com/rollcall/RH1160818,,3,"The Justice in Policing Act of 2020 (H.R. 7120) would address longstanding structural racism and the need for accountability in American law enforcement, banning chokeholds, expanding use of body cameras, ending racial profiling, demilitarizing our police forces and ending no-knock warrants. This bill has the potential to create a fairer, more equitable justice system. While not perfect, this bill is an important first step in taking overdue action to redesign policing to address the lack of accountability and systemic racism that continues to plague our nation. This bill passed the House on June 25, 2020.",house_2020.csv,
2020,House,116,2,14,H.R.,51,HR51-116,"Washington, D.C. Admission Act",passage,2020-06-26,Passed,232,180,Y,Y=Right; N=Wrong,821,https://voteview.com/rollcall/RH1160821,,4,"This bill would grant statehood to the District of Columbia, whose population is bigger than both Vermont and Wyoming, but whose residents do not have a constitutional right to voting representation in Congress. This bill would make Washington, D.C., the fifty-first state, with a voting member in the U.S. House of Representatives and two U.S. senators. This bill passed the House on June 26, 2020.",house_2020.csv,
2020,House,116,2,15,H.R.,2,HR2-116,Moving Forward Act,passage,2020-07-01,Passed,233,188,Y,Y=Right; N=Wrong,837,https://voteview.com/rollcall/RH1160837,,4,"This bill was a $1.5 trillion plan to rebuild America’s infrastructure that would create millions of good jobs, increase long-term growth and make the U.S. more globally competitive, while protecting our environment and improving our health. It would help meet the demands of a 21st century economy, by making significant investments in surface transportation, rail and transit systems, aviation, energy production and distribution, schools, broadband, and housing. It also would guarantee that the jobs have family supporting wages and Buy America provisions that will bolster U.S. manufacturing. In addition, it would fund improvements in safe drinking water and wastewater systems, modernize the nation’s health care infrastructure, and create more affordable housing. Finally, it would accelerate the development of carbon reducing technologies and renewable energy, as well as modernize schools, invest in the postal service and provide high speed internet to underserved areas. This bill passed the House on July 1, 2020.",house_2020.csv,
2020,House,116,2,16,H.R.,7617,HR7617-116,Fiscal Year 2021 Appropriations Minibus,passage,2020-07-31,Passed,217,197,Y,Y=Right; N=Wrong,877,https://voteview.com/rollcall/RH1160877,,4,"H.R. 7617 combined the texts of six fiscal 2021 spending measures approved by the Appropriations Committee, including the Labor-HHS-Education appropriations bill. The Labor-HHS portion of the Minibus recognized the importance of investing in workers, worker protections, health and education, and it wisely rejects the deep spending cuts and elimination of essential programs that the administration and previous House Republican budgets have proposed in years past. The Labor-HHS-Education portion of the Minibus increases funding for all three major departments and for most programs and activities. Overall discretionary spending for the bill would increase by $2.4 billion above the fiscal year 2020 enacted level and $20.8 billion above the president’s 2021 budget request. This bill passed the House on July 31, 2020.",house_2020.csv,
2020,House,116,2,17,H.R.,2694,HR2694-116,Pregnant Workers Fairness Act,passage,2020-09-17,Passed,329,73,Y,Y=Right; N=Wrong,894,https://voteview.com/rollcall/RH1160894,,4,"This bill would prevent employers from forcing pregnant workers out of their jobs because of pregnancy-related medical needs and provide employers and employees with a clear statutory framework to follow. Employers would have to offer reasonable accommodation for limitations arising out of pregnancy, childbirth and related medical conditions, unless such accommodation would pose an undue hardship. The legislation would ensure that women can continue to work safely while pregnant, rather than be forced to abandon their paid employment- — and likely lose their health insurance, as well — because of on-the-job pregnancy-related health hazards. This bill passed the House on Sept. 17, 2020.",house_2020.csv,
2020,House,116,2,18,H.R.,6210,HR6210-116,Uyghur Forced Labor Prevention Act,passage,2020-09-22,Passed,406,3,Y,Y=Right; N=Wrong,895,https://voteview.com/rollcall/RH1160895,,5,"This bill is meant to halt the horrific abuse of more than 1.8 million Uyghurs and other Muslims and Turkic people in China’s largest province, the Xinjiang Uyghur Autonomous Region (XUAR). Since 2017, the Chinese government has maintained the largest forced internment program of an ethnic and religious group since the Holocaust. While interned, many are forced to work to support China’s industry, including textiles and garments. To put pressure on the Chinese government to end these practices, the bill would prevent companies from sourcing goods made from inputs linked to the XUAR. This bill passed the House on Sept. 22, 2020.",house_2020.csv,
2020,House,116,2,19,H.R.,8294,HR8294-116,National Apprenticeship Act of 2020,passage,2020-11-20,Passed,246,140,Y,Y=Right; N=Wrong,926,https://voteview.com/rollcall/RH1160926,,5,"H.R. 8294 would modernize the Registered Apprenticeship program by authorizing significant new funding to expand registered apprenticeships, pre-apprenticeships and youth apprenticeships in the United States. It also would codify and streamline existing standards that are vital to support apprentices, including youth apprenticeship and pre-apprenticeship programs. It also would bolster the role of the Office of Apprenticeship at the Department of Labor, and provide funding streams to ensure oversight and technical assistance. The bill would support more than 1 million Registered Apprenticeship opportunities over the next five years. Finally, it would ensure that the experts from industry and labor have a role in improving the program. This bill passed the House on Nov. 20, 2020.",house_2020.csv,
2021,House,117,1,1,H.Con.Res.,11,HCONRES11-117,Budget Resolution,budget resolution,2021-02-03,Passed,218,212,Y,Y=Right; N=Wrong,20,https://voteview.com/rollcall/RH1170020,,1,"This bill allowed Congress to pass critical COVID-19 relief with a simple majority vote and avoid a filibuster in the Senate. It helped the nation respond to the public health and economic emergency presented by the COVID-19 pandemic. This bill passed the House on Feb. 3, 2021.",house_2021.csv,
2021,House,117,1,2,H.R.,447,HR447-117,Apprenticeship Act,passage,2021-02-05,Passed,247,173,Y,Y=Right; N=Wrong,30,https://voteview.com/rollcall/RH1170030,,1,"H.R. 447 would modernize the Registered Apprenticeship Program by authorizing significant new funding to expand registered apprenticeships, pre-apprenticeships and youth apprenticeships in the United States. It also would codify and streamline existing standards that are vital to support apprentices, including youth apprenticeship and pre-apprenticeship programs. It also would bolster the role of the Office of Apprenticeship at the Department of Labor and provide funding streams to ensure oversight and technical assistance. The bill would support more than 1 million Registered Apprenticeship opportunities over the next five years. Finally, it would ensure that experts from industry and labor have a role in improving the program. This bill passed the House on Feb. 5, 2021.",house_2021.csv,
2021,House,117,1,3,H.R.,5,HR5-117,Equality Act,passage,2021-02-25,Passed,224,206,Y,Y=Right; N=Wrong,38,https://voteview.com/rollcall/RH1170038,,1,"This legislation protects Americans from discrimination on the basis of sex, sexual orientation or gender identity while seeking housing, applying for credit and pursuing an education, and in other key pathways to the American dream. While the Title VII Supreme Court decision barred job discrimination, the Equality Act would codify that ruling. LGBTQ people deserve to be free from discrimination in all forms. This bill passed the House on Feb. 25, 2021.",house_2021.csv,
2021,House,117,1,4,H.R.,1319,HR1319-117,American Rescue Plan,passage,2021-02-27,Passed,219,212,Y,Y=Right; N=Wrong,48,https://voteview.com/rollcall/RH1170048,,1,"This bill provided $1.9 trillion in emergency assistance to the American people during the unprecedented COVID-19 crisis. The American Rescue Plan stabilized state and local governments, helped reopen public schools safely, funded distribution of the new COVID-19 vaccine and related supplies, and supported transportation systems. Importantly, the bill also provided relief for multiemployer pension plans, fully subsidized COBRA health insurance for laid-off workers and continued unemployment insurance benefits, including for workers not normally covered under state programs, such as gig workers and independent contractors. This bill passed the House on Feb. 27, 2021.",house_2021.csv,
2021,House,117,1,5,H.R.,1280,HR1280-117,George Floyd Justice in Policing Act,passage,2021-03-03,Passed,220,212,Y,Y=Right; N=Wrong,59,https://voteview.com/rollcall/RH1170059,,2,"After George Floyd was murdered by a Minneapolis police officer, the labor movement demanded more accountability from law enforcement. Though not perfect, this bill would reform policing by banning chokeholds, expanding use of body cameras, ending racial profiling, demilitarizing our police forces and ending no-knock warrants. This bill passed the House on March 3, 2021.",house_2021.csv,
2021,House,117,1,6,H.R.,1,HR1-117,For the People Act,passage,2021-03-03,Passed,220,210,Y,Y=Right; N=Wrong,61,https://voteview.com/rollcall/RH1170061,,2,"For years, some of the rich and powerful have tried to make it harder to register and vote. This legislation gives voters tools to defeat those seeking to gain power through intimidation, coercion and voter suppression. It would create standards to protect the vote by promoting early voting and same-day and online registration. It establishes a public financing system powered by small donations and requires super PACs to make their donors public. Finally, it would restore voting rights for formerly incarcerated individuals and commit Congress to restoring the Voting Rights Act to end racial discrimination in voting. This bill passed the House on March 3, 2021.",house_2021.csv,
2021,House,117,1,7,H.R.,842,HR842-117,Protecting the Right to Organize (PRO) Act,passage,2021-03-09,Passed,225,206,Y,Y=Right; N=Wrong,69,https://voteview.com/rollcall/RH1170069,,2,"The Protecting the Right to Organize (PRO) Act is landmark worker empowerment, civil rights and economic stimulus legislation. It would hold employers accountable when they violate workers’ rights and ensure that most workers are protected under the National Labor Relations Act. It would also protect collective action and strengthen employees’ bargaining rights so they can negotiate for higher wages, better benefits, a safer workplace and a more secure retirement. Finally, the bill would modernize the union election and enforcement process to protect against years of systematic corporate attempts to weaken elections. This bill passed the House on March 9, 2021.",house_2021.csv,
2021,House,117,1,8,H.J.Res.,17,HJRES17-117,Equal Rights Amendment (ERA),passage,2021-03-17,Passed,222,204,Y,Y=Right; N=Wrong,81,https://voteview.com/rollcall/RH1170081,"vote_question 'amendment' -> 'passage': the roll call's own question is 'On Passage'. The scorecard's value was inferred from its prose, which the 11 Aug 2026 review measured at ~8% wrong; result 'Adopted' -> 'Passed', which follows the roll call ('Passed') and the collection's convention for a passage",2,"Thirty-eight states have passed an Equal Rights Amendment to the Constitution stating that women have equal rights. This satisfies the requirement that three-fourths of states must vote in favor of the amendment. However, there is an additional congressionally imposed deadline that this bill would remove in order to allow for the amendment’s passage. This bill passed the House on March 17, 2021.",house_2021.csv,
2021,House,117,1,9,H.R.,1620,HR1620-117,Violence Against Women Act,passage,2021-03-17,Passed,244,172,Y,Y=Right; N=Wrong,85,https://voteview.com/rollcall/RH1170085,,2,"The reauthorization of the 1994-enacted Violence Against Women Act (VAWA) would provide domestic abuse survivors with health care and other social services and improve access to critical resources such as housing. This new version of VAWA would also expand assistance to the LGBTQ community and underserved communities of color. This bill passed the House on March 17, 2021.",house_2021.csv,
2021,House,117,1,10,H.R.,6,HR6-117,DREAM Act,passage,2021-03-18,Passed,228,197,Y,Y=Right; N=Wrong,90,https://voteview.com/rollcall/RH1170090,,3,"This legislation would benefit all workers by providing a well-earned path to citizenship for immigrant workers who have been making positive contributions to society for decades. Recipients of TPS (Temporary Protected Status), DACA (Deferred Action for Childhood Arrivals) and DED (Deferred Enforced Departure) help to build, feed, serve, educate and care for our nation. This bill passed the House on March 18, 2021.",house_2021.csv,
2021,House,117,1,11,H.R.,7,HR7-117,Paycheck Fairness Act,passage,2021-04-15,Passed,217,210,Y,Y=Right; N=Wrong,107,https://voteview.com/rollcall/RH1170107,,3,"T he Paycheck Fairness Act would update the Equal Pay Act. Although the 1963 law made it illegal for employers to pay unequal wages to male and female employees for the same work, wage disparities persist in both the private and public sectors, at every educational level, across the country. This bill would require employers to demonstrate that wage gaps truly result from factors unrelated to gender and prohibit retaliation against workers who discuss their pay with co-workers. It also would bring remedies and class-action procedures into conformance with those available for other civil rights claims, and strengthen the government’s ability to identify and remedy discrimination by requiring employers to report pay data to the Equal Employment Opportunity Commission. This bill passed the House on April 15, 2021.",house_2021.csv,
2021,House,117,1,12,H.R.,1195,HR1195-117,Workplace Violence in Health Care,passage,2021-04-16,Passed,254,166,Y,Y=Right; N=Wrong,117,https://voteview.com/rollcall/RH1170117,,3,"Workplace violence is a serious and growing safety and health problem that has reached epidemic levels—it is now the third-leading cause of job deaths and responsible for more than 30,000 serious lost-time injuries each year. Nurses, medical assistants, emergency responders and social workers suffer 72% of all workplace assaults. Women workers are at particular risk, suffering 2 out of every 3 serious workplace violence injuries. This legislation would create a workplace violence prevention standard to protect workers in health care and social services from injury and death. This bill passed the House on April 16, 2021.",house_2021.csv,
2021,House,117,1,13,H.R.,1333,HR1333-117,NO BAN Act,passage,2021-04-21,Passed,218,208,Y,Y=Right; N=Wrong,126,https://voteview.com/rollcall/RH1170126,,3,"The National Origin-Based Antidiscrimination for Nonimmigrants (NO BAN) Act would repeal the previous administration’s efforts to ban Muslims, Africans, refugees and asylum seekers, and make necessary reforms to restore checks and balances and prevent future discriminatory bans. This bill passed the House on April 12, 2021.",house_2021.csv,
2021,House,117,1,14,H.R.,51,HR51-117,"Washington, D.C. Admission Act",passage,2021-04-22,Passed,216,208,Y,Y=Right; N=Wrong,131,https://voteview.com/rollcall/RH1170131,,3,"This bill would grant statehood to the District of Columbia, making it the 51st state. Although Washington, D.C.’s population is now greater than both Vermont and Wyoming, its residents are without a constitutional right to voting representation in Congress. This bill passed the House on April 22, 2021.",house_2021.csv,
2021,House,117,1,15,H.R.,1065,HR1065-117,Pregnant Workers Fairness Act,passage,2021-05-14,Passed,315,101,Y,Y=Right; N=Wrong,142,https://voteview.com/rollcall/RH1170142,,4,"This legislation would close gaps in current law, creating a clear nationwide standard for reasonable workplace accommodations for pregnant workers so they are not pushed out of the workforce. It would promote workplace gender equity, healthy pregnancies and the economic security of pregnant and parenting workers and their families. This bill passed the House on May 14, 2021.",house_2021.csv,
2021,House,117,1,16,H.R.,2062,HR2062-117,Older Workers Discrimination Act,passage,2021-06-23,Passed,247,178,Y,Y=Right; N=Wrong,179,https://voteview.com/rollcall/RH1170179,,4,"This bill would restore fairness to workers age 40 and older who experience discrimination in the workplace because of their age. It would restore protections that were weakened by the Supreme Court, which raised the burden of proof to show age discrimination. The bill also would provide remedies for workers who are retaliated against when they report age discrimination. This bill passed the House on June 23, 2021",house_2021.csv,
2021,House,117,1,17,H.R.,3684,HR3684-117,INVEST in America Act,passage,2021-07-01,Passed,221,201,Y,Y=Right; N=Wrong,207,https://voteview.com/rollcall/RH1170207,,4,"This bill would make significant investments in American infrastructure through surface transportation, rail and transit systems, electric vehicle charging stations, aviation, energy production and distribution, schools, broadband, drinking water and wastewater infrastructure, and housing. It would help us meet the demands of a 21st-century economy. The $715 billion bill would create millions of good jobs, increase long-term growth and make us more globally competitive, while protecting our environment and improving our health. This bill passed the House on July 1, 2021.",house_2021.csv,
2021,House,117,1,18,H.R.,4502,HR4502-117,"Labor, Health and Human Services, and Education Appropriations",passage,2021-07-29,Passed,219,208,Y,Y=Right; N=Wrong,246,https://voteview.com/rollcall/RH1170246,,4,"The fiscal year 2022 appropriations bill combined funding measures for numerous federal agencies, including the departments of Labor, Health and Human Services, and Education. It increased funding for these key domestic agencies by an average of 28% and reversed the long-standing underinvestment in worker protection programs and critical public services. This bill passed the House on July 29, 2021.",house_2021.csv,
2021,House,117,1,19,H.R.,4,HR4-117,John R. Lewis Voting Rights Advancement Act of 2021,passage,2021-08-24,Passed,219,212,Y,Y=Right; N=Wrong,259,https://voteview.com/rollcall/RH1170259,,4,"This bipartisan legislation helps protect our nation’s citizens from discriminatory voting practices and restores the ability to mount effective legal challenges to anti-democratic voting measures. Passage would be an important step toward restoration of the fundamental voter protections undermined by the Supreme Court’s 2013 Shelby County v. Holder decision and its 2021 decision in Brnovich v. Democratic National Committee . This bill passed the House on Aug. 24, 2021.",house_2021.csv,
2021,House,117,1,20,H.R.,3684,HR3684-117,Infrastructure Investment and Jobs Act,passage,2021-11-05,Passed,228,206,Y,Y=Right; N=Wrong,368,https://voteview.com/rollcall/RH1170368,,5,"After decades of delay and infrastructure decline, the House passed a bipartisan infrastructure bill. Centered around the creation of good union jobs, the bill provides for a $1 trillion investment in roads, bridges, transit, rail, climate change mitigation, electric vehicles, clean drinking water, high-speed internet, resilient transmission lines and more. The bill also includes labor standards guaranteeing that the jobs created have family-supporting wages, as well as “buy America” provisions that will bolster U.S. manufacturing. This bill passed the House on Nov. 5, 2021.",house_2021.csv,
2021,House,117,1,21,H.R.,5376,HR5376-117,Build Back Better Act,passage,2021-11-19,Passed,220,213,Y,Y=Right; N=Wrong,384,https://voteview.com/rollcall/RH1170384,,5,"The Build Back Better Act (BBB) is a major $1.75 trillion investment to provide child care and elder care for millions of families, universal preschool, clean energy jobs, expanded health care and paid leave, tax fairness and support for worker union organizing. It would also provide meaningful protections for immigrants and includes policies to curb excessive prescription drug costs. This bill passed the House on Nov. 19, 2021.",house_2021.csv,
2022,House,117,2,1,H.R.,3076,HR3076-117,Postal Service Reform Act,passage,2022-02-08,Passed,342,92,Y,Y=Right; N=Wrong,485,https://voteview.com/rollcall/RH1170485,,1,"This bill would bring financial stability to the Postal Service. First, it eliminates the mandate that the Postal Service pre-fund its retiree health care benefits decades in advance, a requirement asked of no other public or private agency. Second, it adopts private sector best practices by maximizing the integration of postal annuitants into Medicare – a program to which the Postal Service and its workers have contributed over $34 billion. Additionally, the legislation benefits the public by codifying the mandate to provide six-day mail delivery.",house_2022.csv,
2022,House,117,2,2,H.R.,3967,HR3967-117,Honoring Our Promise to Address Comprehensive Toxics (PACT) Act of 2021,passage,2022-03-03,Passed,256,174,Y,Y=Right; N=Wrong,504,https://voteview.com/rollcall/RH1170504,,1,"The PACT Act addresses a number of VA healthcare issues. It extends VA healthcare eligibility to veterans and extends presumptions to conditions relating to burn pit, toxic-exposure and Agent Orange exposure. Veterans will benefit from a simplified eligibility process and VA staff will be able to process their claims without delay. The legislation will improve the ability of VA healthcare staff to provide services for veterans exposed to toxic substances and make long needed investments in the claims process, medical personnel, claims personnel and facilities to improve access to all eligible veterans.",house_2022.csv,
2022,House,117,2,3,H.R.,963,HR963-117,FAIR Act,amendment,2022-03-17,Rejected,184,246,N,Y=Wrong; N=Right,526,https://voteview.com/rollcall/RH1170526,,1,"The AFL-CIO opposed the vote for the Fitzgerald Amendment to the FAIR Act as it was a blatantly anti-union amendment that sought to undermine union workers by voiding their negotiated dispute resolution procedures. Collectively bargained arbitration clauses covering contract disputes pose none of the dangers threatened by “agreements” forced on unrepresented, individual employees by their employers as a condition of employment.",house_2022.csv,
2022,House,117,2,4,H.R.,903,HR903-117,Rights for the Transportation Security Administration Workforce Act,passage,2022-05-12,Passed,220,201,Y,Y=Right; N=Wrong,619,https://voteview.com/rollcall/RH1170619,,1,"The Act would provide TSA officers with the same statutory rights to union representation, due process and fair pay under title 5 of the US code as most other federal workers, including uniformed officers at other Department of Homeland Security agencies.",house_2022.csv,
2022,House,117,2,5,H.R.,7900,HR7900-117,National Defense Authorization Act for Fiscal Year 2023 (Amendment #3),amendment,2022-07-13,Adopted,220,209,Y,Y=Right; N=Wrong,759,https://voteview.com/rollcall/RH1170759,,1,"This amendment establishes a contracting preference for contractors who commit to remaining neutral in organizing campaigns, commit to not break strikes, or who have a collective bargaining agreement.",house_2022.csv,
2022,House,117,2,6,H.R.,7900,HR7900-117,National Defense Authorization Act for Fiscal Year 2023 (Amendment #454),amendment,2022-07-14,Adopted,215,201,Y,Y=Right; N=Wrong,791,https://voteview.com/rollcall/RH1170791,,2,This amendment prohibits the Executive Branch from moving competitive service positions to excepted service without the agreement of Congress and prevents the politicization of civil service jobs.,house_2022.csv,
2022,House,117,2,7,H.R.,4346,HR4346-117,CHIPS and Science Act,passage,2022-07-28,Passed,243,187,Y,Y=Right; N=Wrong,851,https://voteview.com/rollcall/RH1170851,,2,"The CHIPS Act of 2022, which contains $52 billion for investment in domestic semiconductor funding, including $2 billion in funding for production of mature semiconductor technologies in the United States that are necessary to the production of cars, trucks, and agricultural equipment. Passage of this legislation will ensure access to critical technologies, increase national security, and remove impediments and roadblocks to the domestic production of future technologies. The need for this legislation has become apparent with the supply shortages that have plagued domestic production for the past several years.",house_2022.csv,
2022,House,117,2,8,H.R.,5376,HR5376-117,Inflation Reduction Act,passage,2022-08-12,Passed,220,207,Y,Y=Right; N=Wrong,867,https://voteview.com/rollcall/RH1170867,,2,"By making historic investments in domestic energy production and manufacturing, bringing down the cost of prescription drugs and expanding coverage under the Affordable Care Act, this bill offers our country a real chance to build a safer, healthier, and cleaner future. The Inflation Reduction Act will dramatically lower the cost of clean energy, positioning the U.S. to make deep carbon emission reductions, while preserving and creating millions of family supporting jobs, and manufacturing more critical technology here at home. The package also initiates major health care reforms by authorizing Medicare to tackle the skyrocketing cost of prescription drugs and preventing premium hikes for 13 million Americans covered under the Affordable Care Act. Finally, the bill provides much needed reform to our tax system, which has allowed the mega-rich and the biggest corporations to pay far too little for far too long.",house_2022.csv,
2022,House,117,2,9,H.R.,8873,HR8873-117,Presidential Election Reform Act,passage,2022-09-21,Passed,229,203,Y,Y=Right; N=Wrong,896,https://voteview.com/rollcall/RH1170896,"vote_question 'veto override' -> 'passage': the roll call's own question is 'On Passage'. The scorecard's value was inferred from its prose, which the 11 Aug 2026 review measured at ~8% wrong",2,The Presidential Election Reform Act (H.R. 8873) would help prevent another attempted coup following a Presidential election by ensuring that the electoral votes tallied by Congress accurately reflect each state’s public vote for President. It makes clear that the Vice President does not have the power to accept or reject disputes over electors and that state legislatures cannot override the popular vote in their states.,house_2022.csv,
2022,House,117,2,10,H.Con.Res.,119,HCONRES119-117,Rail Workers Sick Leave,passage,2022-11-30,Passed,221,207,Y,Y=Right; N=Wrong,938,https://voteview.com/rollcall/RH1170938,,2,"Unlike many workers, railroad employees are not guaranteed a single paid sick day. This resolution provides for seven days of sick leave for railroad employees. Rail workers are an integral part of the supply chain that makes America's economy run. As essential workers, they showed up day in and day out through the pandemic to keep our country moving forward. They deserve good wages, fair treatment and vital protections like paid sick leave.",house_2022.csv,
2022,House,117,2,11,H.R.,7946,HR7946-117,Veteran Service Recognition Act,passage,2022-12-06,Passed,220,208,Y,Y=Right; N=Wrong,950,https://voteview.com/rollcall/RH1170950,,3,"This bill would provide vital protections for noncitizen veterans who have served our country with honor. The Act puts forth a series of provisions that would help repatriate our military veterans and prevent the unjust and arbitrary deportation of veterans in the future. Rather than leaving noncitizen veterans to navigate our complex immigration system on their own, H.R. 7946 would require U.S. Citizenship and Immigration Services the Department of Defense to facilitate opportunities for recruits and veterans to obtain U.S. citizenship and establish a committee to advise on any case involving the removal of a service member or veteran.",house_2022.csv,
2022,House,117,2,12,H.R.,1948,HR1948-117,VA Employee Fairness Act,passage,2022-12-15,Passed,219,201,Y,Y=Right; N=Wrong,977,https://voteview.com/rollcall/RH1170977,,3,This bill provides the same collective bargaining rights to tens of thousands of frontline employees at the Department of Veterans Affairs who care for our nation’s veterans as other federal employees at the VA.,house_2022.csv,
2022,House,117,2,13,H.R.,2617,HR2617-117,Omnibus Act of 2023,passage,2022-12-23,Passed,225,201,Y,Y=Right; N=Wrong,996,https://voteview.com/rollcall/RH1170996,,3,"This omnibus package provides a much needed increase in non-defense discretionary funding and critical investments in Medicaid, education, children's health and worker protection programs. After nearly 10 years, the National Labor Relations Board (NLRB) will finally receive a desperately needed boost in funding. The bill also includes increased funding for Registered Apprenticeships, projects authorized by the Infrastructure Investment and Jobs Act, and funds to implement the CHIPS and Science Act of 2022. It also includes the Pregnant Workers Fairness Act and supplementary funding for the 9/11 World Trade Center Health Program.",house_2022.csv,
2023,House,118,1,1,H.R.,382,HR382-118,Pandemic is Over Act,passage,2023-01-31,Passed,220,210,N,Y=Wrong; N=Right,99,https://voteview.com/rollcall/RH1180099,,1,"House Republicans were determined to stop the federal government’s response to COVID-19, despite thousands of lives still being lost every week and ongoing strain on health care workers. The bill would curtail important aspects of the government’s response, eliminating access to testing and treatment, and causing millions of Americans to abruptly lose Medicaid coverage.",house_2023.csv,
2023,House,118,1,2,H.J.Res.,30,HJRES30-118,"Congressional Review Act resolution to block the Department of Labor rule relating to “Prudence and Loyalty in Selecting Plan Investments...""",passage,2023-02-28,Passed,216,204,N,Y=Wrong; N=Right,123,https://voteview.com/rollcall/RH1180123,,1,"This resolution would have overturned a Department of Labor (DOL) rule that permits private sector retirement plan trustees to consider environmental, social and governance (ESG) factors when selecting retirement investments. The DOL rule is consistent with trustees’ fiduciary duties because prudent investment requires the consideration of all relevant information which includes ESG factors.",house_2023.csv,
2023,House,118,1,3,H.R.,2811,HR2811-118,"Limit, Save, Grow Act of 2023",passage,2023-04-26,Passed,217,215,N,Y=Wrong; N=Right,198,https://voteview.com/rollcall/RH1180198,,1,"This bill would slash domestic spending by $144 billion, cutting vital programs by up to 22%. The cuts would jeopardize Medicaid coverage for 10 million low-income Americans, eliminate food assistance for millions of families and cancel debt relief for 40 million student borrowers. The plan also would jeopardize funds for veterans’ medical care, clean energy projects, COVID-19 vaccines and public transit subsidies.",house_2023.csv,
2023,House,118,1,4,H.R.,2,HR2-118,Secure the Border Act of 2023,passage,2023-05-11,Passed,219,213,N,Y=Wrong; N=Right,208,https://voteview.com/rollcall/RH1180208,,1,"Rather than uphold humanitarian principles and protect the rights of all workers regardless of immigration status, this punitive immigration bill focuses on deterrence, detention and removal. It would restrict asylum, reduce protections for children, limit relief options, erode due process, allocate funds for a border wall, cut humanitarian program funding, and support detention and deportation.",house_2023.csv,
2023,House,118,1,5,H.R.,1163,HR1163-118,Protecting Taxpayers and Victims of Unemployment Fraud Act,passage,2023-05-11,Passed,230,200,N,Y=Wrong; N=Right,210,https://voteview.com/rollcall/RH1180210,,1,"Rather than targeting intentional fraud, as the Department of Labor Office of Inspector General recommended, this bill would penalize unemployment insurance (UI) recipients for inadvertent errors in program administration. It would suspend the requirement that merit-based public employees administer the UI program for seven years, undermining program stability and expertise.",house_2023.csv,
2023,House,118,1,6,H.J.Res.,45,HJRES45-118,Congressional Review Act resolution to block the Department of Education rule relating to “Waivers and Modifications of Federal Student Loans”,passage,2023-05-24,Passed,218,203,N,Y=Wrong; N=Right,233,https://voteview.com/rollcall/RH1180233,,2,"This resolution aimed at overturning President Biden’s student debt relief program would have denied relief from a broken student loan system to 43 million individuals. Ninety percent of the beneficiaries of Biden’s program earn less than $75,000 a year.",house_2023.csv,
2023,House,118,1,7,H.R.,277,HR277-118,Regulations from the Executive in Need of Scrutiny Act of 2023 (REINS Act),passage,2023-06-14,Passed,221,210,N,Y=Wrong; N=Right,264,https://voteview.com/rollcall/RH1180264,,2,"The REINS Act is an extreme measure jeopardizing federal agencies’ ability to issue important rules that protect workers and the public overall. The bill would mandate congressional approval for all major rules within 70 legislative days, allowing politics, not scientific judgment, to dictate regulatory actions. This legislation is harmful and unnecessary; Congress already has mechanisms to disapprove or block rule implementation without the need for additional, burdensome requirements.",house_2023.csv,
2023,House,118,1,8,H.R.,288,HR288-118,Separation of Powers Restoration Act of 2023,passage,2023-06-15,Passed,220,211,N,Y=Wrong; N=Right,270,https://voteview.com/rollcall/RH1180270,"vote_question 'amendment' -> 'passage': the roll call's own question is 'On Passage'. The scorecard's value was inferred from its prose, which the 11 Aug 2026 review measured at ~8% wrong; result 'Adopted' -> 'Passed', which follows the roll call ('Passed') and the collection's convention for a passage",2,"This bill would undermine the principle of separation of powers, a fundamental element of our government, by upsetting long-standing principles of judicial review of agency interpretation of laws and regulations. It would prevent courts from deferring to agencies’ expert interpretations of ambiguous laws. Instead, it would mandate that courts substitute their own judgment, shifting power to unelected judges and undermining agency expertise. This change could jeopardize public health, safety and financial security.",house_2023.csv,
2023,House,118,1,9,H.R.,3799,HR3799-118,CHOICE Arrangement Act,passage,2023-06-21,Passed,220,209,N,Y=Wrong; N=Right,281,https://voteview.com/rollcall/RH1180281,,2,"This bill would loosen regulation of association health plans, allowing employers to establish plans that fail to provide essential health benefits. It would also allow employers to offer health plans that are not backed by adequate reserves.",house_2023.csv,
2023,House,118,1,10,H.R.,5860,HR5860-118,"Continuing Appropriations Act, 2024 and Other Extensions Act",passage,2023-09-30,Passed,335,91,Y,Y=Right; N=Wrong,512,https://voteview.com/rollcall/RH1180512,,2,"This short-term continuing resolution averted a government shutdown by funding operations until Nov. 17, 2023. It addressed the Republican blockade of bipartisan appropriations bills, extended the Federal Aviation Administration’s authorization and safeguarded pay for federal firefighters. The resolution also extended critical health care programs, preventing hardships for workers, military personnel, air traffic controllers, and beneficiaries of the food assistance programs known as SNAP and WIC.",house_2023.csv,
2024,House,118,2,1,S.J.Res.,38,SJRES38-118,"S.J.Res. 38, Dealing with Buy America Requirements",passage,2024-01-11,Passed,209,198,N,Y=Wrong; N=Right,726,https://voteview.com/rollcall/RH1180726,,1,"This joint resolution nullifies the final rule issued by the Federal Highway Administration titled Waiver of Buy America Requirements for Electric Vehicle Chargers and published on Feb. 21, 2023. The rule temporarily waives the Buy America requirements for steel, iron, manufactured products and construction materials in electric vehicle (EV) chargers.",house_2024.csv,
2024,House,118,2,2,H.J.Res.,98,HJRES98-118,"H.J.Res. 98, Resolution of Disapproval on Joint Employer Rule",passage,2024-01-12,Passed,206,177,N,Y=Wrong; N=Right,728,https://voteview.com/rollcall/RH1180728,"vote_question veto override -> passage: this is the House passing H.J.Res. 98 on 12 Jan 2024, 206-177. The veto override attempt is the separate record #6 of 7 May 2024, which failed 214-191. The scorecard publishes the same description on both records, and it is written for the override, which is what mis-typed this one",1,"The AFL-CIO opposed the vote to overturn the National Labor Relations Board's 2023 Joint Employer Rule. The rule restores a reasonable standard recognizing entities with control over working conditions as joint employers, ensuring compliance with the National Labor Relations Act and protecting workers’ rights to collective bargaining. Overriding the veto would revert to a restrictive Trump-era standard, creating uncertainty and undermining workers' rights without substantiated threats to business models like franchising or staffing services.",house_2024.csv,
2024,House,118,2,3,H.R.,485,HR485-118,"H.R. 485, Dealing with Drug Prices",passage,2024-02-07,Passed,211,208,N,Y=Wrong; N=Right,758,https://voteview.com/rollcall/RH1180758,,1,"H.R. 485 would ban Medicare, Medicaid and other federal programs from using effectiveness data in drug pricing, driving up costs and threatening preventive care funding. Instead of strengthening safeguards against discrimination, it broadly blocks all similar measures, undermining existing protections. The AFL-CIO urged opposition to H.R. 485 to protect fair drug pricing and affordable health care.",house_2024.csv,
2024,House,118,2,4,H.Res.,863,HRES863-118,"H.Res. 863, Dealing with the Impeachment of Secretary Alejandro Mayorkas",passage,2024-02-13,Passed,214,213,N,Y=Wrong; N=Right,761,https://voteview.com/rollcall/RH1180761,,1,"This resolution constituted an unnecessary, costly and politically motivated attempt to impeach Department of Homeland Security Secretary Alejandro Mayorkas, based on partisan politics rather than a high crime or misdemeanor. It prioritized political stunts over addressing the real problems of working people.",house_2024.csv,
2024,House,118,2,5,H.R.,6276,HR6276-118,"H.R. 6276, Dealing with Arbitrary Worksite Requirements for Federal Workers",passage,2024-03-12,Passed,217,203,N,Y=Wrong; N=Right,802,https://voteview.com/rollcall/RH1180802,,2,"This bill requires the Office of Management and Budget (OMB) and the General Services Administration (GSA) to establish methods and technologies to measure federal building usage. Federal agencies must collaborate with GSA to monitor occupancy using sensors and report on actual space utilization. OMB and GSA must ensure a minimum of 60% utilization in public buildings and federally leased spaces annually. A plan for consolidating federal agency headquarters buildings in the National Capital region is also required. Agencies must report occupancy data, and tenants falling below 60% usage for six months must return the space. Agencies with independent leasing authorities must report usage to Congress, and the GAO will monitor costs and occupancy. Buildings with less than 20% utilization must be reported for investigation.",house_2024.csv,
2024,House,118,2,6,H.J.Res.,98,HJRES98-118,"H.J.Res. 98, Resolution of Disapproval on Joint Employer Rule",veto override,2024-05-07,Rejected,214,191,N,Y=Wrong; N=Right,903,https://voteview.com/rollcall/RH1180903,,2,"The AFL-CIO opposed the vote to overturn the National Labor Relations Board's 2023 Joint Employer Rule. The rule restores a reasonable standard recognizing entities with control over working conditions as joint employers, ensuring compliance with the National Labor Relations Act and protecting workers’ rights to collective bargaining. Overriding the veto would revert to a restrictive Trump-era standard, creating uncertainty and undermining workers' rights without substantiated threats to business models like franchising or staffing services.",house_2024.csv,
2024,House,118,2,7,H.R.,7109,HR7109-118,"H.R. 7109, Dealing with Census Questions",passage,2024-05-08,Passed,206,202,N,Y=Wrong; N=Right,911,https://voteview.com/rollcall/RH1180911,,2,This bill requires any questionnaire used in the decennial census to include a checkbox or other similar option for respondents to indicate whether the respondent and each household member is a U.S. citizen. The Department of Commerce must make public the number of citizens and noncitizens in each state. The bill also requires that the statement sent by the president to Congress indicating the number of persons in each state (related to the reapportionment of U.S. representatives) excludes noncitizens.,house_2024.csv,
2024,House,118,2,8,H.R.,3935,HR3935-118,"H.R. 3935, The FAA Reauthorization Act of 2024",passage,2024-05-15,Passed,387,26,Y,Y=Right; N=Wrong,918,https://voteview.com/rollcall/RH1180918,,2,"This bill reauthorizes the Federal Aviation Administration (FAA) through FY 2028, covering such activities as airport planning, facilities, equipment and operations, as well as reauthorizing the National Transportation Safety Board through FY 2028. It directs the FAA to increase air traffic controller hiring targets and establishes a workforce development program to support the education, recruitment and retention of aviation professionals. The bill also creates an FAA ombudsman to address inquiries or objections regarding aircraft certifications, pilot certificates and operational approvals. It raises the commercial airline pilot retirement age to 67, prohibits aircraft dispatchers from working remotely except in emergencies, and requires the Department of Transportation (DOT) to ensure the aircraft boarding and deplaning process is accessible for individuals with disabilities. DOT is also tasked with ensuring young children are seated next to an accompanying adult without additional fees when adjacent seats are available. The bill prohibits the FAA from requiring mask-wearing or COVID-19 vaccines for passengers, air carrier employees or FAA employees. It also requires the FAA to issue rules to update unmanned aircraft (drone) operations, including those beyond the visual line of sight, and to establish certification and operational rules for pilots of powered-lift aircraft capable of vertical takeoff and landing.",house_2024.csv,
2024,House,118,2,10,H.R.,8070,HR8070-118,Perry Amendment #56 to the Servicemember Quality of Life Improvement and National Defense Authorization Act for Fiscal Year 2025,amendment,2024-06-14,Rejected,188,228,N,Y=Wrong; N=Right,994,https://voteview.com/rollcall/RH1180994,,3,"This amendment is part of an effort to undermine official time. Official time permits federal union representatives to fulfill their duties of fair representation regardless of an employee's membership status. Official time also enables federal managers and employee representatives to collaboratively resolve workplace conflict, enhancing government efficiency and productivity.",house_2024.csv,
2024,House,118,2,9,H.R.,8752,HR8752-118,"Rosendale/Mace Amendment #53 to the Department of Homeland Security Appropriations Act, 2025",amendment,2024-06-26,Rejected,189,222,N,Y=Wrong; N=Right,1010,https://voteview.com/rollcall/RH1181010,"date and tally, both copied from the NEIGHBOURING record - the 1988 House 12/14 shape in the web era. The scorecard prints 14 June 2024 and 188-228, which are record #10's figures (the Perry amendment to H.R. 8070, roll 994); H.R. 8752 drew no roll call at all that day, all twelve of its amendment votes falling on 26 June. clerk.house.gov/evs/2024/roll292.xml names clerk 292 - Voteview roll 1010, 26 June 2024 at 189-222 - 'Rosendale of Montana Part C Amendment No. 53', which is this record's own title. Date 2024-06-14 -> 2024-06-26 and tally 188-228 -> 189-222; the printed bill, H.R. 8752, is right after all; date 2024-06-14 -> 2024-06-26 per Voteview roll 1010; tally 188-228 -> 189-222 per Voteview roll 1010",3,"Working people opposed the Part C Rosendale/Mace amendment #53 that would have prohibited funding to be used to carry out the Department of Homeland Security's (DHS's) memorandum titled ""Worksite Enforcement: The Strategy to Protect the American Labor Market, the Conditions of the American Worksite, and the Dignity of the Individual.’’ The DHS worksite enforcement memo aims to support effective enforcement of wage protections, workplace safety, labor rights, and other laws and standards that protect every worker in this country. The enforcement strategies outlined in this memo are key to reining in rampant wage theft, preventing needless workplace fatalities and combating the shameful resurgence of child labor in the 21st century. The practical effect of this amendment would be to allow unscrupulous employers to violate workers’ rights with impunity.",house_2024.csv,
2024,House,118,2,11,H.R.,8752,HR8752-118,"Tiffany Amendment #58 to the Department of Homeland Security Appropriations Act, 2025",amendment,2024-06-26,Rejected,190,222,N,Y=Wrong; N=Right,1013,https://voteview.com/rollcall/RH1181013,,3,"Working people opposed the Part C Tiffany amendments #58 and #59 that would have prohibited the use of funds to extend temporary protected status (TPS) to any national of El Salvador and Honduras, respectively. These amendments would have stripped the rights and status away from hundreds of thousands of long-term members of our workforce, our communities and our unions, causing significant disruption to industries such as hospitality, food processing and construction. TPS is a pro-worker policy tool that provides significant benefits to working families at home and abroad. Country determinations should continue to be made through the process outlined by statute, not through politicized riders.",house_2024.csv,
2024,House,118,2,12,H.R.,8752,HR8752-118,"Tiffany Amendment #59 to the Department of Homeland Security Appropriations Act, 2025",amendment,2024-06-26,Rejected,191,222,N,Y=Wrong; N=Right,1014,https://voteview.com/rollcall/RH1181014,,3,"Working people opposed the Part C Tiffany amendments #58 and #59 that would have prohibited the use of funds to extend temporary protected status (TPS) to any national of El Salvador and Honduras, respectively. These amendments would have stripped the rights and status away from hundreds of thousands of long-term members of our workforce, our communities and our unions, causing significant disruption to industries such as hospitality, food processing and construction. TPS is a pro-worker policy tool that provides significant benefits to working families at home and abroad. Country determinations should continue to be made through the process outlined by statute, not through politicized riders.",house_2024.csv,
2024,House,118,2,13,H.R.,8281,HR8281-118,"H.R. 8281, Dealing with Requiring Proof of Citizenship to Vote",passage,2024-07-10,Passed,221,198,N,Y=Wrong; N=Right,1063,https://voteview.com/rollcall/RH1181063,,4,"The SAVE Act creates unnecessary barriers to voter participation, especially for members of marginalized communities who may struggle to obtain additional layers of documentation. It limits acceptable IDs to passports, excluding others like REAL ID driver's licenses and military IDs unless coupled with additional documentation such as a birth certificate. This places an extreme burden on many Americans, including military personnel, Native Americans, those who have changed their names (particularly women), the elderly, the young and lower-income people.",house_2024.csv,
2024,House,118,2,14,H.J.Res.,165,HJRES165-118,"H.J.Res. 165, Resolution of Disapproval on Nondiscrimination Protections",passage,2024-07-11,Passed,210,205,N,Y=Wrong; N=Right,1072,https://voteview.com/rollcall/RH1181072,,4,"The Department of Education’s final rule is a critical step toward ensuring an education free from sex discrimination. This rule mandates that federally funded schools cannot discriminate based on sex, including against transgender individuals, and requires institutions of higher education to address off-campus sex discrimination affecting the educational environment. It draws on extensive feedback from students, parents, educators and other stakeholders, ensuring it reflects the needs and concerns of the educational community.",house_2024.csv,
2024,House,118,2,15,H.R.,7887,HR7887-118,"H.R. 7887, Dealing with the Hiring Standards of Federal Contractors",passage,2024-07-23,Rejected,178,234,N,Y=Wrong; N=Right,1098,https://voteview.com/rollcall/RH1181098,,4,"Working people did not support the ACCESS Act. Several of our affiliated unions raised significant concerns regarding this legislation. The bill would make it difficult for federal contracting officers to include apprenticeship utilization requirements (or any education requirement) in their solicitations for federal contracts for construction and services. Those in charge of maintenance and construction projects—as complex as a nuclear site cleanup—would be discouraged from seeking out a highly skilled workforce to perform the work. This bill would clear a path for using improperly or insufficiently trained workers on projects. We should encourage apprenticeships and training and skills development with taxpayer dollars, not discourage them at the expense of quality work completion or at the expense of safety for both workers and the public.",house_2024.csv,
2024,House,118,2,16,H.R.,8314,HR8314-118,"H.R. 8314, No Foreign Election Interference Act",passage,2024-09-17,Rejected,218,181,N,Y=Wrong; N=Right,1136,https://voteview.com/rollcall/RH1181136,,4,"We are in total agreement that foreign actors should not be permitted to influence our elections, but the bill’s approach to dealing with this issue and ambiguities in its provisions may lead to a slew of unintended, harmful consequences for U.S. citizens and their ability to fully engage the political process.",house_2024.csv,
2024,House,118,2,17,H.R.,5339,HR5339-118,"H.R. 5339, Dealing with the Responsibilities of Fiduciaries and Retirement Funds to Their Clients",passage,2024-09-18,Passed,217,206,N,Y=Wrong; N=Right,1145,https://voteview.com/rollcall/RH1181145,,4,"Attempts to block retirement plans from considering environmental, social and governance (""ESG"") principles would have deep impacts on retirees. ESGs are critical factors in assessing and mitigating risks and creating opportunities for enhanced returns.",house_2024.csv,
2024,House,118,2,18,H.R.,5717,HR5717-118,"H.R. 5717, Dealing with Federal Funding for States and Localities",passage,2024-09-20,Passed,219,186,N,Y=Wrong; N=Right,1155,https://voteview.com/rollcall/RH1181155,,5,"Immigration enforcement is important, but singlemindedly prioritizing it over public safety and other law enforcement, as this bill does, is a terrible mistake. Despite being promoted as a vehicle to reduce crime, this bill would have quite the opposite effect. Put simply, when working people fear immigration consequences for engaging with local authorities, they are less likely to report crimes. In just one alarming illustration of the far-reaching consequences of this approach, a recent study of counties that actively cooperate with federal immigration enforcement documented a nearly 50% drop in reporting of workplace health and safety violations in key industries, and a corresponding increase in workplace injuries by roughly 24%. Clearly, when we allow conditions in which workers are afraid to file claims, we endanger workers physically and deepen the risk of other such workplace crimes as wage theft, discrimination and sexual harassment, which already are far too common.",house_2024.csv,
2024,House,118,2,19,H.R.,82,HR82-118,"H.R. 82, Social Security Fairness Act of 2023",passage,2024-11-12,Passed,327,75,Y,Y=Right; N=Wrong,1174,https://voteview.com/rollcall/RH1181174,,5,"The Windfall Elimination Provision (WEP) penalizes retirees who have spent their career in public service but who also have paid into Social Security at some point while working in the private sector. Although these retirees do not expect to receive Social Security benefits for their years of public sector service for which they did not pay FICA tax, it is not fair that their Social Security benefits for their private sector work—or for the private sector work of their spouses—are reduced as a result of a 1983 change in federal law intended to address the false perception that such federal retirees were “double dipping.” These provisions are grossly unfair as the Social Security benefits of private sector workers are not reduced if they receive benefits from private pension plans. These federal retirees have earned their Social Security benefits and should receive them. Together, the WEP-Government Pension Offset (GPO) provisions adversely affect approximately 25% of public sector workers. According to 2022 data, more than 2 million Social Security beneficiaries are affected by the WEP, and almost three-quarters of a million beneficiaries had spousal or widow(er) benefits reduced by the GPO.",house_2024.csv,
2024,House,118,2,20,H.R.,5342,HR5342-118,"H.R. 5342, Equal Treatment of Public Servants Act of 2023",passage,2024-11-12,Rejected,175,225,N,Y=Wrong; N=Right,1175,https://voteview.com/rollcall/RH1181175,,5,"Working people opposed the Equal Treatment of Public Servants Act of 2023, which would improve benefits for some Windfall Elimination Provision (WEP)-affected people in the short term but would, in the future, expose about a half-million new people to WEP. It also would do nothing to address the spouses and survivors whose benefits are reduced by the Government Pension Offset provisions, either now or in the future.",house_2024.csv,
2024,House,118,2,21,H.R.,9495,HR9495-118,"H.R. 9495, Dealing with Tax Exemptions for Nonprofit Organizations",passage,2024-11-21,Passed,219,184,N,Y=Wrong; N=Right,1195,https://voteview.com/rollcall/RH1181195,,5,"The ability to revoke tax-exempt status and thereby hamstring or put out of commission any nonprofit organization based on accusations without evidence or without a fair hearing would set a dangerous precedent, allowing the government to stifle dissent and for officeholders to punish critics, chilling freedom of speech and association. It is through the exercise of these freedoms that working people organize, collectively bargain and petition their government. It is precisely at a time when the incoming president-elect has identified various American citizens and American institutions as “enemies of the people” or “enemies from within” that Congress should be especially circumspect about expanding executive power, especially power that lacks real due process for Americans and their organizations, including their unions.",house_2024.csv,
2024,House,118,2,22,H.R.,7198,HR7198-118,"H.R. 7198, Dealing with the Regulatory Process",passage,2024-12-05,Passed,208,196,N,Y=Wrong; N=Right,1207,https://voteview.com/rollcall/RH1181207,,6,"Under a slew of existing laws, the rulemaking process generally requires notice, public comments, studies and cost-benefit analyses. It already takes into special account the effects any proposed rule might have on small businesses and other small entities. Under the existing Regulatory Flexibility Act, an agency must either certify that a proposed rule will not have a significant economic impact on a substantial number of small entities, or conduct both an initial and a final regulatory flexibility analysis, along with periodic reviews of its impact on an ongoing basis. In other words, the law is already very rigorous and comprehensive in minimizing impacts of rulemakings on small businesses. But after a lifesaving workplace safety rule clears all these existing hurdles, after all the public comment, the studies, the expert analyses, the reviews and so on, H.R. 7198 would invest in one person—the chief counsel of a Small Business Administration (SBA) office—the authority to roll back the rule whenever trade associations representing giant corporations file a petition challenging an agency’s certification that a regulatory flexibility analysis was not required.",house_2024.csv,
2025,House,119,1,1,H.R.,77,HR77-119,"H.R. 77, the Midnight Rules Relief Act.",passage,2025-02-12,Passed,212,208,N,Y=Wrong; N=Right,40,https://voteview.com/rollcall/RH1190040,,1,Working people opposed this bill that would allow the federal government to overturn worker protections without input from the public.,house_2025.csv,
2025,House,119,1,2,,,,Letter to President Trump demanding reinstatement of NLRB Member Gwynn Wilcox,,2025-02-13,Rejected,215,209,N,Y=Wrong; N=Right,,https://aflcio.org/scorecard/votes/2025/house/letter-president-trump-demanding-reinstatement-nlrb-member-gwynn-wilcox,"not a roll call: a letter to President Trump about the Wilcox firing; aflcio_position N, not Y: the AFL-CIO supported this letter, but the record's own text states that ""a 'no' vote indicates the person signed the letter"", so a nay is the scored-right vote. The scorecard's ""Bad for working people"" tag encodes that inversion rather than contradicting the prose. The record is a letter, not a roll call, so it carries no vote_question and the card says to ""disregard the notation on whether this measure passed""",1,"Working people supported this letter to President Trump protesting his firing of National Labor Relations Board Member Gwynn Wilcox, as the firing destroyed the Board's quorum and undermined its independence and workers' access to justice, and demanding her reinstatement. ( Because this system is designed for votes, and this measure is a letter rather than a vote, please note the following: (1) a ""no"" vote indicates the person signed the letter protesting the firing of Wilcox, and (2) disregard the notation on whether this measure passed or did not pass, as it was a letter not a bill. )",house_2025.csv,
2025,House,119,1,3,H.R.,1526,HR1526-119,"H.R. 1526, The No Rogue Ruling Act (“NORRA”)",passage,2025-04-09,Passed,219,213,N,Y=Wrong; N=Right,97,https://voteview.com/rollcall/RH1190097,,1,Working people opposed this bill that would restrict restitution and legal access for federal workers who were unlawfully fired.,house_2025.csv,
2025,House,119,1,4,H.Con.Res.,14,HCONRES14-119,"H.Con.Res.14, House Fiscal Year 2025 Budget Resolution",budget resolution,2025-04-10,Passed,216,214,N,Y=Wrong; N=Right,99,https://voteview.com/rollcall/RH1190099,,1,Working people opposed this budget bill that would cut funding for critical services that hardworking taxpayers depend upon.,house_2025.csv,
2025,House,119,1,5,H.R.,22,HR22-119,"H.R. 22, The Safeguard American Voter Eligibility (SAVE) Act",passage,2025-04-10,Passed,220,208,N,Y=Wrong; N=Right,101,https://voteview.com/rollcall/RH1190101,,1,Working people opposed this bill that would create duplicative and burdensome barriers for Americans to access their constitutiuonal right to vote.,house_2025.csv,
2025,House,119,1,6,H.R.,1,HR1-119,"H.R. 1, One Big Beautiful Bill Act",passage,2025-05-22,Passed,215,214,N,Y=Wrong; N=Right,144,https://voteview.com/rollcall/RH1190144,,2,"Working people opposed this bill that would enact devastating cuts to Medicaid, SNAP, and other important social safety programs to provide tax-cuts to the rich.",house_2025.csv,
2025,House,119,1,7,H.R.,4,HR4-119,"H.R. 4, Rescissions Act of 2025",passage,2025-06-12,Passed,214,212,N,Y=Wrong; N=Right,167,https://voteview.com/rollcall/RH1190167,,2,Working people opposed this bill that would gut foreign assistance programs and eliminating all federal support for public broadcasting.,house_2025.csv,
2025,House,119,1,8,H.R.,1,HR1-119,"H.R. 1, One Big Beautiful Bill Act, Cruz Amendment",passage,2025-07-03,Passed,218,214,N,Y=Wrong; N=Right,189,https://voteview.com/rollcall/RH1190189,"vote_question amendment -> passage: Voteview roll 189 of the 119th is 'On Motion to Concur in the Senate Amendment' on H.R. 1, which is the House's final disposition of the bill, and 218-214 occurs exactly once in the whole Congress. The scorecard heads the record 'Cruz Amendment' and describes the AI-preemption amendment, which is what produced `amendment` - that amendment was struck in the SENATE 99-1 and drew no House roll call at all, so the prose and the roll call describe different things and the roll call governs the fields while rule 1 keeps the scorecard's words",2,Working people opposed this amendment that would ban State and local laws that protect their communities from the dangers of unsafe and unethical use of artificial intelligence (AI).,house_2025.csv,
2025,House,119,1,9,H.R.,3633,HR3633-119,"H.R. 3633, Digital Asset Market Clarity Act of 2025",passage,2025-07-17,Passed,294,134,N,Y=Wrong; N=Right,198,https://voteview.com/rollcall/RH1190198,,2,Working people opposed this bill that would enable the crypto industry to operate without effective oversight and endanger hard-earned retirement benefits.,house_2025.csv,
2025,House,119,1,10,H.Res.,590,HRES590-119,"H.R. 4, Rescissions Act of 2025",rule,2025-07-18,Adopted,216,213,N,Y=Wrong; N=Right,202,https://voteview.com/rollcall/RH1190202,"vote_question passage -> rule, applying the change the rest of this note already declares. H.Res. 590 is a SPECIAL RULE, and 2008 House 5 - H.Res. 1092, whose Voteview description opens with the same words - stores `rule`, as does record 11 of this same card. The result follows to `Adopted` by the convention for a rule; the vote is on the SELF-EXECUTING RULE, and that is not a defect. The House passed H.R. 4 on 12 June 2025 (roll 167, 214-212 - this card's own record #7); the Senate amended it and passed it 51-48 on 17 July (roll 411); and the House then had to agree to the Senate amendment. It never took a separate vote on it: H.Res. 590, 'Relating to consideration of the Senate amendment to the bill (H.R. 4)', was self-executing, so adopting it deemed the amendment agreed to. The proof is that the Clerk's numbering has NO GAP - clerk.house.gov/evs/2025/roll202.xml, roll203.xml and roll204.xml run 202 (previous question, 17 July), 203 (On Agreeing to the Resolution, 18 July, 216-213) and 204 (an H.R. 4016 amendment) consecutively - so Voteview is not missing a roll call, there simply is not one. Roll 202 (clerk 203) at 216-213 on 18 July is the record's own date and tally exactly. bill_number follows the roll call to H.Res. 590 and vote_question to `rule`, on the 2000 Senate 7 precedent; the scorecard's own words keep H.R. 4; bill number: the scorecard prints H.R. 4; roll 202 is on H.Res. 590. bill_number follows the roll call and the description keeps the scorecard's words",2,Working people opposed this bill that would gut foreign assistance programs and eliminating federal support for public broadcasting.,house_2025.csv,
2025,House,119,1,11,H.Res.,936,HRES936-119,"H.Res. 936, Rule for National Defense Authorization Act for Fiscal Year 2026",rule,2025-12-10,Adopted,215,211,N,Y=Wrong; N=Right,317,https://voteview.com/rollcall/RH1190317,,2,Working people opposed this rule that fails to restore collective bargaining rights for federal workers at the Department of Defense after this provision was originally included in the legislation.,house_2025.csv,
2025,House,119,1,12,H.R.,2550,HR2550-119,"H.R. 2550, Protecting America's Workforce Act",passage,2025-12-11,Passed,231,195,Y,Y=Right; N=Wrong,331,https://voteview.com/rollcall/RH1190331,,3,Working people supported this bill that restores the collective bargaining rights of over a million federal workers.,house_2025.csv,
2025,House,119,1,13,H.R.,6703,HR6703-119,"H.R. 6703, Lower Health Care Premiums for All Americans Act",passage,2025-12-17,Passed,216,211,N,Y=Wrong; N=Right,348,https://voteview.com/rollcall/RH1190348,"match not forced by the (date, tally) key alone; the rivals were separated by the measure the scorecard prints, which for this block is a typeset field off the scorecard PDF rather than an inference; vote_question 'amendment' -> 'passage': the roll call's own question is 'On Passage'. The scorecard's value was inferred from its prose, which the 11 Aug 2026 review measured at ~8% wrong; result 'Adopted' -> 'Passed', which follows the roll call ('Passed') and the collection's convention for a passage",3,Working people opposed this bill because it promoted substandard health coverage for working families as a substitute for Affordable Care Act tax credits that would have cut premium costs in half for 20 million Americans.,house_2025.csv,
