year,chamber,congress,session,aflcio_num,bill_type,bill_number,bill_id,bill_title,vote_question,date,result,yea_total,nay_total,aflcio_position,aflcio_label,voteview_rollnumber,voteview_url,corrections,source_page,aflcio_description,source_csv,also_scored_in
1967,Senate,90,1,1,S.Res.,6,SRES6-90,Filibuster Rule,cloture,1967-01-24,Rejected,53,46,Y,Y=Right; N=Wrong,3,https://voteview.com/rollcall/RS0900003,,4,"The Senate's Rule 22 requires a two-thirds vote to stop a filibuster. Because of this, the Senate has been unable to act on repeal of Taft-Hartley's Sec. 14(b) and major civil rights bills. The filibuster has also been used to block any change in the rule. On Jan. 24, 1967, the Senate voted 53-46 for Majority Leader Mansfield's motion to close debate on the rules change, but it was defeated for lack of a two-thirds margin. Yea - right. Nay - wrong.",senate_1967.csv,senate_1968.csv#1
1967,Senate,90,1,2,S.J.Res.,81,SJRES81-90,Compulsory Arbitration,amendment,1967-06-07,Rejected,23,59,Y,Y=Right; N=Wrong,99,https://voteview.com/rollcall/RS0900099,,4,"Sen. Ralph Yarborough sought to balance the compulsory arbitration bill by an amendment impounding 10 percent of the railroads' profits during the period in which rail workers were prohibited from striking - thus creating an incentive for a voluntary settlement of the dispute. The amendment was rejected, 23-59, on June 7, 1967. Yea - right. Nay - wrong.",senate_1967.csv,senate_1968.csv#2
1967,Senate,90,1,3,H.R.,2508,HR2508-90,Congressional Redistricting,amendment,1967-06-08,Adopted,44,39,Y,Y=Right; N=Wrong,102,https://voteview.com/rollcall/RS0900102,,4,"A House-passed bill would have allowed states to evade one man-one vote standards for congressional districts until 1972. An amendment by Sen. Edward Kennedy (D-Mass.) strengthened the bill by limiting the population variation to no more than 10 percent, beginning with 1968 elections, and barring gerrymandering. It was adopted, 44-39, on June 8, 1967. Yea - right. Nay - wrong.",senate_1967.csv,senate_1968.csv#3
1967,Senate,90,1,4,H.R.,10196,HR10196-90,Teachers Corps,amendment,1967-08-02,Rejected,43,45,Y,Y=Right; N=Wrong,142,https://voteview.com/rollcall/RS0900142,,4,"The Teachers Corps sends trained teaching teams to poverty areas where educational needs are greatest. An amendment by Sen. Morse (D-Ore.) to raise its appropriations from $18 million to the $33 million asked by Pres. Johnson was rejected, 43-45, on Aug. 2, 1967. Yea - right. Nay - wrong.",senate_1967.csv,
1967,Senate,90,1,5,S.,1872,S1872-90,Alliance for Progress,amendment,1967-08-17,Rejected,38,53,Y,Y=Right; N=Wrong,161,https://voteview.com/rollcall/RS0900161,,4,"An amendment by Sen. Robert Kennedy (D-N.Y.) to authorize an additional $72 million for the Alliance for Progress would have helped the growth of democratic trade unions in Latin America through additional support for the programs of the American Institute for Free Labor Development. It was rejected, 38-53, on Aug. 17, 1967. Yea - right. Nay - wrong.",senate_1967.csv,
1967,Senate,90,1,6,S.,1688,S1688-90,Foreign Aid,amendment,1967-08-24,Rejected,38,41,N,Y=Wrong; N=Right,174,https://voteview.com/rollcall/RS0900174,,4,"A 21-nation agreement was jeopardized when Sen. Lausche (D-Ohio) sought to cut $150 million from increased special project funds for the Inter-American Bank, designed to raise living standards and strengthen Latin American economies. The Lausche amendment was rejected, 38-41, on Aug. 24, 1967. Yea - wrong. Nay - right.",senate_1967.csv,
1967,Senate,90,1,7,S.,1880,S1880-90,Election Reform,amendment,1967-09-11,Rejected,19,46,N,Y=Wrong; N=Right,179,https://voteview.com/rollcall/RS0900179,,4,"An amendment by Sen. Williams (R-Del.) to an election reform bill was aimed at the AFL-CIO Committee on Political Education. It would have prevented COPE from giving dollars voluntarily contributed by union members to endorsed candidates for Congress. The amendment was rejected, 19-46, on Sept. 11, 1967. Yea - wrong. Nay - right.",senate_1967.csv,senate_1968.csv#4
1967,Senate,90,1,8,H.R.,9960,HR9960-90,Rent Supplements,amendment,1967-09-20,Rejected,33,56,N,Y=Wrong; N=Right,195,https://voteview.com/rollcall/RS0900195,"tally 34-55 -> 33-56 per Voteview roll 195; one vote is on the wrong side of the dash, the total being 89 either way. The 1968 report prints the same wrong tally for the same roll call",4,"Funds for rent supplements, to help poor families live in decent housing, would have been cut in half under an amendment proposed by Sen. Lausche (D-Ohio). It was rejected, 34-55, on Sept. 20, 1967. Yea - wrong. Nay - right.",senate_1967.csv,senate_1968.csv#9
1967,Senate,90,1,9,S.,2388,S2388-90,War on Poverty-Jobs,amendment,1967-10-04,Rejected,42,47,Y,Y=Right; N=Wrong,207,https://voteview.com/rollcall/RS0900207,,4,"A labor-supported proposal by Sen. Prouty (R-Vt.) would have set up a one-year, $925 million emergency job program - a step in the direction of the large-scale job program urged by the AFL-CIO and the Urban Coalition. It was rejected, 42-47, on Oct. 4, 1967. Yea - right. Nay - wrong.",senate_1967.csv,senate_1968.csv#10
1967,Senate,90,1,10,S.,2388,S2388-90,Poverty - Farm Workers,amendment,1967-10-04,Rejected,41,45,N,Y=Wrong; N=Right,210,https://voteview.com/rollcall/RS0900210,,4,"Big California growers wanted Gov. Reagan to be able to veto community anti-poverty programs assisting migrant workers which might aid farm workers' organizing efforts. An amendment by Sen. Murphy (R-Calif.) to accomplish this was rejected, 41-45, on Oct. 4, 1967. Yea - wrong. Nay - right.",senate_1967.csv,
1967,Senate,90,1,11,S.,2388,S2388-90,War on Poverty - Funding,amendment,1967-10-05,Rejected,36,50,N,Y=Wrong; N=Right,212,https://voteview.com/rollcall/RS0900212,,4,"Sen. Williams (R-Del.) sought to cut $198 million from the anti-poverty bill in the Senate. His amendment was rejected, 36-50, on Oct. 5, 1967. Yea - wrong. Nay - right.",senate_1967.csv,
1967,Senate,90,1,12,H.R.,12080,HR12080-90,Social Security,amendment,1967-11-21,Rejected,22,58,N,Y=Wrong; N=Right,262,https://voteview.com/rollcall/RS0900262,,4,"The Senate social security bill was greatly superior to the House-passed bill. An amendment by Sen. Curtis (R-Neb.) would have reduced benefits to the level of the House bill. It was rejected, 22-58, on Nov. 21, 1967. Yea - wrong. Nay - right.",senate_1967.csv,senate_1968.csv#5
1968,Senate,90,1,6,H.R.,7819,HR7819-90,Aid to Education,amendment,1967-12-11,Rejected,35,38,N,Y=Wrong; N=Right,301,https://voteview.com/rollcall/RS0900301,,4,"A ""states' rights"" amendment to give control of federal school funds to state boards of education was rejected, 35-38, on Dec. 11, 1967. For - wrong; Against - right.",senate_1968.csv,
1968,Senate,90,2,7,H.R.,2516,HR2516-90,Civil Rights,cloture,1968-03-04,Agreed to,65,32,Y,Y=Right; N=Wrong,323,https://voteview.com/rollcall/RS0900323,,4,"A filibuster against the fair housing civil rights bill was broken when a motion to limit debate received the necessary two-thirds majority. The vote to end the filibuster was 65-32, on Mar. 4, 1968. For - right; Against - wrong.",senate_1968.csv,
1968,Senate,90,2,11,H.R.,15399,HR15399-90,Head Start,amendment,1968-03-11,Adopted,42,42,Y,Y=Right; N=Wrong,347,https://voteview.com/rollcall/RS0900347,"tally 43-42 -> 42-42 per Voteview roll 347; the card's figure counts Vice Pres. Humphrey's tie-breaking vote, which its own sentence names, and Voteview counts senators only",4,"Pre-school children have been helped to overcome poverty handicaps through the Head Start program. An amendment by Sen. Clark (D-Pa.) to appropriate $25 million for Head Start was approved, 43-42, on Mar. 11, 1968 - after Vice Pres. Humphrey cast the tie-breaking vote. For - right; Against - wrong.",senate_1968.csv,
1968,Senate,90,2,8,H.R.,15414,HR15414-90,Runaway Shops,amendment,1968-03-28,Adopted,50,32,Y,Y=Right; N=Wrong,376,https://voteview.com/rollcall/RS0900376,,4,"Many cities have used tax-exempt industrial bonds to finance plants as a lure to runaway industry - along with low wages and a non-union workforce. The Senate on Mar. 28, 1968, voted 50-32 to end this tax exemption. For - right; Against - wrong.",senate_1968.csv,
1968,Senate,90,2,12,H.R.,15399,HR15399-90,Anti-Poverty Funds,conference report,1968-04-10,Rejected,24,54,N,Y=Wrong; N=Right,391,https://voteview.com/rollcall/RS0900391,,4,"A House-Senate conference committee recommended knocking out $75 million for the 1968 summer youth manpower training programs and $25 million from Head Start. The conference report was rejected, 24-54, on Apr. 10, 1968. For - wrong; Against - right.",senate_1968.csv,
1969,Senate,91,1,1,S.Res.,11,SRES11-91,Filibuster Rule,motion,1969-01-16,Rejected,45,53,Y,Y=Right; N=Wrong,5,https://voteview.com/rollcall/RS0910005,tally 53-45 -> 45-53 per Voteview roll 5; the card prints a defeated proposal's tally majority-first,4,"The Senate muffed a chance to change its filibuster rule at the start of the 91st Congress. Shortly before he left office, Vice Pres. Humphrey ruled that only a majority vote was needed to act on a change in the Senate's rules at the start of a new Congress. If the Senate had sustained this ruling when it was appealed, the power of a minority to keep the majority from acting on legislation could have been curbed. But on Jan. 16, 1969, the Senate refused to sustain Humphrey's ruling by a 53-45 vote. For - right. Against - wrong.",senate_1969.csv,senate_1970.csv#1
1969,Senate,91,1,2,S.,2547,S2547-91,Food Stamps,substitute,1969-09-24,Adopted,54,40,Y,Y=Right; N=Wrong,84,https://voteview.com/rollcall/RS0910084,,4,"Millions of poor Americans are ill-fed. A proposal by Sen. McGovern (D-S.D.) called for free food stamps for families with monthly incomes under $60 and authorized $1.25 billion for this program for fiscal 1970. The proposal was accepted 54-40, Sept. 24, 1969. For - right. Against - wrong.",senate_1969.csv,
1969,Senate,91,1,3,S.,3016,S3016-91,Poverty-Legal Services,amendment,1969-10-14,Adopted,45,40,N,Y=Wrong; N=Right,102,https://voteview.com/rollcall/RS0910102,,4,"Conservatives opposed to the war on poverty sought to give governors absolute veto power over legal services projects for the poor. A proposal by Sen. Murphy (R-Calif.) to this effect was approved 45-40, Oct. 14, 1969. For - wrong. Against - right. (Murphy's amendment was later knocked out of the final bill.)",senate_1969.csv,senate_1970.csv#2
1969,Senate,91,1,6,H.R.,12307,HR12307-91,Money for Cities,amendment,1969-11-10,Rejected,34,36,Y,Y=Right; N=Wrong,126,https://voteview.com/rollcall/RS0910126,tally 36-34 -> 34-36 per Voteview roll 126; the card prints a defeated proposal's tally majority-first,4,"Many progressive programs have suffered deep fund cuts during 1969, among them programs to aid our choked, blighted cities. Sen. Hart (D-Mich.) tried to increase appropriations for urban renewal by $587.5 million. His proposal was rejected 36-34, Nov. 10, 1969. For - right. Against - wrong.",senate_1969.csv,senate_1970.csv#6
1969,Senate,91,1,7,,,,Haynsworth Nomination,confirmation,1969-11-21,Rejected,45,55,N,Y=Wrong; N=Right,135,https://voteview.com/rollcall/RS0910135,"tally 55-45 -> 45-55 per Voteview roll 135; the card prints a defeated proposal's tally majority-first. Date Nov. 21, 1969 kept against Voteview's 1969-11-13: senate.gov's Supreme Court nominations table and this newspaper's own report of the vote both give Nov. 21, a Friday",4,"A consistent pattern of anti-union decisions, hostility to civil rights progress and gross insensitivity to conflicts of interest led the AFL-CIO and civil rights groups to oppose Pres. Nixon's nomination of Judge Clement F. Haynsworth, Jr., to the Supreme Court. On Nov. 21, 1969, the Senate rejected the nomination by a 55-45 vote. For - wrong. Against - right.",senate_1969.csv,senate_1970.csv#7
1969,Senate,91,1,8,H.R.,13270,HR13270-91,Tax Reform - Exemptions,substitute,1969-12-03,Adopted,58,37,Y,Y=Right; N=Wrong,146,https://voteview.com/rollcall/RS0910146,,4,"The $600 personal income tax exemption has been long outdated and is obviously inadequate. As a major measure of tax reform - one of the biggest issues in Congress and the nation - Sen. Gore (D-Tenn.) proposed increasing the personal exemption to $800. The Senate approved the Gore amendment 58-37, Dec. 3, 1969. For - right. Against - wrong. (The final bill changed this to a three-step increase to $750.)",senate_1969.csv,senate_1970.csv#9
1969,Senate,91,1,9,H.R.,13270,HR13270-91,Tax Reform - Voter Registration,amendment,1969-12-04,Adopted,52,36,Y,Y=Right; N=Wrong,150,https://voteview.com/rollcall/RS0910150,"tally 53-35 -> 52-36 per Voteview roll 150; one vote is on the wrong side of the dash, the total being 88 either way",4,"Some tax-exempt foundations help to finance voter registration activity, particularly among the rural and urban poor. They can continue to do so, for non-partisan registration drives carried on in two or more states, thanks to an amendment by Sen. Yarborough (D-Tex.). It was approved 53-35, Dec. 4, 1969. For - right. Against - wrong.",senate_1969.csv,
1969,Senate,91,1,10,H.R.,13270,HR13270-91,Tax Reform - Minimum Tax,amendment,1969-12-06,Rejected,24,52,Y,Y=Right; N=Wrong,165,https://voteview.com/rollcall/RS0910165,tally 52-24 -> 24-52 per Voteview roll 165; the card prints a defeated proposal's tally majority-first,4,"For years, many wealthy individuals have ducked taxation entirely or, by using various tax loopholes, have paid absurdly little. Sen. Kennedy (D-Mass.) proposed a four-bracket graduated minimum tax to get a fair share of these escaping dollars in place of the inadequate five percent minimum tax approved by the Senate Finance Committee. However, the Kennedy proposal was rejected 52-24, Dec. 6, 1969. For - right. Against - wrong.",senate_1969.csv,
1969,Senate,91,1,11,H.R.,13270,HR13270-91,The Anti-COPE Amendment,amendment,1969-12-08,Rejected,27,59,N,Y=Wrong; N=Right,171,https://voteview.com/rollcall/RS0910171,tally 59-27 -> 27-59 per Voteview roll 171; the card prints a defeated proposal's tally majority-first,4,"Prompted by the National Right to Work Committee, Sen. Fannin (R-Ariz.) introduced an amendment to the tax bill to deny tax exemptions to presently exempt organizations which engage in political activities, even non-partisan registration drives. The Fannin proposal was aimed squarely at the labor movement. The amendment was rejected 59-27, Dec. 8, 1969. For - wrong. Against - right.",senate_1969.csv,senate_1970.csv#10
1969,Senate,91,1,4,H.R.,13111,HR13111-91,Poverty - Funding,amendment,1969-12-16,Adopted,60,32,Y,Y=Right; N=Wrong,218,https://voteview.com/rollcall/RS0910218,,4,"Congressional conservatives have steadily chipped away at funding for the war on poverty, reducing the effectiveness of its programs. An amendment by Sen. Nelson (D-Wis.), adding $400 million to the amount the Appropriations Committee had recommended, was approved 60-32, Dec. 16, 1969. For - right. Against - wrong.",senate_1969.csv,
1969,Senate,91,1,5,H.R.,13111,HR13111-91,School Desegregation,amendment,1969-12-17,Adopted,52,37,Y,Y=Right; N=Wrong,220,https://voteview.com/rollcall/RS0910220,,4,"The House passed an amendment to prevent cutting federal funds to school districts refusing to desegregate. Despite Supreme Court decisions, the House plan said federal funds could not be denied school districts permitting so-called ""freedom of choice"" plans. Sen. Scott (R-Pa.) proposed an amendment to nullify the House action, and the Senate approved it, 52-37, Dec. 17, 1969. For - right. Against - wrong. (The House subsequently concurred. See House vote No. 9.)",senate_1969.csv,senate_1970.csv#4
1970,Senate,91,2,3,S.,2548,S2548-91,Child Nutrition,motion,1970-02-24,Rejected,39,42,N,Y=Wrong; N=Right,296,https://voteview.com/rollcall/RS0910296,,4,"A proposal by Sen. Javits (R-N.Y.) was approved to provide free school lunches to children from families with incomes of less than $4,000. A move to reconsider the vote and give opponents a chance to kill the proposal was rejected, Feb. 24, 1970, 39-42. For - wrong. Against - right.",senate_1970.csv,
1970,Senate,91,2,5,H.R.,4249,HR4249-91,Voting Rights,motion to table,1970-03-05,Rejected,32,47,N,Y=Wrong; N=Right,320,https://voteview.com/rollcall/RS0910320,,4,"Sen. Hruska (R-Neb.) carried the ball for Nixon Administration efforts to water down the 1965 Voting Rights Act in the Senate. He moved to table, thus kill, a proposal to extend the present act for five years. Hruska's motion was defeated Mar. 5, 1970, 32-47. For - wrong. Against right.",senate_1970.csv,
1970,Senate,91,2,11,H.R.,14705,HR14705-91,Farm Workers' Jobless Aid,amendment,1970-04-07,Adopted,42,36,Y,Y=Right; N=Wrong,355,https://voteview.com/rollcall/RS0910355,,4,"A proposal by Sen. Mondale (D-Minn.) to provide unemployment insurance coverage for migrant farm workers was approved Apr. 7, 1970, 42-36. For - Right. Against - wrong. (Subsequent House action knocked out coverage for any farm workers.)",senate_1970.csv,
1970,Senate,91,2,8,,,,Carswell Nomination,confirmation,1970-04-08,Rejected,45,51,N,Y=Wrong; N=Right,357,https://voteview.com/rollcall/RS0910357,"tally 51-45 -> 45-51 per Voteview roll 357; the card prints a defeated proposal's tally majority-first. Date Apr. 8, 1970 kept against Voteview's 1970-04-07: senate.gov's Supreme Court nominations table and this newspaper's own report of the vote, printed with the full roll of names, both give Apr. 8",4,"Following the rejection of Judge Haynsworth's nomination, Pres. Nixon submitted the name of G. Harrold Carswell as his nominee to the Supreme Court. Like Haynsworth, Carswell had a long record of insensitivity to human rights progress. He was judged a mediocrity by many legal experts and jurists. His nomination was rejected Apr. 8, 1970, 51-45. For - wrong. Against - right.",senate_1970.csv,
1970,Senate,91,2,13,H.R.,11102,HR11102-91,Hospital Construction,veto override,1970-06-30,Passed,76,19,Y,Y=Right; N=Wrong,427,https://voteview.com/rollcall/RS0910427,,4,"Pres. Nixon's veto of urgently-needed hospital construction and modernization funds was overridden June 30, 1970, 76-19. For - right. Against - wrong.",senate_1970.csv,
1970,Senate,91,2,12,S.,3842,S3842-91,Postal Service Open Shop,amendment,1970-06-30,Adopted,52,38,Y,Y=Right; N=Wrong,430,https://voteview.com/rollcall/RS0910430,,4,"A motion by Sen. Javits (R-N.Y.) to delete the open shop provision in the House version of the postal reform measure so postal employes could be protected by union security agreements was approved June 30, 1970, 52-38. For - right. Against - wrong. (House conservatives subsequently succeeded in barring a union shop.)",senate_1970.csv,
1971,Senate,92,1,5,S.Res.,9,SRES9-92,Filibuster Rule,cloture,1971-03-09,Rejected,55,39,Y,Y=Right; N=Wrong,9,https://voteview.com/rollcall/RS0920009,,4,The Senate again failed to muster a two-thirds vote to stop a filibuster that has prevented action on a motion to change the Senate rules so that it would only require a three-fifths vote to limit debate and break a filibuster. The majority for invoking cloture and bringing the rules reform to a vote was 55-39 on Mar. 9. This was eight short of a two-thirds vote. For rules reform - right. Against - wrong.,senate_1971.csv,
1971,Senate,92,1,1,H.J.Res.,468,HJRES468-92,SST Funds,amendment,1971-03-24,Rejected,46,51,Y,Y=Right; N=Wrong,23,https://voteview.com/rollcall/RS0920023,,4,"The Senate refused to appropriate funds for the development of a supersonic transport airplane. The AFL-CIO supported funding for the SST in order to revive a depressed aerospace industry and its dwindling work force. The Senate rejected the measure on Mar. 24, 1971 by a 46-51 vote. For - right. Against - wrong.",senate_1971.csv,
1971,Senate,92,1,2,S.,31,S31-92,Public Service Jobs,motion to recommit,1971-04-01,Rejected,29,44,N,Y=Wrong; N=Right,26,https://voteview.com/rollcall/RS0920026,,4,"As one means of improving the economy, the AFL-CIO strongly supported congressional efforts to enact a public service employment program providing jobs for the unemployed in the public sector. The Administration opposed this approach to reducing unemployment as the President had vetoed similar legislation in 1970. The opposition took form in a motion by Sen. Prouty (R-Vt.) which would have in effect killed the measure by recommitting the bill. The motion was defeated by a 29-44 vote on Apr. 1, 1971. For - wrong. Against - right.",senate_1971.csv,
1971,Senate,92,1,3,S.,575,S575-92,Public Works Veto,veto override,1971-07-14,Rejected,57,36,Y,Y=Right; N=Wrong,120,https://voteview.com/rollcall/RS0920120,,4,"Despite continued high unemployment, the Administration opposed a $2 billion accelerated public works program aimed at providing 170,000 jobs and needed facilities in communities with heavy joblessness. Senate efforts to override the Presidential veto on the accelerated public works bill fell five votes short of the necessary two-thirds majority in a 57-36 vote on July 14, 1971. For overriding - right. Against - wrong.",senate_1971.csv,
1971,Senate,92,1,6,S.,1316,S1316-92,Meat Inspection,amendment,1971-07-29,Rejected,38,52,N,Y=Wrong; N=Right,155,https://voteview.com/rollcall/RS0920155,,4,"An attempt by Sen. Mathias (R-Md.) to weaken existing federal meat inspection laws by exempting meat products that cross state lines from federal inspection was rejected by the Senate on July 29, 1971 by a 38-52 vote. If passed, this proposal would have left inspection in the hands of weaker state inspection agencies. For - wrong. Against - right.",senate_1971.csv,
1971,Senate,92,1,4,H.R.,8432,HR8432-92,Lockheed Jobs,passage,1971-08-02,Passed,49,48,Y,Y=Right; N=Wrong,164,https://voteview.com/rollcall/RS0920164,,4,"Some 72,000 jobs were saved by a bill providing federal guarantees on bank loans of $250 million to Lockheed Aircraft Corp. The loan guarantee was narrowly approved on Aug. 2, 1971 by a 49-48 vote. For - right. Against - wrong.",senate_1971.csv,
1971,Senate,92,1,7,H.R.,10947,HR10947-92,Tax Reform,amendment,1971-11-15,Rejected,39,40,Y,Y=Right; N=Wrong,308,https://voteview.com/rollcall/RS0920308,,4,"An amendment to the President's tax legislation by Sen. Bayh (D-Ind.) attempted to reduce from 20% to 5% the accelerated depreciation tax write-off for big business and provide instead a one-year tax credit of $25 each to individual taxpayers. The Bayh amendment was narrowly defeated on Nov. 15, 1971 by a 39-40 vote. For - right. Against - wrong.",senate_1971.csv,
1971,Senate,92,1,8,H.R.,10947,HR10947-92,Anti-COPE,amendment,1971-11-19,Rejected,31,61,N,Y=Wrong; N=Right,332,https://voteview.com/rollcall/RS0920332,,4,"Carrying the cudgel for the National Right to Work Committee, Sen. Fannin (R-Ariz.) introduced an amendment to deny tax exempt status to any labor organization with a union shop agreement which used any of its income to support or oppose a political candidate. The proposal was rejected Nov. 19, 1971 by a 31-61 vote. For - wrong. Against - right.",senate_1971.csv,
1971,Senate,92,1,9,H.R.,10947,HR10947-92,Campaign Financing,amendment,1971-11-22,Adopted,52,47,Y,Y=Right; N=Wrong,354,https://voteview.com/rollcall/RS0920354,,4,"By providing for the federal financing of presidential campaign costs the excessive influence of big money on our political system would be effectively reduced. A proposal to this effect was introduced by Sen. Pastore (D-R.I.) as an amendment to the tax law. It would allow taxpayers to voluntarily earmark one dollar of their federal taxes to the presidential campaign of their choice. Although approved by the Senate on Nov. 22, 1971 by a 52-47 vote, the checkoff provision will not take effect until after the 1972 elections. For - right. Against - wrong.",senate_1971.csv,
1971,Senate,92,1,10,,,,Butz Nomination,confirmation,1971-12-02,Passed,51,44,N,Y=Wrong; N=Right,397,https://voteview.com/rollcall/RS0920397,,4,"Planning to plow under the family farm, the President nominated Dr. Earl Butz to Secretary of Agriculture. Butz, a leading spokesman for agribusiness, foe of food stamps and consumers, was opposed by the AFL-CIO and most farm groups. He was approved on Dec. 2, 1971 by a 51-44 vote. For - wrong. Against - right.",senate_1971.csv,
1971,Senate,92,1,11,,,,Rehnquist Nomination,confirmation,1971-12-10,Passed,68,26,N,Y=Wrong; N=Right,417,https://voteview.com/rollcall/RS0920417,,4,"Continuing his pursuit of an ultra-conservative Supreme Court, Pres. Nixon nominated William H. Rehnquist to fill a vacancy. Rehnquist's unswerving opposition to civil rights and the Bill of Rights marked him as an extremist. A liberal, labor, civil rights coalition opposed his nomination. The nomination however was approved by the Senate Dec. 10, 1971 by a 68-26 vote. For - wrong. Against - right.",senate_1971.csv,
1971,Senate,92,1,12,S.,2007,S2007-92,Child Care Veto,veto override,1971-12-10,Rejected,51,36,Y,Y=Right; N=Wrong,418,https://voteview.com/rollcall/RS0920418,,4,"Congressional legislation containing a two-year extension of the Office of Economic Opportunity, a separate legal services corporation, and a comprehensive child development program providing voluntary day care services for children of working and welfare mothers was vetoed by Pres. Nixon. The Senate sought to override the veto on Dec. 10, 1971 but fell short of a two-thirds majority with a 51-36 vote. For overriding - right. Against - wrong.",senate_1971.csv,
1972,Senate,92,2,5,S.,2515,S2515-92,Equal Employment Opportunity,amendment,1972-01-26,Rejected,46,48,N,Y=Wrong; N=Right,431,https://voteview.com/rollcall/RS0920431,,4,"The anti-civil rights forces again surfaced in 1972 during Senate consideration of legislation designed to strengthen the anti-discrimination powers of the Equal Employment Opportunity Commission. In a key vote on Jan. 26, the Senate, by a 46-48 vote, defeated an Administration-supported amendment introduced by Sen. Dominick (R-Colo.) which would have replaced the more expeditious ""cease-and-desist"" order procedure for preventing job discrimination with a cumbersome and lengthy court enforcement approach. But a subsequent three-week filibuster by opponents of a strong bill forced Senate acceptance of a watered-down version. For - wrong. Against right.",senate_1972.csv,
1972,Senate,92,2,1,S.J.Res.,197,SJRES197-92,Compulsory Arbitration,motion to table,1972-02-08,Agreed to,42,39,Y,Y=Right; N=Wrong,454,https://voteview.com/rollcall/RS0920454,,4,"While the Senate was considering legislation to end the West Coast dock strike, Sen. Robert Packwood (R-Ore.) sought to add a compulsory arbitration law for transportation industries. The Senate on Feb. 8 voted 42-39 to table the Packwood amendment, thus killing it. For - right. Against - wrong.",senate_1972.csv,
1972,Senate,92,2,8,S.,659,S659-92,Busing,amendment,1972-02-29,Rejected,47,50,N,Y=Wrong; N=Right,482,https://voteview.com/rollcall/RS0920482,,4,"During debate on the hotly controversial busing issue, the Senate approved a labor-supported compromise proposal to allow for the use of busing as a tool to accomplish school desegregation when other methods fail and improved education would result. Prior to this, however, the Senate narrowly rejected an amendment introduced by Sen. Robert Griffin (R-Mich.) which was aimed at prohibiting all forms of busing even to overcome unconstitutional forms of segregation. This amendment was defeated by a 47-50 roll call vote on February 29. For - wrong. Against - right.",senate_1972.csv,
1972,Senate,92,2,4,S.,2574,S2574-92,Voter Registration,motion to table,1972-03-15,Agreed to,46,42,N,Y=Wrong; N=Right,520,https://voteview.com/rollcall/RS0920520,,4,"Early in the second session, the Senate began debate on legislation designed to increase voter registration and election participation by creating a national voter registration administration that would utilize a computerized postcard registration system. However, Senate Republicans and southern Democrats, fearing increased low-income and black voter participation, strongly opposed passage of this legislation and succeeded on Mar. 15, by a 46-42 vote, in forcing passage of a motion by Sen. James Allen (D-Ala.) to table and thus kill the bill. For - wrong. Against - right.",senate_1972.csv,
1972,Senate,92,2,3,S.,3617,S3617-92,Child Day Care Services,amendment,1972-06-20,Adopted,45,38,N,Y=Wrong; N=Right,631,https://voteview.com/rollcall/RS0920631,tally 35-38 -> 45-38 per Voteview roll 631,4,"An amendment to a child care bill by Sen. Peter H. Dominick (R-Colo.) allowed the Dept. of Health, Education & Welfare to bypass local community groups and channel child care funds to state governments. Despite labor's opposition, the amendment was approved, 35-38, on June 20. For - wrong. Against - right.",senate_1972.csv,
1972,Senate,92,2,6,H.R.,15417,HR15417-92,Job Safety (1),amendment,1972-06-27,Rejected,41,44,N,Y=Wrong; N=Right,653,https://voteview.com/rollcall/RS0920653,,4,"During the Senate debate on a Labor-HEW appropriations bill, efforts similar to those in the House were made to seriously weaken the less than-two-year-old Occupational Safety & Health Act. This was the thrust of an amendment exempting firms employing 25 or fewer employes. The Senate rejected this amendment by a 41-44 roll call vote on June 27. For - wrong. Against - right.",senate_1972.csv,
1972,Senate,92,2,7,H.R.,15417,HR15417-92,Job Safety (2),amendment,1972-06-27,Adopted,45,41,N,Y=Wrong; N=Right,654,https://voteview.com/rollcall/RS0920654,no date printed on the scoreboard; 1972-06-27 per Voteview roll 654,4,"Following this vote, however, the Senate passed by a 45-41 roll call vote a similar anti-worker amendment introduced again by Curtis which exempted firms employing 15 or fewer workers from coverage under the Act. For - wrong. Against - right.",senate_1972.csv,
1972,Senate,92,2,2,S.,1861,S1861-92,Minimum Wage,amendment,1972-07-20,Rejected,46,47,N,Y=Wrong; N=Right,680,https://voteview.com/rollcall/RS0920680,,4,"By a narrow 46-47 vote on July 20, the Senate rejected an effort by conservative Republicans and southern Democrats to scrap a labor-supported bill to raise the minimum wage in steps to $2.20 per hour and extend coverage to millions of other workers. The Administration-backed substitute bill would have provided a lower minimum wage, no extension of coverage and a subminimum youth wage. For - wrong. Against - right.",senate_1972.csv,
1972,Senate,92,2,9,H.R.,13324,HR13324-92,Maritime Jobs,amendment,1972-07-26,Rejected,33,41,Y,Y=Right; N=Wrong,717,https://voteview.com/rollcall/RS0920717,,4,"The AFL-CIO and its maritime affiliates strongly supported legislation requiring that 50 percent of all imported oil not used for fuel or heating purposes be shipped in American-flag vessels. It was estimated that this legislation would generate about 150,000 maritime jobs. The Senate, on July 26, rejected this amendment to the 1973 Maritime Authorization bill by a 33-41 roll call vote. For - right. Against - wrong.",senate_1972.csv,
1972,Senate,92,2,10,S.,945,S945-92,No-Fault Auto Insurance,motion,1972-08-08,Agreed to,49,46,N,Y=Wrong; N=Right,757,https://voteview.com/rollcall/RS0920757,,4,"Under heavy pressure from the Administration, trial lawyers and a number of large insurance companies, the Senate voted to scuttle a labor-supported no-fault auto insurance bill. This important consumer legislation, if passed, would have resulted in lower insurance costs through reduced legal fees and better allocation of the premium dollar while providing immediate and full compensation by insurance companies to victims. The legislation was pigeonholed, however, as the Senate agreed by a 49-46 vote on Aug. 8 to refer the bill to the Senate Judiciary Committee for further consideration, in effect killing the proposal. For - wrong. Against - right.",senate_1972.csv,
1973,Senate,93,1,10,S.,398,S398-93,Wage-Price Controls,motion to table,1973-03-20,Agreed to,45,41,N,Y=Wrong; N=Right,48,https://voteview.com/rollcall/RS0930048,,4,"During debate on legislation extending the President's wage-price control authority, a labor-supported amendment freezing interest rates offered by Sen. Thomas McIntyre (D-N.H.) was killed as the Senate on Mar. 20 voted 45-41 for a motion by Sen. Wallace Bennett (R-Utah) to table the amendment. For Tabling - Wrong. Against - Right.",senate_1973.csv,
1973,Senate,93,1,11,S.,7,S7-93,Vocational Rehabilitation Veto,veto override,1973-04-03,Rejected,60,36,Y,Y=Right; N=Wrong,74,https://voteview.com/rollcall/RS0930074,,4,A Senate vote of 60-36 on Apr. 3 was short of the two-thirds needed to override President Nixon's veto of a bill extending and expanding rehabilitation programs for the physically handicapped. For Overriding - Right. Against - Wrong.,senate_1973.csv,
1973,Senate,93,1,9,S.,352,S352-93,Voter Registration,cloture,1973-05-09,Agreed to,67,32,Y,Y=Right; N=Wrong,119,https://voteview.com/rollcall/RS0930119,,4,A filibuster against a labor-supported bill establishing a nationwide postcard voter registration system was broken on May 9 by a 67-32 vote to close debate. For Cloture - Right. Against - Wrong.,senate_1973.csv,
1973,Senate,93,1,2,S.,1423,S1423-93,Prepaid Legal Services,amendment,1973-05-16,Rejected,26,66,N,Y=Wrong; N=Right,135,https://voteview.com/rollcall/RS0930135,no date printed on the scoreboard; 1973-05-16 per Voteview roll 135,4,The Senate rejected an anti-labor amendment by Senators John Tower (R-Tex.) and Paul Fannin (R-Ariz.) to a bill allowing unions to bargain for the establishment of prepaid legal services plans. Their amendment would have allowed employers to refuse to bargain for this fringe benefit. It was defeated by a 26-66 vote. For - Wrong. Against - Right.,senate_1973.csv,
1973,Senate,93,1,1,S.,1861,S1861-93,Minimum Wage,substitute,1973-07-18,Rejected,40,57,N,Y=Wrong; N=Right,291,https://voteview.com/rollcall/RS0930291,,4,"Senators Robert Taft (R-Ohio) and Peter Dominick (R-Colo.) attempted to gut the labor-backed minimum wage bill by stretching the schedule for raising the wage floor, limiting new coverage and overtime protection and imposing a youth subminimum wage rate. The Senate on July 18 rejected this effort by a 40-57 vote. For - Wrong. Against - Right.",senate_1973.csv,
1973,Senate,93,1,5,S.,372,S372-93,Union Political Action,amendment,1973-07-27,Rejected,38,51,N,Y=Wrong; N=Right,333,https://voteview.com/rollcall/RS0930333,,4,"A campaign reform bill included a labor-supported provision repealing a technicality in the existing law that appeared to restrict legitimate political action by unions as well as corporations holding government manpower training contracts. An amendment by Sen. William Proxmire (D-Wis.), which would have dropped the labor-supported repealer from the bill, was rejected by a 38-51 vote on July 27. For - Wrong. Against - Right.",senate_1973.csv,
1973,Senate,93,1,3,S.,1888,S1888-93,Food for Strikers,motion to table,1973-07-31,Agreed to,58,34,Y,Y=Right; N=Wrong,348,https://voteview.com/rollcall/RS0930348,,4,An attempt by Sen. Jesse Helms (R-S.C.) to deny food stamps to needy families of strikers was tabled - and thus killed - by a 58-34 vote on July 31. For Tabling - Right. Against - Wrong.,senate_1973.csv,
1973,Senate,93,1,8,H.R.,9286,HR9286-93,National Defense,amendment,1973-09-27,Rejected,47,49,N,Y=Wrong; N=Right,413,https://voteview.com/rollcall/RS0930413,,4,"In order to insure nuclear parity with the Soviet Union as provided for under the Strategic Arms Limitation Treaty, the AFL-CIO supported funding of the construction of two Trident nuclear submarines. During debate on the Defense Dept. authorization bill which included funds for this program, Sen. Thomas McIntyre (D-N.H.) offered an amendment which, by cutting Trident funds in half, would have considerably slowed this program. This effort, opposed by organized labor, was defeated by a narrow 47-49 vote on Sept. 27. For - Wrong. Against - Right.",senate_1973.csv,
1973,Senate,93,1,6,H.R.,11104,HR11104-93,Presidential Election Financing,cloture,1973-12-02,Rejected,47,33,Y,Y=Right; N=Wrong,527,https://voteview.com/rollcall/RS0930527,no date printed on the scoreboard; 1973-12-02 per Voteview roll 527,4,A labor-backed amendment which would have provided public financing of presidential elections was killed by a filibuster led by Sen. James Allen (D-Ala.). A key 47-33 vote to halt the filibuster by closing debate was short of the two-thirds required under the Senate's rules. For - Right. Against - Wrong.,senate_1973.csv,
1973,Senate,93,1,4,H.R.,9142,HR9142-93,Rail Workers Compensation,amendment,1973-12-11,Rejected,37,59,N,Y=Wrong; N=Right,551,https://voteview.com/rollcall/RS0930551,,4,Labor supported legislation reorganizing seven bankrupt railroads which included compensation to rail workers displaced or suffering pay cuts because of the reorganization. Sen. J. Glenn Beall (R-Md.) sought to limit payments to workers. The Senate rejected the anti-labor proposal by a 37-59 vote on Dec. 11. For - Wrong. Against - Right.,senate_1973.csv,
1973,Senate,93,1,7,S.,2776,S2776-93,Natural Gas Prices,motion to table,1973-12-19,Agreed to,45,43,Y,Y=Right; N=Wrong,577,https://voteview.com/rollcall/RS0930577,,4,"Consumers would have paid even higher prices if the Senate had approved an amendment by Sen. James Buckley (Cons. R-N.Y.) to deregulate the price of natural gas at the wellhead. It tabled, thus killing, the Buckley amendment by a 45-43 vote on Dec. 19. For Tabling - Right. Against - Wrong.",senate_1973.csv,
1974,Senate,93,2,1,S.,2589,S2589-93,Oil Prices,veto override,1974-03-06,Rejected,58,40,Y,Y=Right; N=Wrong,647,https://voteview.com/rollcall/RS0930647,,4,"Amid soaring fuel prices President Nixon vetoed emergency energy powers which included a price rollback for domestic crude oil. On Mar. 6, the Senate by a 58-40 vote failed to obtain the two-thirds vote necessary to override this veto. For override - Right. Against - Wrong.",senate_1974.csv,
1974,Senate,93,2,2,S.,3044,S3044-93,Union Political Rights,amendment,1974-04-03,Rejected,36,53,N,Y=Wrong; N=Right,701,https://voteview.com/rollcall/RS0930701,,4,"Although organized labor has strongly endorsed the public financing of federal elections, in the absence of such a system unions must pool the voluntary contributions of their members as a counterbalance to vast individual contributions from those representing big business. On Apr. 3, during debate on an election financing reform bill, the Senate rejected by a 36-53 vote an amendment by Sen. Baker (R-Tenn.) prohibiting unions from collecting voluntary funds for contributions to campaigns. For - Wrong. Against - Right.",senate_1974.csv,
1974,Senate,93,2,3,S.,354,S354-93,No-Fault Auto Insurance,passage,1974-05-01,Passed,53,42,Y,Y=Right; N=Wrong,750,https://voteview.com/rollcall/RS0930750,,4,"Despite heavy pressure from the Administration, trial lawyers, and segments of the insurance industry, the Senate passed legislation setting minimum federal standards for state no-fault auto insurance programs. The bill would cut costs by reducing legal fees, better allocate premium dollars and provide immediate and full compensation by insurance companies to accident victims. The Senate approved the legislation on May 1 by a 53-42 vote. For - Right. Against - Wrong.",senate_1974.csv,
1974,Senate,93,2,4,S.,2986,S2986-93,Ending Wage-Price Controls,motion to table,1974-05-01,Agreed to,56,32,Y,Y=Right; N=Wrong,754,https://voteview.com/rollcall/RS0930754,,4,"With the Administration's wage-price controls controlling only wages while prices, profits and interest rates skyrocketed, organized labor opposed any extension of the President's power to further mismanage the economy. An effort to extend standby control authority and provide for wage-price monitoring was rejected May 1 as the Senate voted 56-32 to table the proposal. For Tabling - Right. Against - Wrong.",senate_1974.csv,
1974,Senate,93,2,5,S.,3203,S3203-93,Job Safety,motion to table,1974-05-07,Agreed to,47,40,Y,Y=Right; N=Wrong,770,https://voteview.com/rollcall/RS0930770,tally 47-41 -> 47-40 per Voteview roll 770,4,"During debate on NLRA coverage for employes of non-profit hospitals, Sen. Dominick (R-Colo.) offered an amendment that would have seriously weakened the Occupational Safety & Health Act by permitting discretionary rather than mandatory employer penalties for serious safety violations. In a key vote May 7 the Senate tabled this 47-41. For Tabling - Right. Against - Wrong.",senate_1974.csv,
1974,Senate,93,2,6,S.,1539,S1539-93,Civil Rights - Education,motion to table,1974-05-15,Agreed to,47,46,Y,Y=Right; N=Wrong,784,https://voteview.com/rollcall/RS0930784,,4,"The Senate, during debate on the Elementary & Secondary Education bill, rejected an amendment to sharply restrict the Supreme Court's right to provide all children with equal educational opportunity. Sponsored by Sen. Gurney (R-Fla.), the proposal was tabled by a 47-46 vote on May 15. It would have prohibited the busing of children between schools even when no other constitutional remedy was available. For Tabling - Right. Against - Wrong.",senate_1974.csv,
1974,Senate,93,2,7,S.,3458,S3458-93,Food Stamps for Strikers,motion to table,1974-05-21,Agreed to,52,31,Y,Y=Right; N=Wrong,799,https://voteview.com/rollcall/RS0930799,,4,"During debate on legislation extending the food stamp program, the Senate rejected an amendment by Sen. Helms (R-S.C.) to deny food stamps to needy families of strikers. The amendment was tabled 52-31 on May 21. For Tabling - Right. Against - Wrong.",senate_1974.csv,
1974,Senate,93,2,8,S.,3000,S3000-93,Soviet Trade/National Defense,motion to table,1974-06-11,Rejected,40,50,N,Y=Wrong; N=Right,826,https://voteview.com/rollcall/RS0930826,,4,"During debate on a military authorization bill, the Senate rejected an attempt to delete a ""safeguard"" amendment sponsored by Sen. Jackson (D-Wash.) giving the Secretary of Defense veto power over exports to the Soviet Union when they could be of possible military use. An effort to table this amendment was defeated in a key 40-50 vote June 11. For Tabling - Wrong. Against - Right.",senate_1974.csv,
1974,Senate,93,2,9,S.,3203,S3203-93,Hospital Bargaining,conference report,1974-07-10,Adopted,64,29,Y,Y=Right; N=Wrong,874,https://voteview.com/rollcall/RS0930874,,4,Senate passage of the conference report on legislation extending NLRA protection to workers in non-profit hospitals paved the way for enactment of this long-overdue labor legislation. On July 10 the Senate approved the conference report 64-29. For - Right. Against - Wrong.,senate_1974.csv,
1974,Senate,93,2,11,S.,707,S707-93,Consumer Protection Agency,motion to table,1974-07-16,Agreed to,49,42,Y,Y=Right; N=Wrong,887,https://voteview.com/rollcall/RS0930887,,4,"In an effort to scuttle the House-passed Consumer Protection Agency, anti-consumer senators sought to treat labor as a commodity by placing labor-management relations within the new agency's jurisdiction. The amendment was tabled by the Senate 49-42 on July 16. For Tabling - Right. Against - Wrong.",senate_1974.csv,
1974,Senate,93,2,10,S.,1566,S1566-93,Anti-Strike Injunctions,motion to recommit,1974-07-17,Rejected,31,65,Y,Y=Right; N=Wrong,891,https://voteview.com/rollcall/RS0930891,,4,"The Senate passed a so-called ""emergency"" strike bill affecting West Coast maritime trade with Hawaii and other Pacific Islands that would permit island officials or employers to obtain a 160-day injunction over and above the 80-day cooling-off period provided under the 1947 Taft-Hartley Act. A labor-supported attempt by Sen. Javits (R-N.Y.) to recommit and thus kill the bill failed by a 31-65 vote July 17. For Recommittal - Right. Against - Wrong.",senate_1974.csv,
1975,Senate,94,1,17,S.Res.,4,SRES4-94,Filibuster Rule Reform,motion to table,1975-02-20,Agreed to,51,42,Y,Y=Right; N=Wrong,14,https://voteview.com/rollcall/RS0940014,date 1975-02-15 -> 1975-02-20 per Voteview roll 14: Feb. 15 1975 was a Saturday and the Senate held no roll call that day,6,"At the start of the 94th Congress, labor and civil rights groups again supported efforts to liberalize the Senate's rule for ending filibusters. As in previous years, the first major procedural hurdle was whether a new Senate - before adopting its rules - could end debate by a simple majority vote. Sen. Pearson (R-Kan.) moved to close debate on a proposed change in the filibuster rule and Sen. Mansfield (D-Mont.) raised a point-of-order against the motion to bring the issue to a vote. When the Senate on Feb. 15 approved, 51-42, a motion by Sen. Mondale (D-Minn.) to table the Mansfield point of order, the Senate affirmed its right to close debate by majority vote at the beginning of a new Congress. This key vote eventually led to a change in the filibuster rule, whereby cloture could be obtained with 60 votes. For tabling - Right. Against tabling - Wrong.",senate_1975.csv,
1975,Senate,94,1,9,H.R.,2166,HR2166-94,Tax Reform - Foreign Profits,motion to table,1975-03-19,Rejected,44,52,N,Y=Wrong; N=Right,78,https://voteview.com/rollcall/RS0940078,,6,"The AFL-CIO has long sought revisions in the tax code to permit the fair taxation of profits earned by U.S.-based multinational companies. In Senate debate on a multi-billion-dollar tax reduction bill, Sen. Hartke (D-Ind.) sponsored an amendment to partially close this loophole. His proposal would repeal the foreign tax credit on all foreign oil-related income, making it instead a deduction while providing that such oil related income be taxed at a 24 percent tax rate. An effort by Sen. Curtis (R-Neb.) to table this labor-backed proposal was rejected by 44-52 on Mar. 19. This defeat paved the way for inclusion of the Hartke provision in the tax bill later passed by the Senate. The provision was, however, watered down in the final conference report on the tax rebate bill eventually signed into law. For tabling - Wrong. Against tabling - Right.",senate_1975.csv,
1975,Senate,94,1,11,S.,622,S622-94,Oil Price Controls (2),motion to table,1975-04-09,Rejected,42,45,Y,Y=Right; N=Wrong,126,https://voteview.com/rollcall/RS0940126,,6,"During earlier Senate consideration of the omnibus energy bill, efforts were similarly made to end oil price controls. A heated battle took place on an amendment by Sen. Johnston (D-La.) to decontrol prices on oil from existing wells recovered by secondary and tertiary means. An effort by Sen. Jackson (D-Wash.) to table the proposal was rejected 42-45 on Apr. 9. The failure of this tabling motion led to the eventual partial decontrol of this oil. For - Right. Against - Wrong.",senate_1975.csv,
1975,Senate,94,1,1,H.R.,4481,HR4481-94,Emergency Jobs,amendment,1975-04-25,Rejected,22,47,N,Y=Wrong; N=Right,150,https://voteview.com/rollcall/RS0940150,"position Y -> N: the printed marker `For - Right.` is inverted against the card's own paragraph, which opposes the Johnston amendment that roll 150 put; date and tally are as printed",6,"During deliberations on a comprehensive $6.1 billion emergency jobs appropriations bill, Sen, Johnston (D-La.) attempted to slash in half the $1.6 billion allocated for creation of public service jobs. His amendment was offered at a time when unemployment was at its highest level since the depression. More funding of public service jobs had been endorsed in the AFL-CIO General Board's economic recovery program. The Senate rejected the Johnston proposal on Apr. 25 by a vote of 22-47. For - Right. Against - Wrong.",senate_1975.csv,
1975,Senate,94,1,3,S.Con.Res.,32,SCONRES32-94,The Federal Budget,amendment,1975-04-30,Rejected,29,64,Y,Y=Right; N=Wrong,155,https://voteview.com/rollcall/RS0940155,,6,"Utilizing the new budget process for the first time, the Senate Budget Committee focused its main effort on reducing the deficit instead of reducing the unemployment rate. The result was a Senate budget resolution that failed to provide the needed economic stimulus to put America back to work. When the Senate considered the Budget Committee resolution, it rejected 29-64 on Apr. 30 an amendment by Sen. Mondale (D-Minn.) adding $9 billion for various jobs-creating programs. The Mondale amendment would have provided an estimated one million jobs. For - Right. Against - Wrong.",senate_1975.csv,
1975,Senate,94,1,21,S.,409,S409-94,Wage-Price Controls,motion to table,1975-05-06,Rejected,41,47,Y,Y=Right; N=Wrong,164,https://voteview.com/rollcall/RS0940164,,6,"A remnant of the discredited experiment in economic controls, the Wage-Price Council was established by President Ford in 1974 with statutory power to do little more than questionable inflation-monitoring. During debate on legislation to extend the council for one year, Sen. Stevenson (D-Ill.) tried to expand the authority of the agency principally by granting it power to subpoena data on wages and productivity. Labor backed an effort by Sen. Tower (R-Tex.) to table the Stevenson amendment. The Senate, however, by a 41-47 vote on May 6 rejected Tower's effort. For tabling - Right. Against tabling - Wrong.",senate_1975.csv,
1975,Senate,94,1,20,S.,200,S200-94,Consumer Agency,amendment,1975-05-12,Rejected,36,52,N,Y=Wrong; N=Right,170,https://voteview.com/rollcall/RS0940170,,6,An attempt by anti-consumer senators to block labor-backed legislation creating an Agency for Consumer Advocacy was rejected by the Senate. A proposal by Sen. Weicker (R-Conn.) sought to erode labor's support for the bill by placing labor-management relations under the agency's jurisdiction. The Weicker proposal was rejected 36-52 on May 12. For - Wrong. Against - Right.,senate_1975.csv,
1975,Senate,94,1,22,S.,920,S920-94,Defense Spending,amendment,1975-06-05,Rejected,32,57,N,Y=Wrong; N=Right,206,https://voteview.com/rollcall/RS0940206,,6,"During debate on the 1976 Defense Authorization bill, numerous unsuccessful attempts were made to suspend development of various weapons systems. One such amendment offered by Sen. McGovern (D-S.Dak.) would have cut off funding for the continued development of the B-1 strategic bomber. The Senate rejected the amendment by a 32-57 vote on June 5. For - Wrong. Against - Right.",senate_1975.csv,
1975,Senate,94,1,7,S.,1662,S1662-94,Food Stamps for the Unemployed,amendment,1975-06-10,Adopted,61,35,Y,Y=Right; N=Wrong,216,https://voteview.com/rollcall/RS0940216,,6,"With millions of Americans unemployed, many jobless persons have faced unnecessary delays in being certified for food stamps. Delays in receiving benefits have lasted as long as three months. To remedy this situation, Senators Dole (R-Kan.) and McGovern (D-S.Dak.) during debate on a minor welfare reform bill offered an amendment establishing procedures for immediate benefit certification for the unemployed while verification of their eligibility was being determined. On June 10 the Senate approved the proposal 61-35. No further action has been taken. For - Right. Against - Wrong.",senate_1975.csv,
1975,Senate,94,1,15,H.R.,6219,HR6219-94,Voting Rights Act,amendment,1975-07-24,Rejected,38,57,N,Y=Wrong; N=Right,321,https://voteview.com/rollcall/RS0940321,,6,"In 1975 Congress approved legislation extending the Voting Rights Act for ten years and broadening its coverages to other minorities. During Senate debate, anti-civil rights forces led by Sen. Scott (R-Va.) unsuccessfully attempted to cripple the legislation. Scott tried to allow states covered by the act to go to local federal courts instead of the federal district court in Washington, D.C., in efforts to ""escape"" from coverage under the law or to obtain approval of changes in their election laws. The Senate rejected his amendment 38-57 on July 24. For - Wrong. Against - Right.",senate_1975.csv,
1975,Senate,94,1,2,S.,1587,S1587-94,Public Works - Jobs,amendment,1975-07-29,Adopted,58,36,Y,Y=Right; N=Wrong,347,https://voteview.com/rollcall/RS0940347,,6,"Ignoring threats of still another veto of jobs legislation, the Senate passed a multi-billion dollar accelerated public works employment bill. The bill included $2 billion in special funding to financially distressed state and local governments suffering from excessive unemployment. These funds had been added by way of an amendment by Sen. Muskie (D-Me.) which the Senate had approved on July 29 by a 58-36 vote. Final House approval of a conference report on this legislation is now pending. For - Right. Against - Wrong.",senate_1975.csv,
1975,Senate,94,1,18,S.,1281,S1281-94,Housing Discrimination,amendment,1975-09-04,Rejected,40,41,N,Y=Wrong; N=Right,381,https://voteview.com/rollcall/RS0940381,,6,"In the first session, Congress also passed legislation designed to prevent the practice of ""redlining"" by mortgage lenders in metropolitan areas and thereby encourage credit allocation to inner-city housing. ""Redlining"" arbitrarily denies mortgage loans for housing in these sections of the nation's cities. During debate on this legislation, Sen. Garn (R-Utah) led efforts to gut the redlining disclosure provisions. His substitute bill would have limited the number of cities in which mortgage lenders would be required to disclose the amount of mortgage money lent over the next three years. The Senate narrowly rejected the Garn proposal on Sept. 4, by 40-41. For - Wrong. Against - Right.",senate_1975.csv,
1975,Senate,94,1,10,S.,1849,S1849-94,Oil Price Controls (1),veto override,1975-09-10,Rejected,61,39,Y,Y=Right; N=Wrong,388,https://voteview.com/rollcall/RS0940388,,6,"Under pressure from the oil industry, the Senate on Sept. 10 failed to obtain the two-thirds majority needed to override President Ford's veto of labor-backed legislation continuing price ceilings on domestic oil for six months. The temporary extension was needed to give Congress time to complete action an a pending comprehensive conservation bill that included provisions dealing with oil price controls. The Senate vote of 61-39 was six votes shy of the margin needed for the veto override. Total oil price decontrol was avoided, however, as a later compromise energy bill partially retained price controls for 39 months. For - Right. Against - Wrong.",senate_1975.csv,
1975,Senate,94,1,19,H.R.,5901,HR5901-94,Federal School Funds Veto,veto override,1975-09-10,Passed,88,12,Y,Y=Right; N=Wrong,389,https://voteview.com/rollcall/RS0940389,,6,"As part of his broad-based attack on federal spending for social programs, President Ford - ignoring the financial crunch facing the nation's school systems - vetoed in early August a $7.9 billion education appropriations bills for fiscal 1976. The AFL-CIO supported the appropriations bill and backed the Senate override effort. On Sept. 10 the Senate by a vote of 88 to 12 achieved the two-thirds margin needed to override the veto. The House similarly overrode Ford's action and the bill was enacted into law. For - Right. Against - Wrong.",senate_1975.csv,
1975,Senate,94,1,14,S.Res.,239,SRES239-94,Federal Pay Raise Reduction,passage,1975-09-18,Rejected,39,53,Y,Y=Right; N=Wrong,398,https://voteview.com/rollcall/RS0940398,,6,President Ford succeeded in persuading the Senate to make federal workers bear the burden of his ineffective inflation-fighting efforts. The Senate on Sept. 18 rejected 39-53 a resolution to disapprove the President's recommendation to slash federal wage increases from 8.6 percent to 5 percent. The AFL-CIO strongly opposed the President's recommendation. For disapproval - Right. Against disapproval - Wrong.,senate_1975.csv,
1975,Senate,94,1,16,H.R.,8069,HR8069-94,Civil Rights - Busing,amendment,1975-09-24,Adopted,51,45,N,Y=Wrong; N=Right,411,https://voteview.com/rollcall/RS0940411,,6,"During Senate consideration of the Labor-HEW Appropriations bill, numerous efforts were made to limit severely the right of the courts and the Dept. of Health, Education & Welfare to require busing as a means of enforcing compliance with the Constitution. One such amendment, offered by Sen. Byrd (D-W.Va.), blocked HEW from seeking quality, integrated education by prohibiting the use of funds to require the transportation of any student to a school other than the closest school offering the courses of study pursued by that student. The Senate approved the Byrd amendment 51-45 on Sept. 24. For - Wrong. Against - Right.",senate_1975.csv,
1975,Senate,94,1,8,H.R.,8069,HR8069-94,Job Safety,amendment,1975-09-24,Adopted,48,45,N,Y=Wrong; N=Right,414,https://voteview.com/rollcall/RS0940414,,6,"Reacting to a business-sponsored campaign to gut the Occupational Safety & Health Act, the Senate approved an amendment sponsored by Sen. Curtis (R-Neb.). The amendment, added to the Labor-HEW appropriation bill, prohibited funds from being used to enforce OSHA at firms employing three or fewer workers. The amendment denied protection of the law to nearly 6 percent of the workforce. The Senate on Sept. 24 agreed 48-45 to this weakening amendment. The amendment was dropped, however, in the conference report on the bill. For - Wrong. Against - Right.",senate_1975.csv,
1975,Senate,94,1,12,S.,2310,S2310-94,Natural Gas Price Decontrol,motion to table,1975-10-02,Rejected,45,50,Y,Y=Right; N=Wrong,427,https://voteview.com/rollcall/RS0940427,,6,Consumers can expect to pay even higher prices for natural gas as the result of an amendment by Senators Pearson (R-Kan.) and Bentsen (D-Tex.) providing for eventual phase-out of federal price controls on gas shipped in interstate commerce. Their amendment was added to a short-term emergency bill dealing with predicted winter gas shortages. A labor-backed effort by Sen. Hollings (D-S.C.) to table and thus kill the proposal was defeated on Oct. 2 by a 45-50 vote. The House will consider this legislation in the second session. For tabling - Right. Against tabling - Wrong.,senate_1975.csv,
1975,Senate,94,1,4,H.R.,5900,HR5900-94,Situs Picketing (1),cloture,1975-11-18,Agreed to,62,37,Y,Y=Right; N=Wrong,500,https://voteview.com/rollcall/RS0940500,,6,"Legislation long sought by organized labor to give construction workers job site picketing rights ran headlong into a conservative-backed Senate filibuster. The Senate, however, broke the filibuster on Nov. 18. A cloture motion to end debate by Sen. Kennedy (D-Mass.) approved 62-37, gained the necessary 60 votes required under the new Senate filibuster rule. For cloture - Right. Against cloture - Wrong.",senate_1975.csv,
1975,Senate,94,1,5,H.R.,5900,HR5900-94,Situs Picketing (2),passage,1975-11-19,Passed,52,45,Y,Y=Right; N=Wrong,523,https://voteview.com/rollcall/RS0940523,,6,"On Nov. 19, the Senate passed 52-45 its version of the situs picketing bill. Before passage, the Senate had grafted onto the measure a second bill endorsed by the AFL-CIO and strongly pushed by President Ford promoting stability in construction industry bargaining. For - Right. Against - Wrong.",senate_1975.csv,
1975,Senate,94,1,6,H.R.,5900,HR5900-94,Situs Picketing (3),conference report,1975-12-15,Adopted,52,43,Y,Y=Right; N=Wrong,591,https://voteview.com/rollcall/RS0940591,,6,"On Dec. 15, the Senate approved 52-43 the conference report on the situs picketing bill which maintained the collective bargaining provision. Although President Ford had indicated he would sign the bill if this bargaining section was included, he later broke his promise and vetoed the legislation in late December. For - Right. Against - Wrong.",senate_1975.csv,
1975,Senate,94,1,13,H.R.,8631,HR8631-94,Nuclear Insurance Act,passage,1975-12-16,Passed,76,18,Y,Y=Right; N=Wrong,600,https://voteview.com/rollcall/RS0940600,,6,"In 1975 Congress passed and the President signed labor-backed legislation extending for ten years the Price-Anderson Act. The 1957 law provides a mandatory federal-private program of insurance protecting the public against accidents at a nuclear power-plant site. The Senate approved the extension bill, which also expanded the act's liability limits, by a 76-18 vote on Dec. 16. For - Right. Against - Wrong.",senate_1975.csv,
1976,Senate,94,2,3,H.R.,8069,HR8069-94,Labor-HEW Appropriations Veto,veto override,1976-01-28,Passed,70,24,Y,Y=Right; N=Wrong,626,https://voteview.com/rollcall/RS0940626,,6,"President Ford vetoed the 1976 Labor-HEW appropriations bill, charging that the increased federal funding for such programs as health research, vocational rehabilitation, alcohol and drug abuse prevention, and community service programs was ""wasteful."" The Senate followed the House's lead and rejected Ford's veto in a lopsided 70-24 vote on Jan. 28. For - Right. Against - Wrong.",senate_1976.csv,
1976,Senate,94,2,1,H.R.,5247,HR5247-94,Public Works Jobs Veto (1),veto override,1976-02-19,Rejected,63,35,Y,Y=Right; N=Wrong,652,https://voteview.com/rollcall/RS0940652,,6,"The inability of the Senate to override President Ford's veto of a third major jobs bill passed by the 94th Congress doomed thousands of American workers to continued unemployment. The public works employment bill would have created over 600,000 jobs in construction of badly needed public projects such as schools and libraries and sewer and water treatment facilities. The legislation also contained $1.5 billion in aid to financially-strapped cities and states primarily to prevent cutbacks in services and potential lay-offs of an estimated 100,000 local government workers. The Senate vote of 63-35 on Feb. 19 in favor of overriding the veto was three votes short of the two-thirds voted needed for override. For - Right. Against - Wrong.",senate_1976.csv,
1976,Senate,94,2,12,H.R.,8617,HR8617-94,Hatch Act Reform,passage,1976-03-11,Passed,47,32,Y,Y=Right; N=Wrong,680,https://voteview.com/rollcall/RS0940680,,6,"The 1939 Political Activity Act, commonly known as the Hatch Act, now prohibits some 2.8 million federal and postal employees from participating in partisan political activities. Reform legislation designed to correct this inequity while also strengthening existing restrictions against political coercion of federal workers passed the House in 1975. Although the bill was later vetoed, the Senate passed its version of Hatch Act reform on Mar. 11 by a 47-32 vote. For - Right. Against - Wrong.",senate_1976.csv,
1976,Senate,94,2,11,S.,3065,S3065-94,Union Political Rights,substitute,1976-03-18,Rejected,39,55,N,Y=Wrong; N=Right,695,https://voteview.com/rollcall/RS0940695,,6,"During Senate debate on legislation reconstructing the Federal Election Commission (FEC), anti-labor forces sought to simply resurrect the commission and thereby kill a number of campaign finance reforms approved by the Senate Rules Committee. As reported by the committee the bill amended existing campaign financing laws to prohibit anti-labor regulations previously approved by the FEC. Sen. Griffin (R-Mich.) introduced a substitute bill to resurrect the commission and leave its anti-labor regulations intact. The Griffin bill was rejected 39-55 on Mar. 18. For - Wrong. Against - Right.",senate_1976.csv,
1976,Senate,94,2,15,S.,354,S354-94,No-Fault Auto Insurance,motion to table,1976-03-31,Agreed to,47,45,N,Y=Wrong; N=Right,719,https://voteview.com/rollcall/RS0940719,"tally 45-47 -> 47-45 per Voteview roll 719: the page states the vote as a refusal to reconsider, but the question put was the motion to TABLE the motion to reconsider, agreed to 47-45; position N rather than the Y the printed marker gives read naively",6,"Under pressure from the Ford Administration, trial lawyers and some insurance companies, the Senate voted to scuttle a labor-backed no-fault auto insurance bill. This important consumer reform legislation was designed to assure auto accident victims adequate and more timely compensation of losses, better allocation of their premium dollars and lower insurance costs. The legislation was pigeonholed, however, as the Senate by a 45-47 vote on Mar. 31, refused to reconsider its vote to recommit the bill and thus killed it. For Reconsideration - Right. Against Reconsideration - Wrong.",senate_1976.csv,
1976,Senate,94,2,13,S.,3136,S3136-94,Food Stamps,substitute,1976-04-08,Adopted,49,30,Y,Y=Right; N=Wrong,748,https://voteview.com/rollcall/RS0940748,,6,"The Senate Agriculture Committee reported regressive legislation that would have eliminated millions of needy families from the food stamp program. To prevent passage of this legislation, the AFL-CIO endorsed a compromise substitute bill by Senators McGovern (D-S.D.) and Dole (R-Kans.) which, while tightening up requirements, maintained the eligibility status of those truly in need. The Senate approved the compromise measure, 49-30, on Apr. 8. For - Right. Against - Wrong.",senate_1976.csv,
1976,Senate,94,2,5,S.,3259,S3259-94,Housing,motion to recommit,1976-04-27,Rejected,23,57,N,Y=Wrong; N=Right,765,https://voteview.com/rollcall/RS0940765,,6,A 1977 housing authorization bill which increased housing funds for the elderly and resurrected public housing funding was strongly opposed by the Ford Administration. Successive Republican Administrations had refused to spend funds allocated by Congress for public housing construction. Conservatives led by Sen. Garn (R-Utah) made a last minute effort to recommit the conference report on the housing bill to have these provisions eliminated. The Senate rejected Garn's recommittal motion by a 23-57 vote on Apr. 27. For - Wrong. Against - Right.,senate_1976.csv,
1976,Senate,94,2,4,H.R.,9803,HR9803-94,Day Care Funds Veto,veto override,1976-05-05,Rejected,60,34,Y,Y=Right; N=Wrong,776,https://voteview.com/rollcall/RS0940776,,6,"A stopgap funding bill to help state child care centers comply with federal health and staffing requirements was vetoed by President Ford raising the prospect that financially hard-pressed states would have to close down many of these facilities. And without the availability of such child care services, many low-income working mothers would be forced onto welfare. The Senate on May 5 failed to override the veto by a 60-34 vote, three votes short of the needed two-thirds. For - Right. Against - Wrong.",senate_1976.csv,
1976,Senate,94,2,17,H.R.,13172,HR13172-94,Education Funds,amendment,1976-05-11,Rejected,25,64,Y,Y=Right; N=Wrong,783,https://voteview.com/rollcall/RS0940783,,6,"During Senate debate on a supplemental appropriations bill, Sen. Kennedy (D-Mass.) tried to increase by $1 billion the funding for elementary and secondary education assistance to disadvantaged children. At present, because of the lack of funds, only about 50 percent of the children eligible for this educational aid are served by the program. The Senate, however, rejected Kennedy's amendment, 25-64, on May 11. For - Right. Against - Wrong.",senate_1976.csv,
1976,Senate,94,2,18,S.,3434,S3434-94,Davis-Bacon Wages,amendment,1976-05-20,Rejected,17,66,N,Y=Wrong; N=Right,793,https://voteview.com/rollcall/RS0940793,,6,"During Senate debate on a 1977 military construction authorization bill, anti-labor forces renewed their attack on the prevailing wage provisions of the Davis-Bacon Act. An amendment by Sen. Tower (R-Tex.) would have prohibited the payment of Davis-Bacon prevailing wage rates to construction workers at military projects. The Senate easily rejected this amendment 17-66 on May 20. For - Wrong. Against - Right.",senate_1976.csv,
1976,Senate,94,2,19,H.R.,12438,HR12438-94,Defense Spending,amendment,1976-05-20,Adopted,44,37,N,Y=Wrong; N=Right,796,https://voteview.com/rollcall/RS0940796,,6,"Opponents of the B-1 bomber renewed their attacks on continued development of this weapons system in the second session. Although unsuccessful in their efforts to block this program in 1975, the Senate reversed its direction, approving a proposal by Sen. Culver (D-Iowa) to the 1977 Defense Procurement Authorization bill disallowing the expenditure of funds for B-1 until after Feb. 1, 1977. By a 44-37 vote on May 20 the Senate accepted Culver's amendment. The amendment was later eliminated in conference. For - Wrong. Against - Right.",senate_1976.csv,
1976,Senate,94,2,16,H.R.,8532,HR8532-94,Antitrust Enforcement,cloture,1976-06-03,Agreed to,67,22,Y,Y=Right; N=Wrong,822,https://voteview.com/rollcall/RS0940822,,6,"Recognizing the inadequacies in the federal enforcement of antitrust laws against monopolistic practices, the AFL-CIO has urged corrective legislative action to protect the consumer and marketplace competition. In 1976 labor supported antitrust reform legislation which, among other provisions, would allow state attorneys general to bring antitrust suits on behalf of citizens. Despite earlier support, the Ford Administration switched signals under pressure from big business and opposed the measure. As a result, Senate conservatives filibustered the legislation in hopes of killing it. However, on June 3 the Senate by a 67-22 vote invoked cloture and thereby cut off debate. The Senate later passed the legislation. For Cloture - Right. Against Cloture - Wrong.",senate_1976.csv,
1976,Senate,94,2,14,S.,2872,S2872-94,Energy,amendment,1976-06-15,Adopted,46,45,Y,Y=Right; N=Wrong,902,https://voteview.com/rollcall/RS0940902,,6,"One of the major problems in dealing with the nation's energy crisis is congressional inability to obtain, either directly or through federal agencies, accurate information on energy supplies, costs, and needs. To correct this situation, Sen. Haskell (D-Colo.) during Senate debate on an extension of the Federal Energy Act, offered an amendment to create within the Federal Energy Administration an independent office to gather, analyze, and provide Congress with information on the nation's supply and consumption of energy. The new agency was authorized to collect financial data from energy companies as well as other information regarding separate energy activities of the industry. Despite strong industry opposition, the Senate approved Haskell's amendment by a narrow 46-45 vote on June 15. It was later modified in conference. For - Right. Against - Wrong.",senate_1976.csv,
1976,Senate,94,2,8,H.R.,10612,HR10612-94,Tax Reform (3),motion to table,1976-06-17,Agreed to,46,33,N,Y=Wrong; N=Right,910,https://voteview.com/rollcall/RS0940910,,6,"The Senate committee's tax bill significantly weakened House-passed provisions limiting tax shelters used by wealthy doctors, lawyers and executives. During debate on the bill, labor supported an amendment by Sen. Nelson (D-Wis.) to restore the House provision limiting opportunities for wealthy Americans to use paper losses in non-residential real estate, gas and oil leasing, movies, farms and sports franchises to avoid taxes. The Senate, however, on June 17 agreed 46-33 to a motion by Sen. Long (D-La.) to table and thus kill the Nelson amendment. For Tabling - Wrong. Against Tabling - Right.",senate_1976.csv,
1976,Senate,94,2,9,H.R.,10612,HR10612-94,Tax Reform (4),motion to table,1976-06-24,Agreed to,45,39,N,Y=Wrong; N=Right,943,https://voteview.com/rollcall/RS0940943,,6,"On June 24 the Senate rejected a labor-backed proposal by Sen. Mondale (D-Minn.) to tighten the minimum tax provision so as to extract a minimum amount of tax from wealthy individuals who use various gimmicks to avoid normal taxation. His amendment would have raised the minimum tax rate from 10 to 15 percent, cut the exemption to $10,000 in preference income and eliminated the present deduction for taxes paid. The Senate tabled this amendment, 45-39, on a motion by Sen. Long (D-La.) which killed the reform. For Tabling - Wrong. Against Tabling - Right.",senate_1976.csv,
1976,Senate,94,2,6,H.R.,10612,HR10612-94,Tax Reform (1),motion to table,1976-06-29,Agreed to,45,44,N,Y=Wrong; N=Right,974,https://voteview.com/rollcall/RS0940974,,6,"Under the current tax laws, U.S.-based multinational corporations pay no U.S. taxes on profits earned overseas unless the money is returned to the United States, which could be never. This tax subsidy effectively encourages these firms to shift major segments of their industries overseas. It is estimated that since 1966 this loophole has cost the nation over 1 million jobs. During debate on a major tax bill Sen. Hartke (D-Ind.) sponsored a labor-backed amendment to tax the profits at the U.S. tax rate at the time they are earned. His amendment would have phased out this tax escape over a five-year period. However, the Senate voted to kill the measure, first tabling it and then by a 45-44 vote on June 29 tabled the motion to reconsider. For Tabling - Wrong. Against Tabling - Right.",senate_1976.csv,
1976,Senate,94,2,20,S.,2150,S2150-94,Solid Waste Recycling,amendment,1976-06-30,Rejected,26,60,N,Y=Wrong; N=Right,975,https://voteview.com/rollcall/RS0940975,,6,"The AFL-CIO has long supported federal incentives to encourage efficient solid waste recycling programs. At the same time, the federation has opposed efforts to impose any kind of so-called ban-the-can legislation because of its severe impact on domestic employment and increased cost to consumers. During Senate debate on legislation providing federal funds for state and local solid waste programs through 1979, Sen. Hatfield (R-Ore.) offered a ""ban-the-can"" amendment. His proposal would have imposed a mandatory 5-cent deposit on all beer and soft drink cans and bottles within five years while banning ""pop-top"" beverage cans within one year. Strongly opposed by labor, his amendment was rejected 26-60 on June 30. For - Wrong. Against - Right.",senate_1976.csv,
1976,Senate,94,2,2,S.,3201,S3201-94,Public Works Jobs Veto (2),veto override,1976-07-21,Passed,73,24,Y,Y=Right; N=Wrong,1010,https://voteview.com/rollcall/RS0941010,,6,"A second, scaled-down version of the public works jobs bill also felt the sting of President Ford's veto. This time, however, Congress overwhelmingly overrode that action. The second bill, a $3.9 billion package would create over 300,000 jobs, maintained over $1 billion in aid to cities. On July 21 the Senate easily overrode this veto by a 73-24 vote. For - Right. Against - Wrong.",senate_1976.csv,
1976,Senate,94,2,10,H.R.,10612,HR10612-94,Tax Reform (5),amendment,1976-08-06,Adopted,48,34,Y,Y=Right; N=Wrong,1111,https://voteview.com/rollcall/RS0941111,,6,"As debate progressed on the Senate version of the tax bill the legislation became so riddled with new tax loopholes that the end result could cost the federal government over $300 million in fiscal 1977 and billions more in later years. After opening up new loopholes for corporations and wealthy individuals, the Senate tried to recoup some of these lost revenues by wiping out the tax exclusion allowed on a portion of pay received by workers during illnesses, one of the few genuine tax breaks for those in need. An amendment by Sen. Bayh (D-Ind.), approved 48-34 on Aug. 6, retained the sick pay exclusion for those earning $15,000 or less yearly. For - Right. Against - Wrong.",senate_1976.csv,
1976,Senate,94,2,7,H.R.,10612,HR10612-94,Tax Reform (2),amendment,1976-08-06,Rejected,31,43,Y,Y=Right; N=Wrong,1116,https://voteview.com/rollcall/RS0941116,,6,"A second try to close this foreign profits loophole met with a similar fate. Sen. Hollings (D-S.C.), pointing to the increased revenues to be gained both by taxing multinational firms and by preserving domestic employment, offered a similar version of the previously defeated Hartke provision. The Senate again rejected the proposal 31-43 on Aug. 6. For - Right. Against - Wrong.",senate_1976.csv,
1977,Senate,95,1,12,S.,474,S474-95,Emergency Gas Legislation,amendment,1977-01-31,Rejected,31,58,Y,Y=Right; N=Wrong,17,https://voteview.com/rollcall/RS0950017,,6,"On the heels of 1976 winter gas shortages President Carter requested legislation, eventually approved, allowing for effective deregulation of natural gas prices for a period of six months. The AFL-CIO opposed this, urging instead legislation giving the President authority to divert gas from the unregulated intrastate market and allocate it to the interstate market where and as needed. An amendment to this effect by Sen. James Abourezk (D-S.D.) was defeated 31-58 on January 31. For - Right. Against - Wrong.",senate_1977.csv,
1977,Senate,95,1,14,S.Res.,4,SRES4-95,Senate Reorganization,motion to table,1977-02-02,Agreed to,55,42,N,Y=Wrong; N=Right,28,https://voteview.com/rollcall/RS0950028,"bill inferred from Voteview roll 28's own description, `TO TABLE THE BURDICK AMENDMENT TO S. RES. 4`",6,"A proposal revising committee jurisdictions and making other changes to help the Senate streamline itself recommended elimination of the Post Office & Civil Service Committee. Its jurisdiction was to be transferred to other committees. The action effectively abolished the only Senate forum available to federal and postal workers. The AFL-CIO urged that the committee be retained, but an amendment by Sen. Quentin Burdick (D-N.D.) to maintain the committee was tabled and thus killed by a 55-42 vote on Feb. 2. For tabling - Wrong. Against - Right.",senate_1977.csv,
1977,Senate,95,1,9,S.,427,S427-95,Water Projects,amendment,1977-03-10,Adopted,65,24,Y,Y=Right; N=Wrong,45,https://voteview.com/rollcall/RS0950045,,6,"President Carter was rebuffed in his effort to trim federal spending by slashing funds for a number of water resource projects in various stages of construction throughout the United States. At a time of high unemployment and severe droughts in the West, the AFL-CIO strongly opposed this action. During debate on a public works jobs bill, Sen. Bennett Johnson (D-La.) offered an amendment prohibiting the President from withholding funds for 19 water projects. By a 65-24 vote on Mar. 10 the amendment was approved. For - Right. Against - Wrong.",senate_1977.csv,
1977,Senate,95,1,19,H.R.,1746,HR1746-95,Rhodesia Boycott,passage,1977-03-15,Passed,66,26,Y,Y=Right; N=Wrong,59,https://voteview.com/rollcall/RS0950059,,6,The AFL-CIO long supported renewed U.S. compliance with a United Nations embargo against the racist Rhodesian government. The United States had complied with the embargo until 1971 when Sen. Harry Byrd (Ind.-Va.) won Senate approval of a proviso prohibiting U.S. adherence to the trading ban involving strategic materials such as chromium ore. Although numerous attempts to reverse the Byrd amendment had failed previously the Senate by a 66-26 vote on Mar. 15 approved legislation repealing this provision. For - Right. Against - Wrong.,senate_1977.csv,
1977,Senate,95,1,10,H.R.,3477,HR3477-95,Tax Breaks For Business,motion to recommit,1977-04-21,Rejected,20,74,Y,Y=Right; N=Wrong,102,https://voteview.com/rollcall/RS0950102,,6,"Direct federal job spending has proved more effective than tax breaks in reducing unemployment and thus stimulating economic recovery. Unfortunately, President Carter's 1977 economic recovery plan relied on tax breaks for business and individuals rather than direct federal job creating expenditures. During Senate consideration of tax cut legislation, the Carter Administration reversed directions and dropped its support of tax relief. Although the Senate then scrapped individual tax cuts, it refused to drop the $2.4 billion in tax giveaways to business. On Apr. 21 the Senate defeated 20-74 a motion by Sen. Dale Bumpers (D-Ark.) to recommit the bill back to committee in order to eliminate the business tax breaks. For recommittal - Right. Against - Wrong.",senate_1977.csv,
1977,Senate,95,1,6,H.R.,4876,HR4876-95,Public Service Jobs,amendment,1977-05-02,Rejected,33,46,N,Y=Wrong; N=Right,129,https://voteview.com/rollcall/RS0950129,"tally 32-47 -> 33-46 per Voteview roll 129; bill inferred from Voteview roll 129's own description, `TO AMEND H.R. 4876, ECONOMIC STIMULUS SUPPLEMENTAL APPROPRIATIONS FOR FISCAL 1977`",6,"To encourage economic recovery through lower unemployment the AFL-CIO in early 1977 recommended significant increases in federal funds for public service jobs programs. Higher funding levels were provided in an economic stimulus appropriations measure providing monies for a wide variety of jobs programs. During debate on the measure Sen. Richard Schweiker (R-Pa.) tried to slash public service jobs funds by $3.9 billion. This would have prevented a boost in public service employment from 310,000 to 750,000 jobs in 1977. The amendment was defeated 32-47 on May 2. For - Wrong. Against - Right.",senate_1977.csv,
1977,Senate,95,1,7,S.Con.Res.,19,SCONRES19-95,Housing Funds (1),amendment,1977-05-04,Adopted,68,28,Y,Y=Right; N=Wrong,132,https://voteview.com/rollcall/RS0950132,"bill inferred from Voteview roll 132's own description, `TO AMEND S. CON. RES. 19, THE BILL SETTING FORTH A U.S. CONGRESSIONAL BUDGET FOR FISCAL 1978`",6,"Another component of labor's economic recovery plan was increased federal investment in government housing and community development programs. During debate on legislation setting tentative spending targets for various federal programs in fiscal 1978, the AFL-CIO supported an amendment by Senators William Proxmire (D-Wis.) and Edward Brooke (R-Mass.) to increase by $500 million community development aid for economically depressed cities, towns and counties. Without these funds community development activities underway in many jurisdictions would have been cut back. The amendment was approved by a 68-28 vote on May 4. For - Right. Against - Wrong.",senate_1977.csv,
1977,Senate,95,1,8,S.Con.Res.,19,SCONRES19-95,Housing Funds (2),amendment,1977-05-04,Adopted,57,39,Y,Y=Right; N=Wrong,133,https://voteview.com/rollcall/RS0950133,"bill inferred from Voteview roll 133's own description, `TO AMEND S. CON. RES. 19 BY INCREASING TO $179.9 BILLION THE OUTLAYS FOR INCOME SECURITY`",6,Another Proxmire-Brooke amendment to the fiscal 1978 budget bill restored $6.2 billion in budget authority for assistance to low and middle income housing programs. Additional federal funds for low and middle income housing programs lessen the inflationary impact of higher housing costs resulting from housing shortages while at the same time creating many new job opportunities in housing construction. On May 4 the Senate also approved this amendment by a 57-39 vote. For - Right. Against - Wrong.,senate_1977.csv,
1977,Senate,95,1,3,S.,7,S7-95,Strip Mining Controls,amendment,1977-05-19,Rejected,39,51,N,Y=Wrong; N=Right,151,https://voteview.com/rollcall/RS0950151,,6,"President Carter signed into law in 1977 labor endorsed legislation establishing federal minimum standards for state strip mining control laws. The legislation had been twice vetoed by President Ford. During Senate debate, Sen. Bennett Johnston (D-La.) offered a crippling amendment designed to weaken enforcement of federal minimum standards. The Senate rejected it by a 39-51 vote on May 19. For - Wrong. Against - Right.",senate_1977.csv,
1977,Senate,95,1,4,S.,275,S275-95,Food Stamps for Strikers,motion to table,1977-05-24,Agreed to,56,38,Y,Y=Right; N=Wrong,160,https://voteview.com/rollcall/RS0950160,"tally 38-56 -> 56-38 per Voteview roll 160: the page states the vote as the defeat of the Thurmond amendment, but the question put was the motion to TABLE it, agreed to 56-38; position Y rather than the N the printed marker gives read naively",6,"During Senate consideration of a major farm bill which included an extension of the food stamp program, Sen. Strom Thurmond (R-S.C.) attempted to deny strikers and their families food stamp benefits. Strikers are entitled to food stamp benefits if they meet the same stringent eligibility tests required of all other food stamp recipients. The Thurmond amendment was beaten 38-56 on May 24. For - Wrong. Against - Right.",senate_1977.csv,
1977,Senate,95,1,15,S.,717,S717-95,Mine Safety,substitute,1977-06-21,Rejected,30,66,N,Y=Wrong; N=Right,228,https://voteview.com/rollcall/RS0950228,,6,"Legislation to improve federal mine safety laws by combining existing mine safety laws into one improved statute and transferring enforcement jurisdiction from the Interior Dept. to the Labor Dept. was signed into law by President Carter in 1977. Leading the industry opposition against the job safety bill, Sen. Orrin Hatch (R-Utah) during Senate debate offered a crippling amendment which would have retained separate weaker laws for coal and metal miners. His weakening amendment was rejected 30-66 on June 21. For - Wrong. Against - Right.",senate_1977.csv,
1977,Senate,95,1,5,H.R.,7555,HR7555-95,Job Safety,amendment,1977-06-28,Rejected,41,47,N,Y=Wrong; N=Right,255,https://voteview.com/rollcall/RS0950255,,6,"A relic of the Ford Administration designed to delay implementation of occupational safety and health rules was an administrative requirement that any proposed OSHA job safety standard be accompanied by an impact statement assessing the economic effect of the proposed regulation. With the Carter Administration presently reviewing this time-consuming process, Sen. James McClure (R-Idaho) during debate on the Labor-HEW appropriations bill, offered an amendment to write the requirement into law. Strongly opposed by labor, McClure's amendment was defeated 41-47 on June 28. For - Wrong. Against - Right.",senate_1977.csv,
1977,Senate,95,1,13,S.,1811,S1811-95,Nuclear Energy Development,amendment,1977-07-11,Rejected,38,49,N,Y=Wrong; N=Right,275,https://voteview.com/rollcall/RS0950275,,6,"Amid an intense anti-nuclear campaign by environmentalists, the Senate was forced to reduce from $150 million to $75 million the funds authorized for development of the Clinch River nuclear breeder reactor. This demonstration project is designed to test the feasibility of breeder reactor technology as a future source of electric power. The Carter Administration as part of its energy program had proposed termination of the Clinch River program - a recommendation which the AFL-CIO opposed. During debate on the legislation allocating funds for energy research programs, Sen. Dale Bumpers (D-Ark.) offered an amendment to reduce funds even further to a phase-out level of $33 million. The amendment was defeated 38-49 on July 11. For - Wrong. Against - Right.",senate_1977.csv,
1977,Senate,95,1,16,S.,926,S926-95,Congressional Election Financing,cloture,1977-08-02,Rejected,52,46,Y,Y=Right; N=Wrong,321,https://voteview.com/rollcall/RS0950321,,6,"At present, federal financing is provided for Presidential candidates. The AFL-CIO supports legislation to extend public financing to congressional elections as well. In 1977, President Carter endorsed this election reform proposal. During debate on public financing legislation, the Senate was unable to overcome a Republican-led filibuster against the proposal. Three attempts by Majority Leader Robert Byrd (D-W.Va.) to invoke cloture and thus end debate were all defeated. The final key effort failed by a 52-46 vote on Aug. 2. Sixty votes are needed for cloture. For cloture - Right. Against - Wrong.",senate_1977.csv,
1977,Senate,95,1,17,S.,926,S926-95,Union Political Rights (1),motion to table,1977-08-03,Agreed to,67,25,Y,Y=Right; N=Wrong,329,https://voteview.com/rollcall/RS0950329,"bill inferred from Voteview roll 329's own description, `TO TABLE THE HELMS AMENDMENT TO S. 926`",6,"During debate on the public financing bill, Sen. Jesse Helms (R-S.C.) led a right-wing, anti-union effort against union political rights. An amendment he offered to the bill would have prohibited labor unions from using funds collected under a union security agreement from being used for legitimate COPE-type activities such as non-partisan voter registration drives or get-out-the-vote efforts. No such restriction was applied to corporations under his amendment. On a tabling motion by Sen. Howard Cannon (D-Nev.), the Helms amendment was rejected by a 67-25 vote on Aug. 3. For tabling - Right. Against - Wrong.",senate_1977.csv,
1977,Senate,95,1,18,S.,926,S926-95,Union Political Rights (2),motion to table,1977-08-03,Agreed to,54,37,Y,Y=Right; N=Wrong,330,https://voteview.com/rollcall/RS0950330,"bill inferred from Voteview roll 330's own description, `TO TABLE THE GRIFFIN AMENDMENT TO S. 926`",6,Conservatives made still another effort to handcuff union political activities. Sen. Robert Griffin (R-Mich.) attempted to gag labor's political voice by denying to unions and other groups the use of reduced postal rates to which any nonprofit membership organization is entitled. The Senate on Aug. 3 blocked Griffin's amendment when it approved 54-37 a tabling motion by Sen. Howard Cannon (D-Nev.). For tabling - Right. Against - Wrong.,senate_1977.csv,
1977,Senate,95,1,11,S.,2104,S2104-95,Natural Gas Price Controls,motion to table,1977-09-22,Rejected,46,52,Y,Y=Right; N=Wrong,390,https://voteview.com/rollcall/RS0950390,,6,"The oil and gas lobby won a key victory in 1977 as the Senate voted to deregulate the price of new natural gas discovered after Jan. 1, 1977. Early in debate Sen. Henry Jackson (D-Wash.), leading labor and consumer opposition to deregulation, offered a motion to table an amendment aimed at ending federal price regulation of new natural gas. The Senate, however, rejected the tabling motion on a 46-52 vote on Sept. 22. For tabling - Right. Against - Wrong.",senate_1977.csv,
1977,Senate,95,1,1,S.,1871,S1871-95,Minimum Wage (1),amendment,1977-10-07,Rejected,44,49,N,Y=Wrong; N=Right,544,https://voteview.com/rollcall/RS0950544,,6,"President Carter signed into law in 1977 labor-backed legislation making significant improvements in the federal minimum wage law. During Senate debate, Sen. Peter Domenici (R-N.Mex.) tried to establish a subminimum wage rate for full-time young workers. Fearing that the youth subminimum wage rate would result in employers firing older workers to hire underpaid younger workers, the AFL-CIO opposed this amendment. By a 44-49 vote on Oct. 7 the Senate rejected this proposal. For - Wrong. Against - Right.",senate_1977.csv,
1977,Senate,95,1,2,S.,1871,S1871-95,Minimum Wage (2),motion to table,1977-10-07,Rejected,38,51,N,Y=Wrong; N=Right,547,https://voteview.com/rollcall/RS0950547,,6,"Leading big business opposition to minimum wage legislation, Sen. John Tower (R-Tex.) tried to double the existing $250,000 annual sales volume test that exempts small businesses with earnings under this amount from paying a fair minimum wage. Tower's amendment would have removed 3.8 million workers from minimum wage protection. It was blocked when Sen. Dale Bumpers (D-Ark.) countered with an amendment to increase the exemption in two steps to $325,000 by 1980. Tower's effort to table the Bumpers amendment failed by a 38-51 margin on Oct. 7. For tabling - Wrong. Against - Right.",senate_1977.csv,
1977,Senate,95,1,20,H.R.,9346,HR9346-95,Social Security,substitute,1977-11-03,Rejected,40,50,N,Y=Wrong; N=Right,612,https://voteview.com/rollcall/RS0950612,,6,"Legislation to stabilize the financing of the social security system while increasing employer-employee tax contributions for the first time shifted a higher portion of the tax responsibility to the employer. During Senate debate Sen. Carl Curtis (R-Nev.) offered an amendment to lower the increased employer taxes and thereby make employees pay a higher social security tax. Strongly opposed by the AFL-CIO, the Curtis amendment was defeated by a 40-50 vote on Nov. 3. For - Wrong. Against - Right.",senate_1977.csv,
1978,Senate,95,2,16,,,,Panama Canal Treaties,passage,1978-03-16,Passed,68,32,Y,Y=Right; N=Wrong,702,https://voteview.com/rollcall/RS0950702,,6,"After thirteen years of negotiations between the U.S. government and Panama, the Carter Administration sent to the Senate a new Panama Canal Treaty that gives control of the Canal Zone to the Panamanian government by the year 2000. The AFL-CIO endorsed this agreement, expressing satisfaction that U.S. citizens employed at the Canal Zone would be protected and compensated and that the treaty adequately safeguards the defense, operation, and permanent neutrality of the Canal Zone. An intense right-wing campaign was launched against ratification of the new agreement which contained two treaties - one guaranteeing the Canal Zone's permanent neutrality and the second turning the Zone over to Panama. Both treaties were ratified by identical 68-32 votes on Mar. 16 and Apr. 19. A two-thirds majority approving the treaties was required. For - Right. Against - Wrong.",senate_1978.csv,
1978,Senate,95,2,8,S.,2493,S2493-95,Worker Protections,substitute,1978-04-19,Rejected,43,48,N,Y=Wrong; N=Right,760,https://voteview.com/rollcall/RS0950760,,6,"Legislation reducing federal regulation of the airline industry contained important worker safeguards. The bill authorized the establishment of a program compensating airline employees suffering job losses or salary cuts as a result of airline deregulation. During debate on the bill, Sen. Edward Zorinsky (D-Neb.) attempted to remove these protections by replacing them with much weaker provisions. Zorinsky's amendment was beaten by a 43-48 vote on Apr. 19. For - Wrong. Against - Right.",senate_1978.csv,
1978,Senate,95,2,17,S.Con.Res.,86,SCONRES86-95,Mid-East Jet Sale,passage,1978-05-15,Rejected,44,54,Y,Y=Right; N=Wrong,797,https://voteview.com/rollcall/RS0950797,,6,"On another controversial foreign affairs issue, President Carter proposed to sell fighter planes to Israel, Saudia Arabia and Egypt. The AFL-CIO objected to the sale of these planes to the Arab countries because the agreement contained insufficient guarantees that these sophisticated weapons would not be used in an attack on Israel. On May 15 the Senate rejected a resolution of disapproval blocking the sale of jets to the Arab nations by a 44-54 vote. For disapproval - Right. Against disapproval - Wrong.",senate_1978.csv,
1978,Senate,95,2,1,H.R.,8410,HR8410-95,Labor Law Reform (1),cloture,1978-06-07,Rejected,42,47,Y,Y=Right; N=Wrong,798,https://voteview.com/rollcall/RS0950798,"bill inferred from Voteview roll 798's own description, `TO INVOKE CLOTURE ON H.R. 8410, THE LABOR LAW REFORM ACT OF 1978`",6,"A filibuster by anti-labor, right-wing senators backed by the National Right to Work Committee and the lobbies of every major business interest succeeded in blocking Senate consideration of the House-passed Labor Law Reform bill. The legislation was designed to better protect workers' rights to seek union representation by expediting the administration and procedures of the National Labor Relations Act and by strengthening penalties against labor law violators. Supported by the Carter Administration, this package of reforms represented the most important revision of labor law since the passage of the Wagner Act in 1935. Under the rules of the Senate unlimited debate - filibuster - can continue until 60 senators vote to limit debate by adopting cloture. The leadership and floor managers of the bill allowed three weeks of filibuster - to satisfy the concerns of senators for ""adequate"" debate - and then set in motion a series of cloture votes to gradually build strength to curb debate. The attempts eventually failed by the narrowest of margins from realizing the necessary 60 votes. The first vote came on June 7, failing, as expected, by 42-47. For - Right. Against - Wrong.",senate_1978.csv,
1978,Senate,95,2,2,H.R.,8410,HR8410-95,Labor Law Reform (2),cloture,1978-06-08,Rejected,49,41,Y,Y=Right; N=Wrong,799,https://voteview.com/rollcall/RS0950799,"bill inferred from Voteview roll 799's own description, `TO INVOKE CLOTURE ON H.R. 8410`",6,A second cloture move was rejected by a 49-41 vote on June 8. For - Right. Against - Wrong.,senate_1978.csv,
1978,Senate,95,2,3,H.R.,8410,HR8410-95,Labor Law Reform (3),motion to table,1978-06-08,Agreed to,51,37,Y,Y=Right; N=Wrong,800,https://voteview.com/rollcall/RS0950800,"bill inferred from Voteview roll 800's own description, `TO TABLE THE BAKER MOTION TO RECOMMIT H.R. 8410 TO THE COMMITTEE ON HUMAN RESOURCES`",6,"A third key vote on Labor Law Reform also came on June 8 when the anti-labor conservative opponents of the bill tried to kill it by recommitting it to the Human Resources Committee. The motion to recommit, made by Sen. Howard Baker (R-Tenn.), was shelved on a tabling motion by Sen. Robert Byrd (D-W.Va.), approved by a 51-37 vote. For tabling - Right. Against tabling - Wrong.",senate_1978.csv,
1978,Senate,95,2,4,H.R.,8410,HR8410-95,Labor Law Reform (4),cloture,1978-06-13,Rejected,54,43,Y,Y=Right; N=Wrong,801,https://voteview.com/rollcall/RS0950801,,6,The third cloture attempt failed by 54-43 on June 13. For - Right. Against - Wrong.,senate_1978.csv,
1978,Senate,95,2,5,H.R.,8410,HR8410-95,Labor Law Reform (5),cloture,1978-06-14,Rejected,58,41,Y,Y=Right; N=Wrong,802,https://voteview.com/rollcall/RS0950802,,6,Another cloture effort to cut off the filibuster against the labor law reform bill failed by 58-41 on June 14. For - Right. Against - Wrong.,senate_1978.csv,
1978,Senate,95,2,6,H.R.,8410,HR8410-95,Labor Law Reform (6),cloture,1978-06-15,Rejected,58,39,Y,Y=Right; N=Wrong,803,https://voteview.com/rollcall/RS0950803,,6,"A fifth cloture motion again failed to achieve the 60 votes necessary to end to the filibuster. The cloture motion was defeated by a 58-39 vote on June 15. Following this, a sixth, meaningless cloture vote also failed on June 16 and the bill was then recommitted to the Human Resources Committee for modification and discussions to obtain the additional votes necessary for cloture. For - Right. Against - Wrong.",senate_1978.csv,
1978,Senate,95,2,9,H.R.,12930,HR12930-95,Federal Workers' Wages,amendment,1978-06-27,Rejected,21,69,Y,Y=Right; N=Wrong,817,https://voteview.com/rollcall/RS0950817,,6,"For the last decade consecutive Democratic and Republican administrations have made federal workers a primary target of inflation-fighting efforts. In 1978 the Senate Appropriations Committee reported a Treasury-Postal Service appropriations bill that mandates a 5.5 percent pay cap on the catch-up wage increases of federal blue collar workers. This arbitrary action came long before the Federal Pay Panel, which by law makes pay recommendations to the President on comparability rates for government workers, had made its findings. During debate on the appropriations bill, Sen. Ted Stevens (R-Alaska) tried to delete the pay cap. His amendment was defeated, however, by a 21-69 vote on June 27. For - Right. Against - Wrong.",senate_1978.csv,
1978,Senate,95,2,11,S.,419,S419-95,Energy,amendment,1978-06-27,Rejected,34,51,N,Y=Wrong; N=Right,820,https://voteview.com/rollcall/RS0950820,,6,The AFL-CIO supports establishment of a government corporation to construct prototype and new energy facilities to serve as a cost yardstick for energy development as well as to determine the feasibility of national long-term commitments to new energy sources. Sen. Clifford Hansen (R-Wyo.) tried to strike a provision allowing formation of federally-owned testing facilities to direct and develop the oil shale demonstration project. Hansen offered his amendment to an energy bill authorizing funds to finance extraction of oil from shale rock. His amendment was defeated by a 34-51 vote on June 27. For - Wrong. Against - Right.,senate_1978.csv,
1978,Senate,95,2,14,H.R.,2777,HR2777-95,Consumer Cooperatives,substitute,1978-07-13,Rejected,35,59,N,Y=Wrong; N=Right,847,https://voteview.com/rollcall/RS0950847,,6,The AFL-CIO backed legislation in the 95th Congress to establish a consumer cooperative bank to provide funds to encourage the development of non-profit cooperatives that provide goods and services to consumers at low cost. During debate on the bill conservatives led by Sen. John Tower (R-Tex.) offered a crippling substitute bill to allow only for a two-year pilot project. The Senate rejected the substitute 35-59 on July 13. For - Wrong. Against - Right.,senate_1978.csv,
1978,Senate,95,2,12,S.,3084,S3084-95,Housing (1),amendment,1978-07-19,Adopted,60,21,N,Y=Wrong; N=Right,863,https://voteview.com/rollcall/RS0950863,,6,"Low and middle income families have been hardest hit by the spiraling of housing costs with many now spending 25-50 percent of their income for this necessity. As a result, increasing numbers of families cannot afford to buy their own home. To help blunt climbing housing prices, 1978 legislation included increased funding for various federally subsidized housing and rental programs. During floor debate, Sen. Lawton Chiles (D-Fla.) sought to cut the authorization level by some $626 million. This called for reducing the number of new low-income rental units by over 100,000 while slashing subsidies for public housing operations and rental relief for the poor in private housing. Despite AFL-CIO opposition, the Chiles amendment was approved by a 60-21 vote on July 19. For - Wrong. Against - Right.",senate_1978.csv,
1978,Senate,95,2,18,S.,3075,S3075-95,Visas for Foreign Visitors,motion to table,1978-07-26,Rejected,42,50,N,Y=Wrong; N=Right,887,https://voteview.com/rollcall/RS0950887,,6,"A 1977 amendment by Sen. George McGovern (D-S. Dak.) lifted State Dept. restrictions on the issuance of entry visas to Communists in the name of encouraging the United States and other signatories to the Helsinki agreement to comply with its human rights provisions. As a result, however, Soviet agents have come to the United States as ""trade union"" representatives, despite the fact that Soviet ""unions"" are not genuine worker organizations but instrumentalities of the Soviet state designed to enforce labor discipline. The McGovern Amendment has also permitted entry to members of the terrorist Palestinian Liberation Organization (PLO). The AFL-CIO strongly opposed the McGovern Amendment and urged its repeal in 1978. During debate on a foreign military assistance bill, Sen. Howard Baker (R-Tenn.) offered an amendment to delete the McGovern proviso from existing law. An effort by McGovern to table the Baker amendment was rejected by a 42-50 vote on July 26. For tabling - Wrong. Against tabling - Right.",senate_1978.csv,
1978,Senate,95,2,7,H.R.,11445,HR11445-95,Job Safety,motion to table,1978-08-02,Rejected,42,51,Y,Y=Right; N=Wrong,910,https://voteview.com/rollcall/RS0950910,,6,A yearly target of the right wing in Congress has been the landmark Occupational Safety & Health Act (OSHA) enacted in 1970 to promote safety and protect American workers at their job site. The 1978 assault on OSHA came during Senate debate on a small business authorization bill. Sen. Dewey Bartlett (R-Okla.) offered an amendment to exempt from the job safety law work sites of 10 or fewer employees in an occupational category where the job related injury-illness rate is less than 7 per 100 full time workers based on an existing annual government survey. That survey is widely regarded as defective because it is based on insufficient and outdated information and thus cannot properly evaluate job-related illness rates. The effect of the Bartlett amendment would be to exempt an estimated 10.5 million workers from job safety protections. An effort by Sen. Gaylord Nelson (D-Wis.) to table and thus kill the Bartlett amendment was rejected by the Senate on a 42-51 vote on Aug. 2. For tabling - Right. Against tabling - Wrong.,senate_1978.csv,
1978,Senate,95,2,13,H.R.,12936,HR12936-95,Housing (2),amendment,1978-08-07,Adopted,45,42,N,Y=Wrong; N=Right,931,https://voteview.com/rollcall/RS0950931,,6,"During debate on 1979 housing appropriations which included environmental construction and research funding for other agencies, Sen. William Proxmire (D-Wis.) proposed cutting $810 million from the bill. This would reduce by $24 million contract authority for public housing, $20 million from urban development programs, $250 million from water pollution control construction grants and $15 million from science and space research programs. By a 45-42 vote on Aug. 7 the Senate approved the Proxmire amendment. For - Wrong. Against - Right.",senate_1978.csv,
1978,Senate,95,2,15,H.R.,12050,HR12050-95,Tuition Tax Credits,amendment,1978-08-15,Adopted,56,41,Y,Y=Right; N=Wrong,954,https://voteview.com/rollcall/RS0950954,,6,"Organized labor historically has been in the forefront of federal, state and local efforts to provide for free public education for all. In keeping with this position, the AFL-CIO strongly opposed in 1978 proposals to provide for a tuition tax credit for families who choose to send their children to private schools. Tuition tax credits for private elementary and secondary school expenses would benefit mostly higher income persons and cost the federal treasury an estimated $1.2 billion in the first year. This revenue drain would eventually be taken out of the total education budget, thus seriously impairing federal aid to the nation's public school system. During debate on legislation to provide tuition tax credits for elementary, secondary, and college education, Sen. Ernest Hollings (D-S.C.) sponsored a labor-backed amendment to strike the tax credits for elementary and secondary schools. The Senate approved this amendment by a 56-41 vote on Aug. 15. For - Right. Against - Wrong.",senate_1978.csv,
1978,Senate,95,2,10,S.,2539,S2539-95,Education,passage,1978-08-16,Passed,68,28,Y,Y=Right; N=Wrong,960,https://voteview.com/rollcall/RS0950960,,6,"Skyrocketing tuition costs have made it impossible for many middle income American families to afford a college education for their children. To help partially alleviate this financial burden, the Carter Administration proposed legislation sponsored by Sen. Claiborne Pell (D-R.I.) providing educational cash grants to families with incomes up to $25,000. The bill also expands access to interest-subsidized educational loans for all families. Backed by labor, this educational assistance program was approved by a 68-28 margin on Aug. 16. For - Right. Against - Wrong.",senate_1978.csv,
1978,Senate,95,2,19,H.J.Res.,554,HJRES554-95,D.C. Representation in Congress,passage,1978-08-22,Passed,67,32,Y,Y=Right; N=Wrong,986,https://voteview.com/rollcall/RS0950986,,6,"A constitutional amendment to allow full congressional voting representation for the nation's capital was approved by Congress in 1978. Backed by labor, civil rights and other groups, the amendment would grant Washington, D.C., two senators and voting members of the House of Representatives. D.C. now has a non-voting House delegate. The constitutional amendment was approved by a 67-32 vote on Aug. 22 - exceeding the two-thirds majority required for Senate ratification. Senate approval of the House-passed measure completed the congressional ratification process. Approval by three-fourths (38) of the states by 1985 is required before the amendment is added to the Constitution. For - Right. Against - Wrong.",senate_1978.csv,
1979,Senate,96,1,19,S.Res.,61,SRES61-96,Filibuster Reform,motion to table,1979-02-22,Agreed to,52,39,Y,Y=Right; N=Wrong,2,https://voteview.com/rollcall/RS0960002,,8,"The filibuster is a Senate procedure allowing unlimited debate on a bill unless 60 senators vote to invoke cloture to end debate. Filibuster has allowed a minority of Senate conservatives to repeatedly thwart labor-backed economic and social legislation, including the 1978 House-passed Labor Law Reform bill. However, even after 60 senators have voted to invoke cloture, many dilatory tactics have been devised to carry out a second or post-cloture filibuster. Majority Leader Sen. Robert Byrd (D-W.Va.) moved to restrict these tactics by limiting debate after cloture to one hundred hours. Conservatives led by Sen. Jesse Helms (R-N.C.) tried to cripple this important rule change by proposing that only eight hours of the 100-hour post-cloture debate could occur each day, thus guaranteeing at least 8 1/2 days of post-cloture filibuster. The conservatives were beaten when the Senate, on Feb. 22, approved a tabling motion by Sen. Byrd, 52-39. The AFL-CIO urged grass roots activities on this vote. For tabling - Right. Against tabling - Wrong.",senate_1979.csv,
1979,Senate,96,1,10,H.R.,2534,HR2534-96,Balance the Federal Budget,motion to table,1979-03-26,Agreed to,46,44,Y,Y=Right; N=Wrong,20,https://voteview.com/rollcall/RS0960020,,7,"In the wake of the so-called tax revolt of 1978, conservatives attempted to prohibit deficit spending by forcing Congress to adopt a balanced federal budget, regardless of economic conditions. Without the option of deficit spending, recessions could easily turn into depressions as economic stimulus programs, including public works, public service jobs, mass transit, housing, etc., could lead to an unbalanced budget and, therefore, would be outlawed. A key fight on balancing the budget came during floor debate on a bill to increase the public debt ceiling. Sen. Robert Dole (R-Kan.) tried to prevent debt limit increases regardless of economic circumstances after 1980 unless the budget is balanced or a deficit is approved by a three-fifths vote of Congress. His amendment would give control over congressional economic programs to a legislative minority. The Senate killed the Dole amendment, 46-44, on a tabling motion by Sen. Russell Long (D-La.) on Mar. 26. For tabling - Right. Against tabling - Wrong.",senate_1979.csv,
1979,Senate,96,1,12,H.R.,2283,HR2283-96,Waste in Government,amendment,1979-04-02,Rejected,28,56,Y,Y=Right; N=Wrong,34,https://voteview.com/rollcall/RS0960034,,7,"A major example of waste in government spending occurs when industry collects excessive profits on Defense Dept. contracts. To stop business from defrauding the taxpayer and to recover overcharges, Congress established the Renegotiation Board in 1951. Since its creation, the board has made overcharge determinations resulting in federal savings of $1.3 billion. In fiscal 1978 alone over $34 million in excess profits were uncovered. For years, big business has sought to eliminate this effective watchdog agency. Despite their calls for reductions in wasteful federal spending, the Chamber of Commerce, National Association of Manufacturers and other allies succeeded, in 1979, in cutting off funds for the board. A last gasp effort by Sen. William Proxmire (D-Wis.) to provide interim funding was rejected, 28-56, on Apr. 2. When the Renegotiation Board went out of business, 6,000 cases were still pending, of which 11 alone amounted to claims of over $11 million in taxpayers' funds. For - Right. Against - Wrong.",senate_1979.csv,
1979,Senate,96,1,14,S.Con.Res.,22,SCONRES22-96,Food Stamps,amendment,1979-04-25,Rejected,30,61,N,Y=Wrong; N=Right,49,https://voteview.com/rollcall/RS0960049,"bill inferred from Voteview roll 49's own description, `TO AMEND S. CON. RES. 22`",7,"The food stamp program has been the major federal weapon in the war on hunger. By the end of 1978, the program was helping some 15.6 million poor people. However, 1977 legislation rewrote the original food stamp law and clamped a short-sighted spending lid on the program. Legislators had underestimated the current number of eligible poor people and failed to anticipate the skyrocketing cost of food over the last few years. Keeping an unrealistic spending lid on the program threatened to cut off food assistance to the hungry. The Senate Budget Committee recognized this need and removed the funding cap from its version of the first budget resolution. An attempt by Sen. Richard Lugar (R-Ind.) to restore the cap, thus cutting over $1 billion from the program, was rejected by the Senate, 30-61, on Apr. 25. For - Wrong. Against - Right.",senate_1979.csv,
1979,Senate,96,1,1,S.,210,S210-96,Right-to-Work,motion to table,1979-04-30,Agreed to,68,24,Y,Y=Right; N=Wrong,67,https://voteview.com/rollcall/RS0960067,,7,"Newly elected right-wing conservatives wasted little time in beginning their anti-labor assault in the 96th Congress. Freshman Sen. Roger Jepsen (R-Iowa) tried his luck with a ""right-to-work"" amendment during debate on a bill creating a separate Dept. of Education. His amendment would have forced the new department to write federal regulations prohibiting school bargaining units from negotiating union security agreements that require new employees to join the union and pay their fair share of contract costs. Ruled out of order, Jepsen appealed the ruling. Majority Leader Sen. Robert Byrd (D-W.Va.) offered a motion to table the appeal, which the Senate approved, 68-24, on Apr. 30, thus killing the proposal. For tabling - Right. Against tabling - Wrong.",senate_1979.csv,
1979,Senate,96,1,16,S.,721,S721-96,Civil Rights,motion to table,1979-06-07,Agreed to,49,46,Y,Y=Right; N=Wrong,123,https://voteview.com/rollcall/RS0960123,,8,"The anti-busing controversy reared its head again in 1979 as Senate conservatives sought to curry favor among this single-issue constituency. The AFL-CIO has supported the use of busing as a last-resort tool to achieve equal education opportunity when all else fails. During Senate debate on a funding bill for the federal Civil Rights Commission, Sen. Jesse Helms (R-N.C.) tried to prohibit both court-ordered and voluntary busing. His amendment was defeated, 49-46, on a tabling motion by Sen. Birch Bayh (D-Ind.) on June 7. For tabling - Right. Against tabling - Wrong.",senate_1979.csv,
1979,Senate,96,1,15,S.,428,S428-96,Rhodesian Sanctions,motion to table,1979-06-12,Agreed to,52,41,N,Y=Wrong; N=Right,126,https://voteview.com/rollcall/RS0960126,,8,"The AFL-CIO has repeatedly opposed efforts by congressional conservatives to end prematurely U.S. compliance with the United Nations trade and economic sanctions imposed against the Rhodesian government. The installation of a new government in June of 1979 has brought hope of eventual majority rule and full domestic rights in Rhodesia. Until real progress is made in reaching these goals, the AFL-CIO and the Carter Administration oppose efforts to unilaterally lift economic sanctions. In 1979, Senate conservatives on the Armed Services Committee succeeded in amending a Defense Dept. funding bill with language to end the sanctions immediately. During floor debate, Sen. Paul Tsongas (D-Mass.) led efforts to reverse the committee. His amendment to reinstate the sanctions was blocked by the Senate, 52-41, on June 12, on a tabling motion by Sen. John Stennis (D-Miss.). For tabling - Wrong. Against tabling - Right.",senate_1979.csv,
1979,Senate,96,1,2,H.R.,3875,HR3875-96,Davis-Bacon I,amendment,1979-07-13,Rejected,35,57,N,Y=Wrong; N=Right,165,https://voteview.com/rollcall/RS0960165,,7,"After thwarting labor law reform, situs picketing and other key labor legislation in the last Congress, big business launched a major effort in the 96th Congress to undo longstanding labor standards. Their first target: elimination of the wage protections of the Davis-Bacon Act, a 48-year-old law requiring the payment of prevailing wages to building trades workers on federally-financed construction projects. Davis-Bacon discourages cut-throat contract bidding based on paying low wages. The first attack came on an amendment by Sen. Jake Garn (R-Utah) to a federal housing bill. He proposed exempting the Davis-Bacon journeymen-apprenticeship ratio from residential rehabilitation projects undertaken by federally-funded, non-profit neighborhood groups. The Senate on July 13 rejected the amendment, 35-57. The AFL-CIO urged grass roots activities on this vote. For - Wrong. Against - Right.",senate_1979.csv,
1979,Senate,96,1,9,H.R.,4388,HR4388-96,Energy II - Energy Development,amendment,1979-07-17,Rejected,46,51,N,Y=Wrong; N=Right,179,https://voteview.com/rollcall/RS0960179,,7,"If the United States is to become energy self-sufficient, all energy sources need to be developed so long as they are safe, clean and cost efficient. One of these sources is hydroelectric power - energy generated by water power - of which the Dickey-Lincoln Power Project is a key component. On the drawing board since 1965, the project along the St. John's River in Maine would provide low-cost, TVA-type power to the New England area and cut U.S. oil imports by 2.3 million barrels yearly. The project has been strongly opposed by private utility interests and environmental groups. During debate on an energy appropriations bill, Sen. William Cohen (R-Me.) tried to cut funds for continued development of the project. The Senate rejected his amendment, 46-51, on July 17. For - Wrong. Against - Right.",senate_1979.csv,
1979,Senate,96,1,6,H.R.,4389,HR4389-96,Job Safety II,motion to table,1979-07-19,Agreed to,59,35,N,Y=Wrong; N=Right,195,https://voteview.com/rollcall/RS0960195,,7,"A second assault on federal job safety programs came when Sen. Dale Bumpers (D-Ark.) tried to exempt hazardous sand, gravel, and other surface mining operations from the training requirements of the Mine Safety & Health Act. The law currently mandates 24 hours of employee job safety training in these occupations. The key vote on the Bumpers amendment came when Sen. Harrison Williams (D-N.J.) attempted to modify, and thus sidetrack, the Bumpers amendment. This strategy was blocked on July 19 when Sen. Mark Hatfield (R-Ore.) persuaded the Senate to table the Williams modifier, 59-35. For tabling - Wrong. Against tabling - Right.",senate_1979.csv,
1979,Senate,96,1,7,H.R.,4389,HR4389-96,Jobs for the Unemployed,motion to table,1979-07-20,Agreed to,50,43,Y,Y=Right; N=Wrong,199,https://voteview.com/rollcall/RS0960199,,7,"A major weapon against high unemployment is the federally funded public service jobs program under the Comprehensive Employment & Training Act (CETA). Title VI of CETA provides an important counter-cyclical component that adds funding for jobs when the unemployment rates increase. In 1979, about a half-million jobs were funded under the counter-cyclical program. CETA became a target of conservatives who sought to cut federal spending at the expense of the unemployed. During debate on a Labor Dept. funding bill, Sen. Lawton Chiles (D-Fla.) tried to slash $505 million from counter-cyclical job funds. This would have cut the program to 100,000 jobs by the end of the fiscal year. The Senate rejected this amendment by agreeing to a tabling motion by Sen. Warren Magnuson (D-Wash.) 50-43, on July 20. The AFL-CIO urged grass roots activities on this vote. For tabling - Right. Against tabling - Wrong.",senate_1979.csv,
1979,Senate,96,1,5,H.R.,4389,HR4389-96,Job Safety I,motion,1979-07-20,Agreed to,54,38,N,Y=Wrong; N=Right,200,https://voteview.com/rollcall/RS0960200,,7,"The business-backed attack on working people was also directed at crippling the federal Occupational Safety & Health Act which protects American workers on the job. Sen. Frank Church (D-Ida.) offered an OSHA amendment to a Labor Dept. funding bill exempting job-safety inspections on all businesses of 10 or fewer employees with so-called ""low"" overall accident rates. His amendment excluded some 9.7 million workers or 15 percent of all employees covered by OSHA as well as 70 percent of businesses now subject to OSHA inspections. The industry classifications used in the Church amendment lumped safe and hazardous business together, leaving unprotected many workers in the most dangerous occupations. Despite strong AFL-CIO opposition, the Church amendment was ruled germane, that is, relevant to the bill, by a 54-38 vote on July 20, thus clearing the amendment for passage. (However, a compromise amendment, proposed by Senators Ted Stevens (R-Alaska) and Richard Schweiker (R-Pa.) was adopted in place of the Church amendment, substantially narrowing the circumstances under which a job site would be exempted.) The AFL-CIO urged grass roots activities on this vote. For germaneness - Wrong. Against germaneness - Right.",senate_1979.csv,
1979,Senate,96,1,8,S.,737,S737-96,Energy I - Alaskan Oil Exports,motion to table,1979-07-21,Agreed to,52,30,Y,Y=Right; N=Wrong,206,https://voteview.com/rollcall/RS0960206,,7,"The energy crisis of 1979 could have gotten far worse had the Congress approved a proposal to allow the oil industry to export Alaskan oil. The export of Alaskan oil would have saved oil companies transportation costs but would have done nothing to lower U.S. oil prices. The proposal would have chilled new U.S. refinery construction and potential for a California-Texas pipeline. The AFL-CIO and consumer groups vigorously fought this scheme at a time when oil and gas shortages were already driving up energy costs and threatening workers' living standards and the U.S. economy. The Senate addressed this issue in federal export policy legislation that contained restrictions on the export of Alaskan oil unless it benefitted U.S. consumers. An amendment by Sen. Ted Stevens (R-Alaska) to water down these safeguards was rejected as the Senate approved, 52-30, a tabling motion by Sen. Donald W. Riegle (D-Mich.) on July 21. The AFL-CIO urged grass roots activities on this vote. For tabling - Right. Against tabling - Wrong.",senate_1979.csv,
1979,Senate,96,1,4,H.R.,111,HR111-96,Collective Bargaining Rights,amendment,1979-07-26,Adopted,53,45,Y,Y=Right; N=Wrong,220,https://voteview.com/rollcall/RS0960220,,7,"The Senate Armed Services Committee, dominated by conservatives, continued its anti-worker ways by eliminating House-approved collective bargaining protections for Canal Zone workers in legislation to implement the 1978 Panama Canal treaties. The House bill gave these workers the safeguards of Title VII of the 1978 Civil Service Reform Act which established a collective bargaining system covering all issues except wages, which are set separately by law. During floor debate, Sen. Charles Mathias (R-Md.) succeeded in reversing the committee action. The Senate adopted his amendment to restore the Title VII protections, 53-45, on July 26. For - Right. Against - Wrong.",senate_1979.csv,
1979,Senate,96,1,13,H.R.,4394,HR4394-96,Housing,amendment,1979-07-27,Rejected,36,52,N,Y=Wrong; N=Right,231,https://voteview.com/rollcall/RS0960231,,7,"Low and middle-income families have been hardest hit by spiraling housing costs and mortgage interest rates. Many workers are either priced out of the market altogether or face the prospect of spending up to 50 percent of their income on housing. The federal government has a variety of subsidized housing and rental assistance programs to bring monthly housing payments within reach of average-income families. However, amid congressional efforts to cut back federal spending, subsidized housing programs to help the needy were targeted by the budget-cutters. Sen. William Proxmire (D-Wis.) attempted to slash $700 million in appropriations to subsidized housing for fiscal 1980. The Senate on July 27 rejected the amendment, 36-52. The AFL-CIO urged grass roots activities on this vote. For - Wrong. Against - Right.",senate_1979.csv,
1979,Senate,96,1,3,S.,1319,S1319-96,Davis-Bacon II,motion to table,1979-07-30,Rejected,40,57,N,Y=Wrong; N=Right,233,https://voteview.com/rollcall/RS0960233,position Y -> N: the card prints `For tabling - Right.` but its own sentence says the AFL-CIO backed Melcher and that Exon's motion to table him was beaten; the roster grid agrees with the sentence,7,"Conservatives on the Senate Armed Services Committee succeeded in tacking onto a military funding bill a provision waiving Davis-Bacon protections on military construction projects. During floor debate Sen. John Melcher (D-Mont.) offered an amendment increasing to $10,000 from $2,000 the dollar threshold on contracts exempt from Davis-Bacon. His amendment, which excluded maintenance and repair work, also carried safeguards preventing builders from subdividing contracts to escape the new threshold. The AFL-CIO and its building trades' unions backed the Melcher amendment as a realistic change in the law and as a way to block a pending amendment by Sen. James Exon (D-Neb.) to bump the threshold to $50,000. If Exon had succeeded, one-fourth of construction workers on all federal projects would have lost Davis-Bacon protections. Exon's attempt to table the Melcher amendment was beaten, 40-57, on July 30. The AFL-CIO urged grass roots activities on this vote. For tabling - Right. Against tabling - Wrong.",senate_1979.csv,
1979,Senate,96,1,18,S.,1477,S1477-96,Federal Regulations,motion to table,1979-09-07,Rejected,27,51,Y,Y=Right; N=Wrong,263,https://voteview.com/rollcall/RS0960263,,8,"Throughout 1979, business groups campaigned to eliminate federal regulation of industry. In an attempt to hamstring regulatory agencies, Sen. Dale Bumpers (D-Ark.) sponsored an amendment to a federal courts bill that would deny federal regulations the legal presumption of validity as formulated and upheld by the U.S. Supreme Court. By switching the burden of proof from persons contesting a rule to the agency issuing it, the Bumpers amendment would make it much easier to induce federal courts to strike down or interpret regulations against the public interest, including those dealing with health, safety, consumers and other economic, political and social affairs. Despite already overburdened court dockets, the Senate on Sept. 7 rejected, 27-51, an attempt by Sen. John Culver (D-Iowa) to table the Bumpers amendment. For tabling - Right. Against tabling - Wrong.",senate_1979.csv,
1979,Senate,96,1,17,S.,14,S14-96,Subsidizing Big Business,motion to table,1979-09-13,Agreed to,52,43,Y,Y=Right; N=Wrong,275,https://voteview.com/rollcall/RS0960275,position N -> Y: the card prints `For tabling - Wrong.` but its own sentence says the tabling motion beat Morgan and paved the way for the Hatfield reform; the roster grid agrees with the sentence,8,"The 1902 Federal Reclamation Act provides federal subsidies for dam and irrigation projects designed to make arid western land agriculturally productive. To prevent corporate land-grabbing, the 1902 law restricted subsidized water to small, 160-acre family-sized farms. However, lax enforcement has provided billions of dollars in windfall tax subsidies to large agribusiness land-holding monopolies. To end this corporate welfare scheme, the AFL-CIO has long supported stricter enforcement of the law and loophole-closing reforms in the reclamation program. During 1979 debate on reclamation legislation, Sen. Mark Hatfield (R-Ore.) offered such an amendment to restrict large growers from evading acreage limitations through unlimited land-leasing schemes. An attempt by Sen. Robert Morgan (D-N.C.) to weaken the amendment was beaten, 52-43, on a tabling motion on Sept. 13, paving the way for adoption of the Hatfield reform. The AFL-CIO urged grass roots activities on this vote. For tabling - Wrong. Against tabling - Right.",senate_1979.csv,
1979,Senate,96,1,11,S.Con.Res.,36,SCONRES36-96,Federal Budget,motion to table,1979-09-19,Agreed to,57,41,Y,Y=Right; N=Wrong,299,https://voteview.com/rollcall/RS0960299,"bill inferred from Voteview roll 299's own description, `TO TABLE THE BUMPERS AMENDMENT TO S. CON. RES. 36`",7,"The 1974 Budget Act created a congressional process to review and set federal spending goals. The initial step - the first budget resolution - establishes desired spending targets for the next fiscal year and must be enacted by May 15 of each year. The next step - the second budget resolution - sets the specific funding levels for the next fiscal year taking into account economic changes since the first budget resolution. During Senate debate on the second budget resolution, floor amendments to increase defense spending caused a $3.2 billion increase in the federal deficit. To eliminate this added deficit, Sen. Dale Bumpers (D-Ark.) proposed a $2.9 billion cut in spending other than defense, primarily reducing social programs. The AFL-CIO opposes any such ""guns-or-butter"" transfer amendment which would sacrifice one program, be it social needs or national defense, at the expense of the other. The Senate voted 57-41 to table the Bumpers amendment on Sept. 19. For tabling - Right. Against tabling - Wrong.",senate_1979.csv,
1980,Senate,96,1,14,H.R.,5359,HR5359-96,Jobs for the Unemployed,amendment,1979-11-06,Rejected,29,59,Y,Y=Right; N=Wrong,387,https://voteview.com/rollcall/RS0960387,,8,"During debate on a Defense Dept. appropriations bill, Sen. Daniel P. Moynihan (D-N.Y.) tried to assist areas experiencing economic distress and high unemployment by setting aside a limited amount of funding for defense supply contracts for these areas. His amendment was backed by the AFL-CIO as a means of targeting federal spending to areas most in need. Although the jobless rate was increasing, the Senate rejected the Moynihan amendment by a 29-59 vote on Nov. 6, 1979. For - Right. Against - Wrong.",senate_1980.csv,
1980,Senate,96,1,18,S.,932,S932-96,Energy II - Energy Development,motion to table,1979-11-07,Agreed to,55,37,Y,Y=Right; N=Wrong,390,https://voteview.com/rollcall/RS0960390,,8,"One of the major bills of the 96th Congress, designed to secure energy independence for the United States, was a $20-billion proposal to provide financial incentives to private industry to develop synthetic fuels. Once underway this new energy industry would also create thousands of new job opportunities for American workers. During debate, Sen. Paul Tsongas (D-Mass.) tried to slash in half the funds for this energy program. His amendment also knocked out a key AFL-CIO-backed provision to allow government ownership of synthetic fuel corporations if there proved to be insufficient interest in the private sector. On a tabling motion by Sen. Bennett Johnston (D-La.), the Tsongas proposal was defeated 55-37 on Nov. 7, 1979. For tabling - Right. Against tabling - Wrong.",senate_1980.csv,
1980,Senate,96,1,17,H.R.,3919,HR3919-96,Energy I - Oil Industry Profits,motion to table,1979-12-12,Rejected,44,53,N,Y=Wrong; N=Right,470,https://voteview.com/rollcall/RS0960470,"nay 63 -> 53 per Voteview roll 470 (HR3919, same date)",8,"Early in 1979, President Carter decontrolled the price of domestically produced crude oil, an action the Treasury Dept. acknowledges will cost consumers $1.1 trillion over the next 10 years. This action is already having a catastrophic inflationary effect on the economy and the pocketbooks of workers. To recover billions of dollars in excess oil company profits for development of alternative energy sources, the President proposed a windfall profits tax. The AFL-CIO found the proposal inadequate and, facing a Congress unwilling to reinstate price controls, urged a tougher windfall tax. However, the Senate Finance Committee cut the meager Carter proposal in half, thus allowing a windfall giveaway of over $800 billion to the oil company giants. During floor debate, the AFL-CIO backed several amendments to increase the windfall profits tax on the big oil companies. One such proposal was offered by Sen. Bill Bradley (D-N.J.) and Majority Leader Robert Byrd (D-W. Va.). By taxing certain categories of oil exempted by the Finance Committee bill, it would add $30.8 billion in higher oil company taxes. In a parliamentary maneuver, Sen. Russell Long (D-La.) tried to table the first amendment to which the Bradley-Byrd amendment was offered. That tabling effort failed by a 44-63 vote on Dec. 12, 1979. The Bradley-Byrd amendment was later approved. For tabling - Wrong. Against tabling - Right.",senate_1980.csv,
1980,Senate,96,1,13,H.R.,5860,HR5860-96,Auto Industry Jobs,passage,1979-12-19,Passed,53,44,Y,Y=Right; N=Wrong,501,https://voteview.com/rollcall/RS0960501,,8,"Massive retooling needs and the flood of imported cars helped put the nation's third largest auto manufacturer - Chrysler - on the brink of economic collapse in late 1979. The jobs of nearly a half-million workers in steel, glass, rubber, metal, leather and other supplier industries as well as Chrysler auto workers hung in the balance. Several states and many communities were also threatened with economic disaster if Chrysler closed its doors. To prevent that from happening, the AFL-CIO backed legislation providing a $1.5 billion federal loan guarantee to Chrysler. The loan was dependent upon the company finding $2 billion in matching funds from workers, dealers and creditors. The Senate version demanded $525 million in wage concessions by Chrysler union workers. By a 53-44 vote on Dec. 19, 1979, the Senate approved the loan package. For - Right. Against - Wrong.",senate_1980.csv,
1980,Senate,96,2,16,H.R.,3236,HR3236-96,Assisting Disabled Workers,amendment,1980-01-30,Rejected,47,47,Y,Y=Right; N=Wrong,531,https://voteview.com/rollcall/RS0960531,,8,"Another victim of the balanced-budget drive was the federal social security system's benefits to permanently disabled workers unable to be re-employed. In 1979, the Carter Administration proposed sharp cutbacks in disability insurance benefits at a time when participation rates were at a 20-year low and the disability fund was running a surplus. In 1980, the Senate Finance Committee reported legislation to lower benefits for future disabled workers by an average of 15 percent and to sharply restrict the right of young disabled workers to exclude low-earnings years in computing benefits. The AFL-CIO strongly opposed these cutbacks. During Senate debate, labor backed an amendment by Sen. Howard Metzenbaum (D-Ohio) to largely restore provisions of existing law that would maintain the present disability benefit formula. The Senate rejected the Metzenbaum amendment by a 47-47 tie vote on Jan. 30, 1980. For - Right. Against - Wrong.",senate_1980.csv,
1980,Senate,96,2,9,H.R.,4621,HR4621-96,Unemployment Benefits II,amendment,1980-03-04,Rejected,23,69,Y,Y=Right; N=Wrong,561,https://voteview.com/rollcall/RS0960561,,7,"A 1976 congressionally-approved revision, effective in 1980, cut unemployment benefits for retirees who also receive pensions. This regressive provision allows states to offset, dollar for dollar, the unemployment compensation benefits payable to an individual receiving social security, pension, retirement pay, annuity or any other similar payment based on the individual's previous work. The result: thousands of pensioners, who had taken jobs to augment their pensions but were laid off in the current recession, now find their unemployment compensation reduced by the amount of their pension benefits. During debate on a bill that slashed extended federal unemployment benefits for jobless workers, the Senate approved a labor-backed modifier of the 1976 law limiting the pension offset to cases in which a worker's pension and unemployment benefits are attributable to the same employer. Sen. Jacob Javits (R-N.Y.) tried to improve upon that and further ease the 1976 restriction by requiring states to exclude employees' contributions to their pension in deducting the amount of pension payments from unemployment benefits. His amendment failed by a 23-69 vote on Mar. 4, 1980. For - Right. Against - Wrong.",senate_1980.csv,
1980,Senate,96,2,1,,,,Lubbers Nomination,cloture,1980-04-22,Agreed to,62,34,Y,Y=Right; N=Wrong,588,https://voteview.com/rollcall/RS0960588,,7,"Few positions in the federal government have as far reaching an effect on union organizing and collective bargaining activities as the office of general counsel of the National Labor Relations Board. Under the National Labor Relations Act, the general counsel is charged with setting the agenda of the NLRB by deciding which unfair labor practice complaints should be issued and how the resulting cases should be litigated. The general counsel also is in charge of NLRB regional offices and the board's cases in court. Because of these considerable responsibilities the general counsel is nominated by the President and then must be confirmed by the Senate. In 1979 President Carter nominated William A. Lubbers, a 27-year veteran of the NLRB, to be its next general counsel. The AFL-CIO strongly backed this well-qualified nominee while businessmen and the right wing attempted to block the nomination by a filibuster led by Sen. Orrin Hatch (R-Utah). The filibuster was short-lived as the Senate by a 62-34 vote on Apr. 22, 1980, obtained the three-fifths vote necessary to invoke cloture and end debate. The nomination was later approved. For cloture - Right. Against cloture - Wrong.",senate_1980.csv,
1980,Senate,96,2,15,S.Con.Res.,86,SCONRES86-96,Balanced Budget,motion to table,1980-05-07,Agreed to,64,30,N,Y=Wrong; N=Right,612,https://voteview.com/rollcall/RS0960612,bill inferred: S.Con.Res. 86 was the pending FY1981 budget resolution in this period (not separately evidenced for 7 May),8,"In a political panic to balance the federal budget, Congress in 1980 slashed $16 billion in spending for such programs as education, health, transportation, jobs and energy development. An estimated half-million workers would lose their jobs as a direct result of these symbolic cuts. Particularly hard hit as the recession deepened were the very federal jobs programs used in the past to ease the shock of economic downturns. Ironically, no sooner had Congress balanced the budget, than higher unemployment and continuing inflation unbalanced it once again. The AFL-CIO had strongly opposed balancing the federal budget at a time of economic decline as an empty political gesture that would do nothing to address the root causes of inflation - skyrocketing energy costs, exorbitant interest rates and rising food and medical care costs. The AFL-CIO warned that the meat-axing of essential federal programs would increase unemployment while deepening the current recession. During consideration of the 1981 budget resolution, which sets spending targets for the coming fiscal year, the Budget Committee slashed domestic spending, including anti-recession programs, in order to increase defense outlays even beyond the higher level sought by the Administration. Thus, the inflexibility of the balanced budget had resulted in the committee sacrificing one national priority - fighting the recession - for another - increasing national defense. On the floor, Sen. Gaylord Nelson (D-Wis.) tried to cut the defense budget by $2 billion and restore the funds to anti-recession and other domestic programs. On a tabling motion by Sen. Ernest Hollings (D-S.C.), the Senate rejected the Nelson motion by a 64-30 vote on May 7, 1980. For tabling - Wrong. Against tabling - Right.",senate_1980.csv,
1980,Senate,96,2,12,S.Con.Res.,86,SCONRES86-96,Postal Workers' Jobs,motion to table,1980-05-12,Rejected,27,69,N,Y=Wrong; N=Right,641,https://voteview.com/rollcall/RS0960641,bill from Congressional Record 12 May 1980 (S.Con.Res. 86 pending; Glenn amendment tabled 27-69),8,"The U.S. mail was one of the major federal programs targeted for huge budget reductions in the congressional stampede to balance the federal budget. The Senate Budget Committee proposed in the first budget resolution, which sets spending targets for the coming fiscal year, a massive $16 billion reduction in federal spending. (See vote #15) This included a $588 million reduction in funds for the Postal Service. This spending cut alone would have eliminated Saturday mail delivery and cost 40,000 postal workers their jobs. However, elimination of Saturday service would not be cost-efficient because of the logjam of mail weekends would produce. Therefore, termination of one day of mid-week mail delivery was a likely alternative if the postal budget cuts were enacted. During floor debate Sen. John Glenn (D-Ohio) successfully restored $300 million to the budget bill to save Saturday service and postal jobs. A tabling motion by Sen. Ernest Hollings (D-S.C.) to sidetrack the Glenn amendment was defeated 27-69 on May 12, 1980. For tabling - Wrong. Against tabling - Right.",senate_1980.csv,
1980,Senate,96,2,19,S.,1309,S1309-96,Food Stamps,amendment,1980-05-14,Rejected,30,58,N,Y=Wrong; N=Right,648,https://voteview.com/rollcall/RS0960648,bill inferred from same-day roll 644 (food stamp bill),8,"Senate conservatives went on a rampage in 1980 in an effort to slash spending for several key federal programs. One such program - food stamps for the poor - provides about $1.05 a day per person to help feed millions of impoverished Americans. Sen. James McClure (R-Ida.) offered an amendment to a food stamp funding bill to reduce benefits for poor families whose children are eligible to receive a meal through the federal school lunch program. That program provides free or reduced-price lunches to hungry school children. His amendment was crushed by a 30-58 vote on May 14, 1980. For - Wrong. Against - Right.",senate_1980.csv,
1980,Senate,96,2,6,S.,2080,S2080-96,Protection of Prevailing Wages,motion to table,1980-06-20,Agreed to,48,34,Y,Y=Right; N=Wrong,740,https://voteview.com/rollcall/RS0960740,,7,"The unrelenting conservative attack on the nation's basic labor laws continued in 1980 as once again the Davis-Bacon Act became a target for destruction. The 48-year-old law requires the payment of prevailing wages to workers on federally financed construction projects. That gives local contractors who uphold the labor standards of the community a fair chance to compete for government projects, rather than being undercut by outside firms bringing in cut-rate labor. The Davis-Bacon Act also assures stability in a notoriously unstable industry, guarantees adequate wage rates to allow for the recruitment, training and maintenance of a skilled construction labor force within the local area, and helps protect the government against fly-by-night operators seeking to win government contracts by paying wages too low to attract competent craftsmen. Leading the attack against Davis-Bacon, Sen. Roger Jepsen (R-Iowa) tried to cripple its application to construction of federal buildings by exempting application of the law to at least ten percent of these construction projects. On a tabling motion by Sen. Daniel P. Moynihan (D-N.Y.) the Jepsen amendment was defeated by a 48-34 vote on June 20, 1980. For tabling - Right. Against tabling - Wrong.",senate_1980.csv,
1980,Senate,96,2,5,S.,2470,S2470-96,Eight-Hour Day,motion to table,1980-06-24,Agreed to,58,36,Y,Y=Right; N=Wrong,757,https://voteview.com/rollcall/RS0960757,,7,"Even the longstanding guarantee of the eight-hour day did not escape the conservative assault. During debate on a coal-related energy bill, Sen. Henry Bellmon (R-Okla.) tried to eliminate the requirement of the Contract Work Hours Standards Act and the Walsh-Healey Act that employers with federal contracts pay overtime rates for work in excess of eight hours per day. Without such overtime pay protections, the eight-hour standard would be seriously undermined by employers demanding a longer workday from their employees without having to pay just compensation. This anti-worker amendment was killed when the Senate approved 58-36 a tabling motion by Sen. Bennett Johnston (D-La.) on June 24, 1980. For tabling - Right. Against tabling - Wrong.",senate_1980.csv,
1980,Senate,96,2,10,H.R.,7542,HR7542-96,Unemployment Benefits III,motion to table,1980-06-27,Agreed to,65,24,Y,Y=Right; N=Wrong,767,https://voteview.com/rollcall/RS0960767,bill inferred from adjoining rolls 766/768 (same sitting),7,"A key federal unemployment benefits program is Trade Adjustment Assistance (TAA). Created in 1962, the program is specifically designed to assist U.S. workers and firms hurt by foreign trade. Over the last decade these injuries - loss of jobs and loss of business - have occurred at an ever-increasing rate because of explicit government trade policies adopted in full knowledge that some industrial sectors would suffer import-related economic declines. With thousands of workers and many firms newly qualifying for TAA benefits in 1980, the AFL-CIO succeeded in adding $1.1 billion in new funds for the program to a supplemental appropriations bill. Sen. Henry Bellmon (R-Okla.) led conservatives with an amendment to cut benefits available to jobless workers. The Bellmon amendment was ruled to be non-germane. His appeal of that ruling was laid aside when the Senate approved 65-24 a tabling motion by Sen. Daniel P. Moynihan (D-N.Y.) on June 27, 1980. For tabling - Right. Against tabling - Wrong.",senate_1980.csv,
1980,Senate,96,2,8,S.,2885,S2885-96,Unemployment Compensation I,amendment,1980-06-30,Rejected,27,60,Y,Y=Right; N=Wrong,789,https://voteview.com/rollcall/RS0960789,,7,"One of the first programs victimized by the balanced budget panic was extended federal unemployment compensation benefits for jobless American workers. In the panic to cut federal spending the Senate slashed jobless aid funds at the same time the recession was putting more Americans out of work. The cuts in unemployment benefits came on a ""reconciliation"" bill forcing a wide range of spending cuts in response to Senate approval of the first ""balanced"" budget resolution. One of several anti-worker, unemployment compensation reductions would require jobless workers to take any ""reasonable"" job offered or risk losing their unemployment benefits. In other words, a laid-off, $10 per hour skilled worker could be forced to take a job at the minimum wage or less or risk losing unemployment benefits. An effort by Sen. Jacob Javits (R-N.Y.) to knock out this regressive provision was defeated by a 27-60 vote on June 30, 1980. For - Right. Against - Wrong.",senate_1980.csv,
1980,Senate,96,2,11,S.,2885,S2885-96,Retired Workers,amendment,1980-06-30,Rejected,30,59,N,Y=Wrong; N=Right,790,https://voteview.com/rollcall/RS0960790,,8,"Sen. Ernest Hollings (D-S.C.), the leader of the balanced-budget pack, tried to permanently victimize retired federal workers. Under his chairmanship, the Budget Committee had voted to reduce from twice a year to once a year the cost-of-living adjustment for the pensions of federal workers in fiscal year 1981 only. Seeing an opportunity to inflict still more damage on federal retirees, Hollings tried to make this temporary reduction permanent during Senate debate on a ""reconciliation"" bill forcing a number of spending reductions in response to Senate adoption of the first ""balanced"" budget resolution. His amendment was rejected by a 30-59 vote on June 30, 1980. For - Wrong. Against - Right.",senate_1980.csv,
1980,Senate,96,2,7,S.,2675,S2675-96,Protecting Migrant Farm Workers,amendment,1980-07-24,Adopted,57,37,N,Y=Wrong; N=Right,821,https://voteview.com/rollcall/RS0960821,,7,"In 1963, Congress enacted the Farm Labor Contractor Registration Act to safeguard migrant farm workers from a well-documented pattern of exploitation and abuse at the hands of contractors who act as hiring agents for these workers. The law also imposes safe housing and transportation requirements on labor contractors. During debate on an unrelated child nutrition bill, Sen. David Boren (D-Okla.) successfully added an amendment that all but repealed the 1963 law and its protections, primarily by exempting all farmers, farm cooperatives, food processors, canners and other agricultural operations. Despite strong AFL-CIO objections, the Boren amendment was approved by a 57-37 vote on July 24, 1980. For - Wrong. Against - Right.",senate_1980.csv,
1980,Senate,96,2,4,H.R.,3904,HR3904-96,Job Safety II - Mine Safety,amendment,1980-07-29,Adopted,52,37,N,Y=Wrong; N=Right,829,https://voteview.com/rollcall/RS0960829,,7,"The 1977 Mine Safety & Health Act transferred to the Labor Dept. job safety jurisdiction over the mining industry. Given the hazardous nature of mining operations, MSHA has developed more stringent safety standards and employs tougher enforcement procedures than those for worksites covered by OSHA. The conservative assault against MSHA came during Senate debate on an unrelated pension reform bill. Sen. Malcolm Wallop (R-Wyo.) proposed to weaken MSHA job safety authority by moving responsibility over stone, sand, gravel and clay from MSHA to OSHA. These classifications of mining account for half of all fatalities in the metal and non-metal mining industry. Despite AFL-CIO opposition, the Wallop amendment was approved by a 52-37 vote on July 29, 1980. For - Wrong. Against - Right.",senate_1980.csv,
1980,Senate,96,2,3,H.R.,3904,HR3904-96,Job Safety I,amendment,1980-07-29,Adopted,48,36,N,Y=Wrong; N=Right,832,https://voteview.com/rollcall/RS0960832,,7,"Since its enactment in 1970, the Occupational Safety & Health Act, which guarantees workers in the private sector a safe working environment, has been significantly weakened as a result of congressional approval of a succession of amendments. One such amendment, added by Sen. Richard Schweiker (R-Pa.) last year to the fiscal year 1980 Labor Dept. appropriations bill, exempts from routine federal job safety inspection businesses with ten or fewer employees which qualify as so-called ""non-hazardous"" worksites. As a result, 37 percent of all businesses and more than 5.2 million workers are unprotected. Even worse, penalties cannot be assessed for serious, non-serious, or repeated safety violations found as a result of an investigation of a worker's complaint about a safety hazard at an exempted establishment. Based on 1978 data, 120 fatalities and 190,000 injuries occurred at jobsites now exempted by this amendment. With this provision scheduled to expire at the end of the current appropriation, Sen. David Boren (D-Okla.) led the conservative, big business drive to keep it alive. On July 29, 1980, Boren succeeded as the Senate agreed by a 48-36 vote to add his anti-worker amendment, retaining the Schweiker proviso, to an unrelated pension reform bill. For - Wrong. Against - Right.",senate_1980.csv,
1980,Senate,96,2,2,,,,Zimmerman Nomination,cloture,1980-08-05,Agreed to,63,31,Y,Y=Right; N=Wrong,852,https://voteview.com/rollcall/RS0960852,,7,"The business-conservative alliance in the Senate, stung by its earlier defeat on the nomination of Lubbers as general counsel of the NLRB, sought to even the score by torpedoing Donald A. Zimmerman's nomination to be a member of the board. Again Sen. Hatch led a filibuster to block confirmation. The Chamber of Commerce fell into lockstep with a telephone-telegram campaign against Zimmerman aimed at ""swing"" Senators. The filibuster was broken on the third try as the Senate by a 63-31 vote on Aug. 5, 1980, obtained the 60-plus vote margin necessary to invoke cloture and end debate. The nomination was later confirmed 68-27. Zimmerman had been a long-time Republican minority counsel for the Senate Labor Committee and served as a principle adviser to Sen. Jacob Javits (R-N.Y.). His nomination had the full support of the AFL-CIO. For cloture - Right. Against cloture - Wrong.",senate_1980.csv,
1981,Senate,97,1,16,H.R.,2166,HR2166-97,Rising Consumer Energy Costs,amendment,1981-03-10,Rejected,24,68,Y,Y=Right; N=Wrong,27,https://voteview.com/rollcall/RS0970027,,8,"Rising energy costs have been a driving force behind the double-digit inflation of the last few years. To a great extent this has been the result of 1979 legislation to phase out by Sept. 30, 1981, all federal price controls on domestically produced oil and gasoline - an action that will cost American consumers $1.1 trillion in higher energy prices by 1989. In his first major economic policy action following the inauguration, President Reagan, despite campaign pledges to bring down inflation, gave voters a preview of Reaganomics by eliminating the remainder of federal price controls. This single stroke cost consumers approximately $12 billion in higher energy costs as the oil companies immediately raised the pump price of gasoline by 8-10 cents per gallon. During debate on an oil industry anti-trust bill, Sen. Howard M. Metzenbaum (D-Ohio) offered an AFL-CIO-supported amendment to nullify the President's action. But the oil lobby prevailed as the Metzenbaum amendment was defeated 24-68 on Mar. 10. For - Right. Against - Wrong.",senate_1981.csv,
1981,Senate,97,1,9,S.Con.Res.,9,SCONRES9-97,Shredding the 'Safety Net',amendment,1981-03-31,Rejected,40,59,Y,Y=Right; N=Wrong,56,https://voteview.com/rollcall/RS0970056,"the card drops a line at the p7 column break, between 'heaped the' and 'viduals and corporations'; the description marks the gap with an ellipsis and completes 'individuals' from the printed fragment",7,"While the Reagan economic program heaped the ... individuals and corporations, it demanded painful reductions in the programs that help ensure a better life for the majority of Americans. Among these are federal loans and loan guarantees to help working people send their children to college, wage and job safety protections, unemployment benefits, environmental safeguards and aid to depressed urban areas. During Senate debate on a preliminary budget bill, Sen. John Chafee (R-R.I.) tried to restore $973 million to several domestic programs. Among other elements, the labor-backed amendment allocated half its funds to elementary and secondary education programs, such as assistance to schools to improve basic reading and writing skills of disadvantaged and handicapped children. The Chafee package also would have restored $300 million for assistance to low-income families and the elderly to insulate their homes and help offset rapidly increasing heating bills they cannot afford. Finally, it would have increased funds for preventive health care programs as well as urban economic development and mass transit. Reaganomics and its blind budget-cutting resulted in rejection of the Amendment 40-59 on Mar. 31. For - Right. Against - Wrong.",senate_1981.csv,
1981,Senate,97,1,3,S.Con.Res.,9,SCONRES9-97,Slashing Unemployment Benefits II,amendment,1981-04-02,Rejected,29,69,Y,Y=Right; N=Wrong,69,https://voteview.com/rollcall/RS0970069,,7,"Another key unemployment assistance program targeted for extinction by the Reagan Administration was the Trade Adjustment Assistance program. Created in 1962, this program provided jobless benefits, retraining and relocation assistance to workers who suffer from U.S. foreign trade policies that increase imports and cost Americans their jobs. Unions were told in 1962 that increased imports would help all America and that only a modest number of Americans would ever need this assistance. In fact, imports became so heavy and job losses so great that available funds were soon exhausted and billions more were needed. The Reagan Administration's budget reconciliation bill, which imposed the funding cuts of the First Budget Resolution, slashed adjustment assistance funds from $1.5 billion in fiscal year 1981 to $317 million in 1982, betraying the pledge in the law to displaced workers. Sen. Thomas Eagleton (D-Mo.) proposed an amendment to restore $400 million, still leaving the program at less than half its former size. Yet even this modest, AFL-CIO-backed amendment was rejected 29-69 on Apr. 2. For - Right. Against - Wrong.",senate_1981.csv,
1981,Senate,97,1,2,S.Con.Res.,9,SCONRES9-97,Slashing Unemployment Benefits I,amendment,1981-04-02,Rejected,38,60,Y,Y=Right; N=Wrong,72,https://voteview.com/rollcall/RS0970072,,7,"The centerpiece of Reaganomics was a massive and unprecedented reduction in federal spending. The cuts weakened or destroyed programs created over five decades to protect workers on the job, provide educational and employment opportunities, build a strong economy and advance the cause of social and economic justice. These program cuts enabled the Administration to finance the largest tax giveaway in history, transferring billions of dollars from 'people' programs to the bank accounts of the rich and big business. Major victims of the assault on the federal budget were programs that aid jobless workers, which were cut back even as Administration economic policies were putting some two million more Americans out of work. One such cut was a $3.1 billion reduction in unemployment insurance benefits coupled with a requirement (later dropped) to force jobless workers to take minimum-wage jobs after drawing their first 13 weeks of unemployment benefits. During debate on the First Budget Resolution, which sets yearly federal spending targets, Sen. Donald Riegle (D-Mich.) tried to restore $285 million of the slashed jobless benefits. The AFL-CIO-endorsed amendment was denounced by Senate conservatives and rejected by a 38-60 vote on Apr. 2. As a result, 600,000 long-term jobless Americans will lose their unemployment benefits. For - Right. Against - Wrong.",senate_1981.csv,
1981,Senate,97,1,6,S.Con.Res.,19,SCONRES19-97,Protecting Federal Pensions,amendment,1981-05-12,Rejected,44,54,Y,Y=Right; N=Wrong,109,https://voteview.com/rollcall/RS0970109,,7,"The nation's elderly are among those most seriously hurt by inflation, which eats into the real value of their fixed pensions and forces more and more of them below the official poverty level. Yet, even the meager incomes of older Americans felt the sharp blade of Reagan Administration budget-cutting. The Senate Budget Committee version of the first budget bill delayed for three months the standard cost-of-living increases in social security and veterans' benefits as well as pensions for federal employees, railroad workers and military retirees. Even worse, the bill incorporated a regressive change in the formula for calculating cost-of-living increases by replacing the Consumer Price Index with a Labor Dept. wage indicator as the basis for adjusting retiree benefits for inflation. Because wages tend to lag behind inflation, this provision will result in senior citizens falling farther behind in their struggle against the rising cost of living. During floor debate on the bill, Sen. Donald Riegle (D-Mich.) proposed an amendment to retain the existing system of calculating cost-of-living adjustments. Senate conservatives raised a storm of protest and defeated the Riegle amendment 44-54 on May 12. For - Right. Against - Wrong.",senate_1981.csv,
1981,Senate,97,1,13,H.R.,3512,HR3512-97,Slashing Social Security Benefits I,motion to table,1981-05-20,Agreed to,49,48,N,Y=Wrong; N=Right,121,https://voteview.com/rollcall/RS0970121,,8,"Using scare tactics based on outright distortion, President Reagan unleashed the most serious assault on the social security system in its near-50-year history by proposing to slash $82 billion in benefits for retirees, crippled workers, orphans and widows. Like his economic proposals, these cuts would be accompanied by reshaping the program through a massive redistribution of social security benefits. For example, one provision of the Reagan package would have given certain well-off elderly persons, such as doctors or lawyers whose good health and favorable job opportunities allow them to work beyond age 65, nearly $7 billion in added benefits even though they had suffered no loss in income. Meanwhile, social security protection for those who most need a government 'safety net' would be drastically reduced. The President claimed his multi-billion-dollar benefit reduction scheme would rescue social security from imminent financial collapse, even though it faced only a short-term, revenue shortage due to a combination of continuing high unemployment, double-digit inflation and an increasing number of social security beneficiaries. In late May, Sen. Daniel Moynihan (D-N.Y.) offered a strong statement of opposition to the social security proposal as an amendment to a supplemental appropriations bill. Senate Republicans, scurrying to cover the President's political flanks, blocked Moynihan's effort on a narrow 49-48 vote on a tabling motion by Sen. Mark Hatfield (R-Ore.) on May 20. Against tabling - Right. For tabling - Wrong.",senate_1981.csv,
1981,Senate,97,1,19,S.,1007,S1007-97,Food Stamps for Jobless Workers,amendment,1981-06-10,Rejected,41,53,Y,Y=Right; N=Wrong,145,https://voteview.com/rollcall/RS0970145,,8,"A major supplementary unemployment benefit program to help feed the families of the long-term jobless is the federal food stamp program. In 1981, funding for this anti-hunger program was severely cut by the Reagan budget through legislation enforcing a rigid limitation on federal food stamp spending. This spending 'cap' would have the effect of drastically reducing food stamp benefits if food price inflation or unemployment increases more than predicted and creates greater demands on the program. In addition, the bill immediately denied one million Americans these benefits. When lobbying for this restriction in early June, the Administration boldly predicted a drop in unemployment. Yet, barely six months later, 1.5 million more American workers had lost their jobs. During debate of a food stamp funding bill, even Sen. Robert Dole (R-Kan.) recognized the harshness of the food stamp spending lid. He and Sen. Patrick Leahy (D-Vt.) proposed an amendment to allow small increases in the cap in case of increased demands for benefits. Once again Senate conservatives led the attack, and this modest proposal lost by a 41-53 vote on June 10. Thus, despite a promise that the Reagan budget ax would not harm the 'safety net' programs, food stamp funding will be insufficient to provide minimum standards of nutrition for the hungry in America. For - Right. Against - Wrong.",senate_1981.csv,
1981,Senate,97,1,15,S.,1377,S1377-97,Slashing Social Security Benefits II,amendment,1981-06-23,Rejected,45,53,Y,Y=Right; N=Wrong,160,https://voteview.com/rollcall/RS0970160,tally 45-33 -> 45-53 per Voteview roll 160,8,"Not even the poorest of America's elderly escaped the impact of President Reagan's budget-cutting in 1981. One of the first programs singled out was the social security minimum benefit - a $122-per-month payment to those who worked for a limited time or were employed in low-paying jobs and thus did not qualify for greater social security benefits. Of the three million Americans currently receiving this minimum benefit, nearly 90 percent are women, half are over age 70, and 500,000 are 80 or older. During Senate debate on the budget reconciliation bill, Sen. Donald Riegle (D-Mich.) proposed an amendment to partially restore the minimum benefit by maintaining it for current but not for future retirees. But this modest proposal, backed by the AFL-CIO, was opposed by Senate conservatives and it was defeated, 45-33, on June 23. Fortunately, the minimum benefit later was restored in conference - but only for those retiring by the end of 1981. For - Right. Against - Wrong.",senate_1981.csv,
1981,Senate,97,1,10,S.,1377,S1377-97,Destroying Federal Programs,passage,1981-06-25,Passed,80,15,N,Y=Wrong; N=Right,182,https://voteview.com/rollcall/RS0970182,,7,"As passed by Congress, the Reagan budget slashed billions of dollars from 'people' programs in order to finance windfall tax cuts for the rich and corporations. By cutting more than $214 billion in federal expenditures over three years, the Administration made sure that social investments necessary to strengthen the economy were eradicated, the meager incomes of the jobless, the elderly, and the poor were reduced, and the nation's long-range needs for energy security, transportation improvements, environmental safeguards and urban development were seriously endangered. The impact of the devastation of the Reagan budget was far-reaching. For those seeking educational opportunity, $10 billion was cut from college loans and grants, aid to elementary and secondary schools and the school lunch program. For the elderly, billion-dollar reductions were imposed in Social Security, railroad retirees' pensions and federal retirement benefits, while Medicare premiums were raised by another billion dollars a year. For the jobless, $6 billion was axed from unemployment benefits while federal training programs were cut by $16 billion. For workers, major reductions in budget and personnel were imposed on the key law enforcement agencies such as OSHA and NLRB. On economic development, $7 billion was severed from federal highway maintenance, mass transit and rail transportation funding. For the poor, $16 billion was cut from various assistance programs. Meanwhile, key consumer and environmental agencies saw their budgets, staff and regulatory authority substantially curbed. The AFL-CIO condemned these and other elements of the Reagan budget as 'a high-risk gamble with the future of America in which workers and the poor take the lion's share of the risk.' Despite the federation's warnings that these budget reductions would cost more than a million Americans their jobs, the Senate approved the Reagan budget-cutting reconciliation bill by an overwhelming 80-15 vote on June 25. Against - Right. For - Wrong.",senate_1981.csv,
1981,Senate,97,1,11,H.J.Res.,266,HJRES266-97,Tax Cuts for the Rich,amendment,1981-07-17,Rejected,24,61,Y,Y=Right; N=Wrong,201,https://voteview.com/rollcall/RS0970201,,7,"The Reagan Administration's 1981 tax cut represents the largest tax giveaway in U.S. history. Through billion-dollar budget cuts in programs that help people, the Administration was able to finance a tax bonanza for wealthy individuals and corporations which will deplete the federal Treasury by some $750 billion in lost revenues by 1986. This in turn will generate huge federal deficits and pressure to keep interest rates at astronomical levels. As enacted, this raid on the Treasury cut business taxes by $170 billion, thus reducing by one-half the effective corporate income tax rate, to only 14 percent by 1986. In addition, oil companies were given still another $12 billion tax handout. For the rich, the bill eliminates $15 billion in estate and gift taxes by 1986 while new 'savings incentive' tax schemes heap another $21 billion on those who can afford large savings accounts. The highly touted 'across-the-board' cuts used to peddle the Reagan tax bill to the public were later labeled a 'Trojan Horse' by Reagan Budget Director David Stockman, who said in reality they were designed to ensure passage of the Administration's real goal: a slash in the top income tax rate for the rich from 70 to 50 percent. The so-called across-the-board cuts in fact delivered one-third of the tax savings to the wealthiest six percent of American taxpayers. To correct this gross inequity, Sen. Bill Bradley (D-N.J.) proposed an amendment to distribute more fairly the individual taxcut savings to the 95 percent of Americans who earn less than $50,000 a year. The Bradley amendment was rejected 24-61 on July 17. For - Right. Against - Wrong.",senate_1981.csv,
1981,Senate,97,1,12,H.R.,4242,HR4242-97,Tax Cuts for the Oil Industry,motion to recommit,1981-08-03,Rejected,20,55,Y,Y=Right; N=Wrong,250,https://voteview.com/rollcall/RS0970250,,8,"One of the most blatant giveaways of the Reagan tax bill was a $12 billion tax break for the oil industry. Besides giving the oil companies a host of general business tax benefits, Congress further reduced the oil industry windfall profits tax by 50 percent within five years. Only 17 months earlier, Congress had enacted that tax to recoup just one-fourth of the excess profits generated by an end to federal oil price controls (See Vote 16). Oil industry lobbying for repeal of the windfall profits tax began at the moment it was enacted. In 1981, with conservatives in control of Congress, the oil firms struck a revenue gusher. In Senate debate on the tax bill, Sen. Edward Kennedy (D-Mass.) offered a motion to recommit the bill to conference with instructions to reduce or eliminate this House-passed multi-billion-dollar revenue-losing provision. Senate conservatives once again led the effort that buried the Kennedy motion by a 20-55 vote on Aug. 3. For recommittal - Right. Against recommittal - Wrong.",senate_1981.csv,
1981,Senate,97,1,18,S.,951,S951-97,Attack on the U.S. Constitution,amendment,1981-09-16,Adopted,60,39,N,Y=Wrong; N=Right,258,https://voteview.com/rollcall/RS0970258,date 1981-09-19 -> 1981-09-16 per Voteview roll 258 (printed date fell on a Saturday),8,"In a frontal assault on the constitutional system of checks and balances among the three branches of government, Senate conservatives won adoption of a proposal by Senators Jesse Helms (R-N.C.) and J. Bennett Johnston (D-La.) crippling the ability of federal courts to order pupil assignment and transportation as a remedy to eliminate illegal racial segregation in schools. The amendment also included language to allow the U.S. Attorney General to file lawsuits to overturn previous desegregation orders. In essence, the Helms-Johnston amendment would deny the judicial branch of government its appointed role of enforcing the Constitution, and it would circumvent the amending process by allowing the Supreme Court's interpretation of the Constitution to be overruled by a simple majority vote of Congress. After the amendment was approved by a 60-39 vote on Sept. 19, the Justice Dept. funding bill to which it was attached was removed from floor consideration. Against - Right. For - Wrong.",senate_1981.csv,
1981,Senate,97,1,14,H.R.,4331,HR4331-97,Stabilizing Social Security,motion to table,1981-10-15,Agreed to,65,30,N,Y=Wrong; N=Right,312,https://voteview.com/rollcall/RS0970312,,8,"The $82 billion proposal by the Reagan Administration to weaken the social security system sought to manipulate public concern over short-term social security funding difficulties to justify drastic benefit reductions. The AFL-CIO and senior citizen, consumer and public-interest groups countered that the temporary $10 billion revenue shortage could be remedied easily either by borrowing from other social security funds - disability and health insurance - which were in surplus, or with an infusion of general revenues, a measure which had been originally intended by the architects of the system. A variation of the general revenue financing remedy was proposed by Sen. Thomas Eagleton (D-Mo.) during debate on legislation to restore the minimum social security benefit. Sen. Eagleton tried to restore the $12 billion oil industry tax giveaway in the Reagan tax bill (See Vote 12) and use the revenues as a funding reserve for social security. Lining up with the oil lobby against the nation's senior citizens, conservatives succeeded in killing the Eagleton amendment, approving a tabling motion by Sen. Robert Dole (R-Kan.), 65-30 on Oct. 15. Against tabling - Right. For tabling - Wrong.",senate_1981.csv,
1981,Senate,97,1,8,S.,1196,S1196-97,Preserving U.S. Maritime Jobs,amendment,1981-10-20,Rejected,28,70,N,Y=Wrong; N=Right,316,https://voteview.com/rollcall/RS0970316,,7,"During consideration of a foreign aid authorization bill, Sen. John Danforth (R-Mo.) offered an amendment to repeal the requirement that 50 percent of all shipments of U.S. food under the Food for Peace Program be carried on U.S.-flag ships. Since 1954 that requirement has helped prevent the further decline of the American merchant marine fleet, maintain maritime employment and ensure that beneficiaries of this program realize that the source of the foreign aid is the United States and not another country whose vessel happens to transport the commodities. By a 28-70 vote on Oct. 20, the Danforth repealer was rejected. Against - Right. For - Wrong.",senate_1981.csv,
1981,Senate,97,1,17,H.R.,4144,HR4144-97,Saving Public Works,amendment,1981-11-04,Rejected,46,48,N,Y=Wrong; N=Right,353,https://voteview.com/rollcall/RS0970353,"OCR misread as 46-44 on 1981-09-24; scan reads 46-48 on 1981-11-04, confirmed as Voteview roll 353 (HR4144)",8,"A major federal public works program - the Tennessee-Tombigbee Waterway - barely escaped the frenzy of congressional budget-cutting in 1981. This 232-mile inland canal connecting the Tennessee and Tombigbee Rivers will, upon completion, allow barge traffic to flow from Appalachia to the Gulf seaport of Mobile, Ala. At present 'Tenn-Tom' is more than 80 percent complete with the government having already spent about $1 billion on the project. This labor-backed public works program is considered necessary to developing a modern mid-American waterway transportation system, vital to improving interstate commerce and furthering U.S. exports of agricultural commodities, coal and manufactured products. In addition, thousands of construction, maintenance and transportation jobs depend upon completion of this project. During consideration of the fiscal 1982 energy and water appropriations bill, Sen. Charles Percy (R-Ill.) proposed an amendment to delete $189 million for continued construction of the waterway and thus effectively kill the project. The Percy amendment was rejected 46-48 on Nov. 4. Against - Right. For - Wrong.",senate_1981.csv,
1981,Senate,97,1,1,H.R.,3455,HR3455-97,Attack on Federal Fair-Wage Laws,amendment,1981-11-05,Adopted,55,42,Y,Y=Right; N=Wrong,357,https://voteview.com/rollcall/RS0970357,,7,"Conservatives continued to press their attack on the nation's basic labor laws in 1981 as once again the Davis-Bacon Act was targeted for destruction. This 50-year-old landmark law requires the payment of prevailing wages to workers on federally financed construction projects. It assures local contractors who uphold community labor standards a fair chance to compete for government projects without being undercut by outside firms using cut-rate labor. The law also helps stabilize a notoriously unstable industry by requiring payment of wage rates that allow for the recruitment, training and maintenance of a skilled construction labor force within the local area. This, in turn, helps protect the federal government against fly-by-night operators seeking to win government contracts by paying wages too low to attract competent craftsmen. Stymied in their efforts to gain outright repeal of the Davis-Bacon law, anti-union lobbies and their congressional allies tried to eliminate the law piecemeal by removing its coverage from various federal construction programs. The most serious battle came on a military construction funding bill from which Davis-Bacon protections had been removed by the conservative-dominated Senate Armed Services Committee. However, heavy lobbying by organized labor, backed by grass-roots local union pressure, turned the tables on the Senate floor, as a labor-backed amendment by Sen. Henry Jackson (D-Wash.) to delete this exemption and restore Davis-Bacon protections to the bill was approved 55-42 on Nov. 5. For - Right. Against - Wrong.",senate_1981.csv,
1981,Senate,97,1,7,H.R.,4560,HR4560-97,Cutting Railroad Retirees' Pensions,amendment,1981-11-19,Adopted,61,34,Y,Y=Right; N=Wrong,409,https://voteview.com/rollcall/RS0970409,,7,"The Reagan budget ax swung at the nation's 400,000 railroad pensioners who were shocked to find in early October that their monthly retirement checks had been abruptly reduced, causing serious hardship for many of these senior citizens. Their pensions had been arbitrarily cut because President Reagan's budget bill failed to provide enough funding for a special account for these retirees as mandated by legislation passed in 1974. In eliminating a system of dual pension benefits under Social Security and railroad retirement, this statute had specifically called for general Treasury funding of those benefits for pensioners receiving them at that time. When the Senate debated a continuing appropriations bill, Sen. Howard Metzenbaum (D-Ohio) offered an amendment to add the necessary $90 million to the special railroad retirement fund. The amendment was approved by a 61-34 vote on Nov. 19, but the entire legislation later was vetoed by President Reagan. Subsequent legislation failed to provide the funds necessary to maintain railroad retirees' pension checks at their original level. For - Right. Against - Wrong.",senate_1981.csv,
1981,Senate,97,1,4,H.J.Res.,370,HJRES370-97,Delaying Unemployment Benefits,amendment,1981-12-10,Rejected,30,65,Y,Y=Right; N=Wrong,475,https://voteview.com/rollcall/RS0970475,,7,"By year's end, Reaganomics had pushed unemployment near 9 percent with more than 10.5 million Americans out of work. Besides slashing some $3.1 billion in unemployment benefits, conservative lawmakers in the Senate meataxed the funds used to administer the unemployment insurance program and pay its benefits to jobless workers. During Senate debate on a continuing appropriations bill, Sen. Edward Kennedy (D-Mass.) proposed an amendment to restore $120 million, which had been cut from state funds for administration of the jobless aid program. He cited an internal Labor Dept. study indicating that failure to appropriate these funds during a time of rising unemployment would not only add to the backlog of claims and cause long delays in the payment of benefits, but also result in unnecessary overpayments of $1 billion annually. Yet Senate conservatives rejected this modest, cost-effective amendment by a 30-65 vote on Dec. 10. For - Right. Against - Wrong.",senate_1981.csv,
1981,Senate,97,1,5,H.J.Res.,370,HJRES370-97,Weakening Federal Job Safety Laws,amendment,1981-12-11,Rejected,38,54,Y,Y=Right; N=Wrong,481,https://voteview.com/rollcall/RS0970481,,7,"The callousness of Senate conservatives was starkly evident in a vote on mine safety. Less than ten days after mine accidents in Kentucky, Tennessee and West Virginia had killed 27 miners, the Senate slashed $6 million in federal funds for enforcement of mine safety laws. During debate on a continuing appropriations bill, Sen. Robert Byrd (D-W.V.) tried to restore these funds to the budget of the Mine Safety & Health Administration. But in a clear message to mine operators that unsafe working conditions are of little concern to Congress, anti-worker conservatives helped defeat the Byrd amendment 38-54 on Dec. 11. For - Right. Against - Wrong.",senate_1981.csv,
1982,Senate,97,2,11,S.,2248,S2248-97,Preventing GOP-Threatened Cuts in Social Security,motion to table,1982-05-11,Agreed to,51,44,N,Y=Wrong; N=Right,594,https://voteview.com/rollcall/RS0970594,,5,"Ignoring the wishes of the American people, who in many public opinion polls have stated emphatically that they want social security benefits left intact, the Republican-controlled Senate Budget Committee called for a $40 billion reduction in the 1983 deficit through changes in social security. In order to nip these social security cuts in the bud, Sen. Daniel P. Moynihan (D-N.Y.) offered an amendment to a military authorization bill rejecting the proposed $40 billion social security ""deficit reduction."" But Sen. Howard Baker (R-Tenn.), playing politics with America's retirees, moved to kill the Moynihan amendment. The Senate agreed to the Baker tabling motion by a 51-44 vote on May 11. For tabling - Wrong. Against tabling - Right.",senate_1982.csv,
1982,Senate,97,2,4,S.,2248,S2248-97,Targeting Defense Contracts to Ease Pain of Unemployment,amendment,1982-05-13,Adopted,48,45,Y,Y=Right; N=Wrong,612,https://voteview.com/rollcall/RS0970612,,4,"In 1982 the conservative-dominated Congress took remarkably little action to ease the hardship of the Reagan recession on more than 10 million unemployed Americans. But one small show of concern came during consideration of the Defense Dept. authorization bill, when the Senate approved an amendment by Sen. Daniel P. Moynihan (D-N.Y.) directing the Secretary of Defense to continue a test program in which certain contracts for goods and services are directed toward areas of the country with especially high unemployment. Thus, jobs are provided to workers who have little likelihood of finding work in their communities. The Moynihan amendment passed 48-45 on May 13. For - Right. Against - Wrong.",senate_1982.csv,
1982,Senate,97,2,13,S.Con.Res.,92,SCONRES92-97,Defending Medicare and Medicaid from More Cuts,amendment,1982-05-19,Rejected,39,60,Y,Y=Right; N=Wrong,620,https://voteview.com/rollcall/RS0970620,,5,"During consideration of the First Budget Resolution (see Vote 12), Sen. Daniel P. Moynihan (D-N.Y.) offered an amendment to protect the health care programs for the nation's elderly and poor - Medicare and Medicaid. The resolution under consideration included a $5.8 billion cut in these programs - a cut that would mean higher out-of-pocket costs for the elderly, who already pay a hefty 43 percent of the costs of their health care. Noting that last year's Reagan budget cuts in these programs already were forcing many of the elderly to choose between eating and going to the doctor, the backers of the Moynihan amendment urged that $1.8 billion be added to the bill to lessen the cuts. But this modest proposal failed, as the Senate rejected the Moynihan amendment 39-60 on May 19. For - Right. Against - Wrong.",senate_1982.csv,
1982,Senate,97,2,14,S.Con.Res.,92,SCONRES92-97,Investing in America's Future: Better Education Programs,amendment,1982-05-19,Rejected,44,54,Y,Y=Right; N=Wrong,623,https://voteview.com/rollcall/RS0970623,,5,"A cornerstone of the American goal of ""equal opportunity for all"" has always been a quality education for all young Americans. Recognizing that not all school districts are financially able to fulfill this goal, Congress has created special education programs for the handicapped, the underprivileged, and those who are qualified to go to college but who cannot afford today's high tuition costs. The Reagan First Budget Resolution for fiscal 1983 made more drastic cuts in these programs - compromising America's future in order to achieve short-term budget savings. Sen. Bill Bradley (D-N.J.) offered an amendment to restore funding to maintain education programs at current levels. But Senate conservatives rejected the Bradley amendment 44-54 on May 19. One example of what this means: America's colleges and universities are becoming more exclusively institutions for the rich. Because the Senate rejected the Bradley amendment, approximately 500,000 students will lose modest sums, averaging $900 per student, which help academically qualified but financially strapped young Americans go to college. For - Right. Against - Wrong.",senate_1982.csv,
1982,Senate,97,2,6,S.Con.Res.,92,SCONRES92-97,Saving Railroad Retiree Pensions,motion to table,1982-05-21,Agreed to,53,44,Y,Y=Right; N=Wrong,635,https://voteview.com/rollcall/RS0970635,,4,"In 1981 President Reagan vetoed a railroad retirement funding bill, causing abrupt cuts in monthly retirement checks for 400,000 railroad pensioners. In 1982 Senate conservatives sought to make additional cuts in railroad pensions. Because railroad retirees paid into both social security and the railroad pension system, they are entitled to benefits under both retirement systems, as promised in the 1974 rail retirement law. The railroad pension system is funded not by general federal revenues but by contributions from employers and employees, so Congress has no business slashing benefits in order to reduce the federal budget deficit. The key vote came when Sen. Jim Sasser (D-Tenn.) offered an amendment to the First Budget Resolution to provide 7.4 percent cost-of-living adjustments in order to keep these retirees apace with inflation. Sen. Pete Domenici (R-N.M.) offered a substitute amendment providing for only a 4 percent COLA in 1983, which would cause retirees to lose their real purchasing power. Fortunately, the Senate approved a Sasser motion to kill the Domenici substitute, 53-44, on May 21. For tabling - Right. Against tabling - Wrong.",senate_1982.csv,
1982,Senate,97,2,1,S.Con.Res.,92,SCONRES92-97,Providing Emergency Funds for Unemployment Compensation,motion to table,1982-05-21,Agreed to,52,42,N,Y=Wrong; N=Right,637,https://voteview.com/rollcall/RS0970637,,4,"In times of recession, Congress traditionally has acknowledged its responsibility to those who have lost their jobs through no fault of their own by approving additional weeks of unemployment compensation. In the spring of 1982, as the Reagan Recession worsened and unemployment jumped toward levels unseen since the Great Depression, the Democratic leadership in the Senate began working to pass such extended unemployment benefits. A key vote came during consideration of the First Budget Resolution for fiscal 1983, as Sen. Robert Byrd (D-W.Va.) offered an amendment to increase unemployment funding in order to provide for 13 additional weeks of benefits in states suffering from very high unemployment levels. Sen. Robert Dole (R-Kan.), took the lead and - with the help of 45 other Republicans and six Democrats - killed the Byrd amendment 52-42 on May 21. (Extended unemployment compensation later was passed by Congress as part of a tax bill.) For tabling - Wrong. Against tabling - Right.",senate_1982.csv,
1982,Senate,97,2,8,S.Con.Res.,92,SCONRES92-97,Saving Union Publications from Accelerated Postage Rate Hikes,amendment,1982-05-21,Rejected,34,57,Y,Y=Right; N=Wrong,642,https://voteview.com/rollcall/RS0970642,,4,"In 1970 Congress decided to end the subsidy of postage rates for publications of non-profit groups, including labor unions and charities. The subsidy was to have been phased out over 16 years, resulting in gradually increasing postal rates for these groups. In 1981 the Reagan Administration upset that schedule, cutting the postage subsidy far more than the non-profit groups had been prepared to adjust to under the original schedule. Scores of church journals, education magazines and union publications were forced to fold. In 1982, during consideration of the First Budget Resolution, Sen. Daniel P. Moynihan (D-N.Y.) offered an amendment to restore the non-profit postage rates to the original schedule of increases. The Senate rejected the Moynihan amendment 34-57 on May 21. For - Right. Against - Wrong.",senate_1982.csv,
1982,Senate,97,2,7,S.Con.Res.,92,SCONRES92-97,Protecting Federal Workers' Pensions,motion to table,1982-05-21,Agreed to,47,43,N,Y=Wrong; N=Right,648,https://voteview.com/rollcall/RS0970648,no date printed on the scoreboard; 1982-05-21 per Voteview roll 648,4,"Retired federal workers are just as vulnerable to the effects of inflation on their pensions as those who receive social security or railroad retirement, but Congress seems more willing to inflict hardship on federal retirees by ""capping"" the inflation adjustments in their pensions at levels far below the inflation rate. During consideration of the First Budget Resolution for fiscal 1983, Sen. Donald Riegle (D-Mich.) offered an amendment to provide funding for a modest 6.6 percent inflation adjustment for federal pensions in 1983, and 4 percent in 1984 and 1985. Even at these levels, retirees would gradually lose some of their purchasing power to inflation, but Senate conservatives wanted no cost-of-living increases for retirees, so in a 47-43 vote they approved a motion by Sen. Howard Baker (R-Tenn.) to kill the Riegle amendment. (Later, the resolution agreed upon in House-Senate conference contained a 4-percent inflation adjustment.) For tabling - Wrong. Against tabling - Right.",senate_1982.csv,
1982,Senate,97,2,12,S.Con.Res.,92,SCONRES92-97,False Budget Economy Hurts Working People,budget resolution,1982-05-21,Passed,48,43,N,Y=Wrong; N=Right,650,https://voteview.com/rollcall/RS0970650,yea 49 -> 48 per Voteview roll 650 (passage of S. Con. Res. 92); description: the card sets 'educate children. including the handicapped'; the store had normalised that period to a comma. Restored 31 Aug 2026 and pinned in audit_1982.CARD_TYPOS,5,"In 1981 Congress adopted the Reagan economic program with no questions asked. By spring 1982 it was obvious that the Reagan package of tax cuts for the rich and program cuts for everyone else was not spurring economic recovery but rather was causing the worst recession since the 1930s. Nevertheless, Senate Republicans, in passing a new budget resolution for fiscal 1983, closed their eyes to the damage they had done, and instead of taking strong action to end the recession and bring down the unemployment rate, approved yet another round of the policies that brought the disaster. The new GOP First Budget Resolution included more cuts in federal programs, including programs that train uneducated workers for new jobs and put them to work on such projects as highway and bridge repair; compensate workers who lose their jobs because of government policies; provide health care for the elderly and poor (Medicare and Medicaid); educate children, including the handicapped and underprivileged, and help working families put their children through college; help injured war veterans adjust to a new, tougher life; clean up the nation's air and water; prevent hunger in infants and children; and provide other vital services. Once again, the Republican budget slashed most programs, from railroad retirement to housing, from unemployment compensation to job safety and health. The GOP First Budget Resolution was passed 49-43 on May 21. For - Wrong. Against - Right.",senate_1982.csv,
1982,Senate,97,2,2,H.R.,5922,HR5922-97,Restoring Mine Safety and Health Protections,amendment,1982-05-27,Adopted,52,38,N,Y=Wrong; N=Right,661,https://voteview.com/rollcall/RS0970661,,4,"In 1981, conservatives in Congress stripped the Mine Safety & Health Administration (MSHA) of its authority to enforce worker health and safety rules at stone, sand and gravel surface-mining sites. In taking this action, Congress ignored AFL-CIO protests that 134 workers died in those industries in 1978-80. Fortunately, in 1982 Congress reversed itself and restored MSHA protections to the 40,000 affected workers. But this effort suffered a setback when Sen. Dale Bumpers (D-Ark.) offered an amendment to delete language in an appropriations bill restoring MSHA protection to these miners. The Bumpers amendment was passed 52-38 on May 27, making it necessary for the Senate to return to the issue later. For - Wrong. Against - Right.",senate_1982.csv,
1982,Senate,97,2,17,S.,1992,S1992-97,Guaranteeing All Americans the Right to Vote,amendment,1982-06-17,Rejected,31,65,N,Y=Wrong; N=Right,675,https://voteview.com/rollcall/RS0970675,,5,"Major provisions of the Voting Rights Act of 1965 required its renewal in 1982. One of the most successful civil rights laws in U.S. history, this law prevents poll taxes, ""literacy tests"" and other tactics that prevent minority citizens or the poor from voting. Congress eventually voted to renew and strengthen the act, but not without a struggle from a handful of arch-conservatives. Sen. John East (R-N.C.) tried several times to weaken the law and make enforcement difficult. Under one East amendment, if federal law enforcers cited a state or other jurisdiction for violation of the Voting Rights Act, that jurisdiction could file suit against the government in local courts, rather than in the District of Columbia, thus bringing a hodge-podge of court decisions and weakening enforcement. Wisely rejecting this and other East amendments, the Senate voted to retain uniform enforcement of the law by the D.C. Circuit Court, by a 31-65 vote on June 17. For - Wrong. Against - Right.",senate_1982.csv,
1982,Senate,97,2,15,H.R.,6685,HR6685-97,Averting America's Worsening Housing Crisis,motion to table,1982-06-29,Agreed to,48,44,N,Y=Wrong; N=Right,698,https://voteview.com/rollcall/RS0970698,,5,"The housing industry, a linchpin of the American economy, is in deep trouble. In 1981, fewer new homes were built than in any year since 1946 - less than half the number needed to provide for new households and to replace old housing. Nearly a million construction workers are now unemployed. In 1982 Congress tried to reverse the housing disaster, but President Reagan stopped all action, with vetoes and threatened vetoes of any legislation that included needed housing funds. During consideration of a supplemental appropriations bill, Sen. Donald Riegle (D-Mich.) offered an amendment to provide $3 billion for subsidies of home mortgage interest rates. The Riegle amendment was a bipartisan effort, cosponsored by Sen. Richard Lugar (R-Ind.). It would have resulted in lower interest rates for 210,000 homes and would have restored more than 480,000 jobs. But Sen. Mark Hatfield (R-Ore.), in order to comply with the demands of Reagan Budget Director David Stockman, moved to table the Riegle amendment. The Senate did so in a close 48-44 vote on June 29. For tabling - Wrong. Against tabling - Right.",senate_1982.csv,
1982,Senate,97,2,5,S.,2240,S2240-97,Saving the Eight-Hour Day Standard,motion to table,1982-06-30,Agreed to,49,46,Y,Y=Right; N=Wrong,699,https://voteview.com/rollcall/RS0970699,,4,"Not even America's oldest labor standard - the eight-hour day - is sacred to the Reagan Administration. During consideration of legislation to allow flexible work scheduling on federal contracts, Sen. William Armstrong (R-Colo.) - with the support of the Administration - offered an amendment to allow 10-hour days without payment of overtime. The proposal would have given an edge in contract bidding to non-union employers who could escape the overtime pay the unionized workers enjoy. The Senate wisely chose not to use federal dollars to gouge wages, and approved a motion by Sen. Ted Stevens (R-Alaska) to kill the Armstrong amendment by a 49-46 vote on June 30. For tabling - Right. Against tabling - Wrong.",senate_1982.csv,
1982,Senate,97,2,16,H.R.,4961,HR4961-97,Raising Workers' Taxes to Pay for '81 Tax Cuts to Wealthy and Corporations,amendment,1982-07-21,Rejected,45,54,Y,Y=Right; N=Wrong,731,https://voteview.com/rollcall/RS0970731,,5,"The Reagan/GOP First Budget Resolution called for $21 billion in tax increases in fiscal 1983. The Republican-controlled Senate Finance Committee recommended a package of tax hikes that included substantially higher taxes on working Americans, including higher federal taxes on telephone use, airline tickets and tobacco products, and tighter restrictions on tax deductions for medical expenses and casualty losses, such as burglary of one's home. The committee bill also included major cuts in Medicare. Sen. Bill Bradley (D-N.J.) argued that it was unfair to raise taxes on working Americans, because it was the 1981 Reagan tax cuts for wealthy individuals and corporations that caused the budget deficit. Bradley offered an amendment that would have eliminated or eased the tax hikes mentioned above by restricting the 1983 tax cuts to those who earn less than $46,500 per year, postponing the 1983 tax cut for the wealthy. But Senate conservatives chose to put a portion of the higher tax burdens on working people, rejecting the Bradley amendment 45-54 on July 21. For - Right. Against - Wrong.",senate_1982.csv,
1982,Senate,97,2,10,S.J.Res.,58,SJRES58-97,Keeping Reaganomics Out of the Constitution: Stopping the Balanced Budget Amendment,passage,1982-08-04,Passed,69,31,N,Y=Wrong; N=Right,785,https://voteview.com/rollcall/RS0970785,,4,"A balanced federal budget - in which federal tax revenues are at least as great as federal spending - is a goal that can be achieved over time through an appropriate combination of tax policies, spending policies, Federal Reserve Board monetary policy, and healthy economic growth. There is nothing wrong with a balanced budget, but there is a lot wrong with a constitutional amendment that would force Congress to pass balanced budgets every year. The AFL-CIO objected to the proposed balanced budget amendment on three basic principles: (1) The U.S. Constitution, the most basic law of the land, was designed as a framework for lasting government, not a dumping ground for transient economic doctrines. (2) Such a constitutional straitjacket would prevent Congress from using its taxing and spending authority to end depression, natural disaster or other emergency. (3) The three-fifths majority required by the amendment to pass a deficit budget undermines majority rule, handing the congressional power of the purse to a two-fifths minority. As a practical matter, passage of the balanced budget amendment would force enormous cuts in all programs that help working Americans - including social security, Medicare, unemployment compensation, job safety and health enforcement, education programs, highways and public transportation facilities, and every other program would face cuts much more severe than those already approved. But the Senate, hoping to distract voters from the Reagan budget it had approved with its record-high budget deficit, played politics and approved the balanced budget constitutional amendment by a 69-31 vote on Aug. 4. For - Wrong. Against - Right.",senate_1982.csv,
1982,Senate,97,2,9,H.R.,5930,HR5930-97,Assisting Airline Employees Made Jobless by Mergers,motion,1982-08-12,Agreed to,59,38,N,Y=Wrong; N=Right,815,https://voteview.com/rollcall/RS0970815,,4,"In 1982 the House and Senate passed legislation requiring termination benefits from the companies for employees who lose their jobs due to the merger or sale of airlines. As the airline industry gradually is being deregulated, Congress recognized the need to provide a measure of protection for airline employees until they are able, through their unions, to negotiate such benefits in collective bargaining. The House-Senate conference committee, charged with ironing out the differences between the House and Senate bills, reported a favorable compromise; but the Senate, in a 59-38 vote on Aug. 12, sent the bill back to conference to have protective provisions removed. For - Wrong. Against - Right.",senate_1982.csv,
1982,Senate,97,2,3,S.,2222,S2222-97,Preventing Illegal Immigration and Protecting Wage Standards,amendment,1982-08-13,Rejected,28,62,Y,Y=Right; N=Wrong,816,https://voteview.com/rollcall/RS0970816,,4,"In 1982 Congress attempted to pass a much-needed overhaul of U.S. immigration laws. The AFL-CIO pushed for compassionate legislation to stem the flow of illegal immigration and end the undermining of U.S. wage and labor standards by the exploitation of illegal workers. During Senate debate on the reform bill, Sen. Edward Kennedy (D-Mass.) offered an amendment to prevent expansion of the ""H-2"" program by which foreign workers, particularly migrant farm workers, are allowed to work in the United States on a temporary basis. At a time when more than 10 million Americans are jobless, the need for a program to encourage the importation of foreign workers can only benefit greedy employers. Recognizing that an expanded ""H-2"" program was simply a new name for the discredited ""bracero"" and ""guestworker"" programs of the past, Kennedy tried to stop its expansion. Unfortunately, the Kennedy amendment was defeated 28-62 on Aug. 13. For - Right. Against - Wrong.",senate_1982.csv,
1982,Senate,97,2,18,H.R.,6863,HR6863-97,Putting a Stop to the Damage of Reaganomics,veto override,1982-09-10,Passed,60,30,Y,Y=Right; N=Wrong,838,https://voteview.com/rollcall/RS0970838,"description: the card sets 'unfortunate Americans. said ""No"" to Reagan'; the store had normalised that period to a comma. Restored 31 Aug 2026 and pinned in audit_1982.CARD_TYPOS",5,"For a year and a half Congress bent over backward to comply with each and every whim of the Reagan Administration regarding economic matters. But on Sept. 10 the Senate joined the House in handing the Administration a major defeat - overriding Reagan's veto of an appropriations bill by a 60-30 vote. The Reagan veto would have killed funds for staff to make payments to jobless workers under a recently enacted extension of unemployment benefits. Also slated for termination by Reagan were funds for college student loans, jobs for the elderly and education for the handicapped. Reagan had called the bill a ""budget buster;"" actually, it came in at nearly $2 billion less than the presidential request. Senators understood that Reagan vetoed the measure only to pacify extreme right-wing pressure groups. Congress, finally concerned about the harm Reaganomics is causing and resentful that the President was playing politics with some of the most unfortunate Americans, said ""No"" to Reagan by a two-thirds vote. For - Right. Against - Wrong.",senate_1982.csv,
1982,Senate,97,2,S1,H.J.Res.,599,HJRES599-97,Protecting Union Political Rights,motion to table,1982-09-29,Agreed to,61,37,Y,Y=Right; N=Wrong,865,https://voteview.com/rollcall/RS0970865,yea 62 -> 61 per Voteview roll 865 (Hatfield motion to table the Helms amendment),9,"As Congress approached adjournment for the campaign recess of November 1982, Sen. Jesse Helms (R-N.C.) attempted to legislate a sweeping attack on the rights of unions to undertake get-out-the-vote drives and other voter education activities among their members. A Helms amendment to an appropriations bill sought to stop unions from spending funds for any political purposes. Helms contended that such a punitive restriction was necessary in order to be ""... consistent with the decisions of the U.S. Supreme Court."" In fact, no Supreme Court decision ever inflicted upon unions the broad prohibitions of the Helms amendment. Helms's real purpose was twofold: to prevent unions from exercising their First Amendment right to communicate with their members on political issues; and to prevent unions from encouraging their members to participate in the democratic election process. Realizing that Sen. Helms was fronting for the anti-worker National Right to Work Committee, the Senate approved, by a 62-37 vote on Sept. 29, a motion by Sen. Mark Hatfield (R-Ore.) to table and thus kill the Helms amendment. For tabling - Right. Against tabling - Wrong.",senate_1982.csv,
1982,Senate,97,2,S2,H.R.,6211,HR6211-97,Creating Jobs for the Unemployed I,amendment,1982-12-14,Rejected,44,53,Y,Y=Right; N=Wrong,903,https://voteview.com/rollcall/RS0970903,,9,"Although unemployment was the number one issue in the 1982 elections, efforts by congressional Democrats to pass job-creation legislation were thwarted by Republicans in the Senate and by the repeated threat of veto by President Reagan. Despite this opposition, the House passed a $5.4 billion job-creation package of proven public works projects (See House Vote 5). In the Senate, Minority Leader Robert Byrd (D-W.Va.) offered a similar package of jobs programs as an amendment to the highway repair bill. The Byrd amendment provided that the job-creating work would be financed by ""capping"" the planned 1983 income tax cuts for high-income individuals - a measure long advocated by the AFL-CIO. The tax cut would be delayed only for those with incomes greater than $50,000 per year. The Byrd amendment also included an extension of unemployment benefits. As a package, the Byrd amendment combined a concern for the 12 million unemployed Americans with a commitment to fairness in tax policy. Unfortunately, Republican opposition killed this initiative as the Byrd amendment was defeated 44-53 on Dec. 14. For - Right. Against - Wrong.",senate_1982.csv,
1982,Senate,97,2,S3,H.R.,6211,HR6211-97,"""Buy American"" Protection to Save U.S. Jobs",motion to table,1982-12-15,Agreed to,51,47,N,Y=Wrong; N=Right,909,https://voteview.com/rollcall/RS0970909,,9,"Long-overdue legislation to rehabilitate the nation's highways was passed in the lame-duck session to provide badly needed maintenance of the U.S. transportation network while giving some measure of relief to the unemployed by putting an estimated 320,000 Americans back to work. During Senate debate, Sen. Howard Metzenbaum (D-Ohio) tried to create even more jobs by offering an amendment to the bill requiring that only U.S.-made steel and cement be used in projects funded by the bill. This would ensure the greatest amount of ""ripple effect"" in creating jobs in supplier industries for this highway program. Once again, Republicans thwarted this job-creating effort. Sens. John Chafee (R-R.I.) and John Danforth (R-Mo.) filibustered the Metzenbaum amendment after which Sen. Howard Baker (R-Tenn.) offered a motion to table it. Over labor's objections, the Senate approved the Baker motion by a 51-47 vote on Dec. 15. (However, a ""buy American"" provision which had been approved earlier by the House was maintained in the bill as signed into law.) Against tabling - Right. For tabling - Wrong.",senate_1982.csv,
1982,Senate,97,2,S4,H.J.Res.,631,HJRES631-97,Protecting Consumers by Containing Health Care Costs,motion to table,1982-12-16,Agreed to,59,37,Y,Y=Right; N=Wrong,925,https://voteview.com/rollcall/RS0970925,"description: the card sets 'special-interest lobbies', as the House half (House S2) does; the store had 'special interest'. Both halves break the compound at the line, and specialinterest is not a word, so the hyphen is a compound hyphen. Restored 31 Aug 2026",9,"In the closing days of the 97th Congress, special-interest lobbies led by the American Medical Association (AMA) tried to eliminate the consumer protection, anti-monopoly powers of the FTC in the area of professional services. In essence, the AMA sought to carve out for itself and certain other professions a special anti-trust immunity. In the health care field this proposal would allow medical associations to thwart efforts by unions and other groups to lower health care costs for their members. After the battle was lost in the House (see House Votes 2 and 3), the Senate turned the tables on the AMA. During debate on an appropriations bill, the Senate approved a motion by Sen. Warren Rudman (R-N.H.) to table and thereby kill an amendment by Sen. James McClure (R-Ida.) to bar use of FTC funds to combat monopolistic practices by the professions. The tabling motion passed 59-37 on Dec. 16. For tabling - Right. Against tabling - Wrong.",senate_1982.csv,
1982,Senate,97,2,S5,H.J.Res.,631,HJRES631-97,Maintaining Federal Employee Health Care Protections,amendment,1982-12-16,Adopted,49,48,Y,Y=Right; N=Wrong,926,https://voteview.com/rollcall/RS0970926,"description: the card sets 'the Reagan reductions, are finding'; the store had dropped that comma. Restored 31 Aug 2026",12,"Federal employees have undergone more than their share of misery caused by Reagan budget cuts. Early in his Administration, the President declared that his goal was to cut the federal work force by 75,000 workers. Those federal employees who survive the Reagan reductions, are finding that the Administration is determined to raise premiums and reduce coverage under their health care plans. Congressional conservatives, taking their cue from the Administration, repeatedly tried to eliminate abortion coverage now available under federal health insurance policies, for which federal workers pay 60 percent of the premium. While the AFL-CIO has taken no position on the issue of abortion, to the federation the key issue is not abortion but whether Congress can disregard the limited collective bargaining rights of federal workers by arbitrarily removing certain health benefits that are now available to workers in the private sector. During the lame-duck session a continuing appropriations bill contained language to eliminate this health care coverage. However, during final debate a labor-backed committee amendment to remove the harmful language was approved 49-48 on Dec. 16. For - Right. Against - Wrong.",senate_1982.csv,
1982,Senate,97,2,S6,H.J.Res.,631,HJRES631-97,Creating Jobs for the Unemployed II,amendment,1982-12-16,Rejected,46,50,N,Y=Wrong; N=Right,935,https://voteview.com/rollcall/RS0970935,,12,"After Sen. Robert Byrd's (D-W.Va.) package of job-creating programs failed to achieve passage (See Senate Vote 2), Democrats and some Republicans worked to attach a smaller, $1.2-billion public works package to the continuing appropriations bill that Congress needed to pass before adjournment. This modest attempt to create jobs in the face of massive unemployment had bipartisan support. A key vote came on an amendment by Sen. Pete Domenici (R-N.M.) to delete the job-creation programs from the resolution. The Domenici amendment failed 46-50 on Dec. 16. (However, with President Reagan threatening to veto the vital continuing appropriations resolution if it included any jobs programs, House and Senate conferees decided to delete the job-creating public works provision from the resolution in order to avert a wasteful shutdown of most government agencies.) Against - Right. For - Wrong.",senate_1982.csv,
1982,Senate,97,2,S7,H.R.,6211,HR6211-97,Maintaining Davis-Bacon Prevailing Wage Protections,motion to table,1982-12-18,Agreed to,48,46,Y,Y=Right; N=Wrong,954,https://voteview.com/rollcall/RS0970954,date 1982-12-19 -> 1982-12-18 per Voteview roll 954 (19 Dec was a Sunday with no Senate roll calls),12,"Davis-Bacon prevailing wage provisions of the highway rehabilitation legislation underwent attack in both the House and Senate, as conservatives attempted to remove assurances that workers on federally contracted construction projects will be paid the wages prevailing in their area of the country (See House Vote 4). In the Senate, Don Nickles (R-Okla.) offered an amendment to delete provisions specifying that Davis-Bacon protections would apply to major interstate highway repairs, as well as new construction. At the urging of organized labor, Sen. Robert Stafford (R-Vt.) moved to table, and thereby kill, the Nickles anti-labor amendment. By a 48-46 vote on Dec. 19, the Senate approved the Stafford motion. For tabling - Right. Against tabling - Wrong.",senate_1982.csv,
1982,Senate,97,2,S8,H.R.,6211,HR6211-97,Creating Jobs - Restoring Highways and Transit,passage,1982-12-20,Passed,56,34,Y,Y=Right; N=Wrong,964,https://voteview.com/rollcall/RS0970964,,12,"Labor's hopes for passage of major job-creating legislation in the post-election lame-duck session were thwarted by ""do nothing"" Republicans led by a President committed to ""staying the course"" instead of putting America back to work. One casualty was a broad-based package of job-creating public works programs approved by the House and Senate only to be dropped in conference after being threatened with a Presidential veto. Even the highway repair bill, which most observers expected to sail through Congress, was delayed by a stubborn right-wing Republican filibuster in the Senate. Eventually the Senate voted to stop the filibuster and passed the AFL-CIO-backed highway measure by a 56-34 vote on Dec. 20. As enacted, the highway bill will create an estimated 320,000 jobs in the repair and maintenance of interstate and other highways and improvements to mass transit systems. It will also help save thousands of lives by rehabilitating some of the most dangerous stretches of our nation's highways. For - Right. Against - Wrong.",senate_1982.csv,
1983,Senate,98,1,1,H.R.,1718,HR1718-98,Jobs I: Creating New Jobs and Providing Recession Relief,amendment,1983-03-11,Rejected,34,53,Y,Y=Right; N=Wrong,16,https://voteview.com/rollcall/RS0980016,tally printed prevailing-side-first as 53-34; the roll call is 34-53 on the Levin amendment per Voteview roll 16,7,"During consideration of the only job-creation bill passed by Congress during the Reagan recession, Sen. Carl Levin (D-Mich.) made an attempt to increase the scope of the program to provide more meaningful relief to the 13.2 million Americans suffering from joblessness. Levin's amendment would have added $1.6 billion in funds for community jobs programs and recession relief such as health care, food and emergency shelter for the homeless. But a majority in the GOP-controlled Senate turned their backs on the unemployed and voted 53-34 on Mar. 11 to reject the Levin amendment. At a time of depression-level unemployment, Republicans argued that the cost was too great even though it amounted to only $126 in job-creation funds for each unemployed American. For - Right. Against - Wrong.",senate_1983.csv,
1983,Senate,98,1,10,H.R.,1900,HR1900-98,Slashing Social Security Benefits,amendment,1983-03-21,Rejected,30,61,Y,Y=Right; N=Wrong,35,https://voteview.com/rollcall/RS0980035,,8,"Conservatives who have long sought to weaken the social security program finally got their chance under Ronald Reagan in 1983. Taking advantage of the need to stabilize the financing of social security, conservatives pushed through an increase in the retirement age for full social security benefits from 65 to 66. This step backward was coupled with another regressive provision imposing a 30 percent benefit reduction penalty for those who must retire before age 66. The AFL-CIO strongly opposed these changes noting that many workers who retire before age 65 do so for reasons of poor health. Unable to defeat this provision, Sen. Bill Bradley (D-N.J.) offered a compromise amendment to provide for improved disability benefits for those who are unable to work until age 66. Again conservatives led the charge against the Bradley amendment, which was rejected 30-61 on Mar. 21. For - Right. Against - Wrong.",senate_1983.csv,
1983,Senate,98,1,8,H.R.,1900,HR1900-98,Fair Taxes I,motion to table,1983-03-22,Agreed to,54,43,Y,Y=Right; N=Wrong,38,https://voteview.com/rollcall/RS0980038,,7,"Searching for ways to reduce President Reagan's monstrous $200-billion-per-year budget deficits, Congress in 1982 enacted a tax reform to require that taxes on sizeable stock dividends and savings account interest payments be withheld at time of payment. This so-called withholding tax reform was not a tax increase, but only a better means of collecting taxes that were due but were going unpaid. The reform would raise $13 billion in three years by stopping tax-cheating. The AFL-CIO, noting that taxes are withheld from workers' paychecks, saw no reason why taxes should not be withheld from unearned income, and had long advocated enactment of this tax reform. In 1983 the banking lobby went on the offensive to repeal the tax withholding reform before it was scheduled to take effect. The key vote in the Senate came on an amendment by Sen. John Melcher (D-Mont.) to delay the tax reform for six months, opening the door toward eventual repeal. Sen. Daniel P. Moynihan (D-N.Y.) moved to kill the Melcher amendment, by tabling it, and succeeded by a 54-43 vote on Mar. 22. But the Congress, overwhelmed by the bankers' postcard lobbying blitz, later repealed the tax withholding reform. For tabling - Right. Against tabling - Wrong.",senate_1983.csv,
1983,Senate,98,1,11,S.Con.Res.,27,SCONRES27-98,Cutting Medicare for the Elderly,amendment,1983-05-04,Rejected,45,50,Y,Y=Right; N=Wrong,70,https://voteview.com/rollcall/RS0980070,bill from the roll call's own Voteview description (S. Con. Res. 27); the bill_number field is empty,8,"Medical care costs have increased at three times the general rate of inflation over the last decade. The AFL-CIO has offered several proposals to limit profiteering by physicians and hospitals while guaranteeing health care coverage. The Reagan Administration, on the other hand, has pushed a ""Robin Hood in reverse"" health care program. The Reagan premise is that the more people have to pay for health care, the less they will use health care services. In 1981 the first Reagan budget cuts reduced Medicare funding by $3 billion over three years. Eighty percent of these cuts have been absorbed not by hospitals or doctors but by elderly patients. In 1983 the President asked for another $1.8 billion cut in Medicare. The Senate rejected this request but did pass an $800 million cut, thus forcing the elderly to reach deeper in their pockets to make up the difference. A key vote came on an amendment by Sen. Max Baucus (D-Mont.) to restore $400 million for Medicare. But a majority of Senators bought the Reagan program of making the sick pay for their misfortune, and rejected the Baucus amendment 45-50 on May 4. For - Right. Against - Wrong.",senate_1983.csv,
1983,Senate,98,1,6,S.Con.Res.,27,SCONRES27-98,Health Care for the Jobless,substitute,1983-05-05,Rejected,36,63,Y,Y=Right; N=Wrong,72,https://voteview.com/rollcall/RS0980072,bill from the roll call's own Voteview description (S. Con. Res. 27); the bill_number field is empty,7,"One of the humanitarian recession-relief programs pushed by the AFL-CIO was health care benefits for the unemployed. When workers are jobless they usually lose health care insurance. Since most jobless workers are unable to pay for private insurance and are not eligible for Medicaid, they and their families must do without basic medical care. As unemployment hovered at 9 percent, the House was the first to approve a health care program (see House Vote 6). The Senate in its budget bill included a low level of funding for a watered-down program. Sen. Edward Kennedy (D-Mass.) tried to bring the Senate bill in line with the funding levels of the House version, but again Republicans balked. The Senate rejected Kennedy's amendment 36-63 on May 5. Later in the year, arch-conservatives led by Sen. Don Nickles (R-Okla.) stopped action even on a modest version of the health care bill. For - Right. Against - Wrong.",senate_1983.csv,
1983,Senate,98,1,12,S.Con.Res.,27,SCONRES27-98,Federal Aid to Education,motion to table,1983-05-05,Rejected,46,48,N,Y=Wrong; N=Right,75,https://voteview.com/rollcall/RS0980075,bill from the roll call's own Voteview description (S. Con. Res. 27); the bill_number field is empty,8,"President Reagan's budget cuts in federal aid to public schools have worsened education problems by forcing the cancellation of special teaching programs and by tightening the squeeze on local school districts. Many teaching posts are unfilled, particularly in math and the sciences, because school districts cannot afford to pay competitive salaries to their staffs. Meanwhile America's international competitors, such as Japan, attribute their successes to a firm commitment to education. During debate on the federal budget, Sen. Ernest Hollings (D-S.C.) offered an amendment to add $1.5 billion in education funds. This included $200 million for a new math and science program, as well as basic grants to elementary and secondary schools. The Hollings amendment also provided help for 600,000 additional needy students to meet tuition payments. Sen. Pete Domenici (R-N.M.), acting as President Reagan's point man, moved to kill the Hollings amendment. But supporters of education prevailed as Domenici's tabling motion failed 46-48 on May 5, paving the way for adoption of a compromise education funding amendment. For tabling - Wrong. Against tabling - Right.",senate_1983.csv,
1983,Senate,98,1,13,S.Con.Res.,27,SCONRES27-98,Fairness in Federal Programs,motion to table,1983-05-12,Agreed to,52,48,Y,Y=Right; N=Wrong,85,https://voteview.com/rollcall/RS0980085,bill from the roll call's own Voteview description (S. Con. Res. 27); the bill_number field is empty,8,"In 1981 and 1982, President Reagan used the federal budget process to force big cuts in most programs while allowing huge tax cuts for the wealthy. But by 1983 the results of these policies - deep recession, double-digit unemployment and record budget deficits - were casting doubt on Reaganomics even among members of Congress who had voted for the Reagan program. In May 1983, debate about the economy focused on the new federal budget. The AFL-CIO urged that programs such as job-creation, education and training be restored and that tax loopholes be closed to get the budget under control. The President, however, refused to budge from his disastrous course. In the Senate, Majority Leader Howard Baker (R-Tenn.) and Budget Committee Chairman Pete Domenici (R-N.M.) offered a budget that essentially maintained Reaganomics by providing for a new round of program cuts with no room for tax reform such as the AFL-CIO-backed $700 tax cap (see Senate Vote 9). Sen. Lawton Chiles (D-Fla.) moved to kill this unfair budget and the Senate agreed 52-48 on May 12. For - Right. Against - Wrong.",senate_1983.csv,
1983,Senate,98,1,2,H.R.,2973,HR2973-98,Jobs II: Preventing Job Exports,motion to table,1983-06-16,Rejected,46,51,Y,Y=Right; N=Wrong,154,https://voteview.com/rollcall/RS0980154,,7,"Senate action on President Reagan's Caribbean Basin Initiative bill (see House Vote 2 for details) moved forward when the Senate Finance Committee packaged several bills, including CBI, with legislation that repealed a key 1982 tax compliance reform (see Senate Vote 8 for details). Sen. Russell Long (D-La.) offered a tabling motion to kill the entire labor-opposed package including CBI. But the President's conservative allies rallied to defeat the Long motion 46-51 on June 16. This vote paved the way for eventual enactment into law of the job-destroying CBI program. For tabling - Right. Against tabling - Wrong.",senate_1983.csv,
1983,Senate,98,1,14,H.R.,3133,HR3133-98,Helping the Unemployed Avoid Mortgage Foreclosure and Eviction,motion to table,1983-06-21,Agreed to,55,39,N,Y=Wrong; N=Right,161,https://voteview.com/rollcall/RS0980161,,8,"The Reagan recession brought with it not only the national misery of high unemployment but also soup lines, bankruptcies, foreclosures and evictions in record numbers. The AFL-CIO asked Congress to approve legislation that would provide emergency loans to unemployed homeowners threatened with foreclosure until economic conditions improved and the jobless could find work. Again, the Reagan White House opposed this temporary relief program. Over Republican opposition, the House passed a home mortgage foreclosure relief bill (see House Vote 13). In the Senate, Sen. Don Riegle (D-Mich.) and moderate Republican Sen. John Heinz (R-Pa.) offered a similar bill. Once again, Reagan-led conservatives blocked action and approved a tabling motion by Sen. Jake Garn (R-Utah) to kill the program. The vote was 55-39 on June 21. For tabling - Wrong. Against tabling - Right.",senate_1983.csv,
1983,Senate,98,1,9,H.R.,1183,HR1183-98,Fair Taxes II,passage,1983-06-29,Rejected,45,55,Y,Y=Right; N=Wrong,170,https://voteview.com/rollcall/RS0980170,,8,"A major AFL-CIO initiative to restore an element of fairness to the Reagan supply-side tax program was legislation to impose a $700 ""cap"" on the 1983 tax cut (see House Vote 17 for details). The tax cap would retain the full tax break for wage earners earning $45,000 or less per year but limit the tax windfall for the rich to $700. It would also raise $6 billion in lost revenues at a time of record-high $200 billion budget deficits. The tax cap passed the House, but the Republican-controlled Senate, bowing to President Reagan's pressure, rejected it by a 45-55 vote on June 29. For - Right. Against - Wrong.",senate_1983.csv,
1983,Senate,98,1,15,S.,1426,S1426-98,Community Recession-Relief Programs,amendment,1983-09-21,Rejected,36,58,Y,Y=Right; N=Wrong,251,https://voteview.com/rollcall/RS0980251,,8,"Federal revenue sharing, first enacted in 1972, provides grants to local governments for use on locally controlled programs, based on local priorities. These grants have been used in a wide variety of projects ranging from pothole repair on local streets to health screening and immunization. Revenue sharing has provided jobs and helped soften the blow of recession in many communities. In 1983 Congress passed a three-year extension of revenue sharing. The level of funding in the House version was $450 million higher than the Senate's. Sen. Bill Bradley (D-N.J.) offered an amendment to compromise by adding $225 million to the Senate bill, but with President Reagan staunchly opposed, conservative Senators closed their eyes to the hardship of recession and rejected the Bradley amendment 36-58 on Sept. 21. For - Right. Against - Wrong.",senate_1983.csv,
1983,Senate,98,1,4,S.,1887,S1887-98,Unemployment Benefits I,amendment,1983-09-30,Rejected,37,54,Y,Y=Right; N=Wrong,266,https://voteview.com/rollcall/RS0980266,,7,"In September 1983 the federal program of supplemental unemployment compensation came up for renewal in the Congress. Republicans fought efforts to extend and strengthen the program's benefits to help the long-term jobless. The key fight in the Senate was whether the legislation should include up to eight weeks of benefits for those unemployed who had exhausted all compensation and were no longer receiving UI checks. Democrats in the House included this provision in the bill over strong Republican opposition (see House Vote 8). Under increasing pressure from President Reagan, the Republican-controlled Senate rejected an amendment by Sen. Robert Byrd (D-W.Va.) to add this ""reachback"" benefit to the bill. The Byrd amendment went down 37-54 on Sept. 30. Fortunately, later in conference the benefits were added to the final bill. For - Right. Against - Wrong.",senate_1983.csv,
1983,Senate,98,1,5,S.,1887,S1887-98,Unemployment Benefits II,amendment,1983-09-30,Rejected,26,64,Y,Y=Right; N=Wrong,267,https://voteview.com/rollcall/RS0980267,,7,"Following rejection of the Byrd amendment (see Senate Vote 4) Sen. Carl Levin (D-Mich.) offered an amendment to add up to 10 weeks of benefits for jobless workers in states with the highest unemployment rates, and lesser amounts for those in states with lower jobless rates. Again Republicans objected to helping the jobless, and the Levin amendment was rejected 26-64 on Sept. 30. For - Right. Against - Wrong.",senate_1983.csv,
1983,Senate,98,1,3,H.R.,3103,HR3103-98,"Jobs III: ""Buy American""",motion to table,1983-10-25,Agreed to,55,35,N,Y=Wrong; N=Right,303,https://voteview.com/rollcall/RS0980303,,7,"Late in 1982 Congress passed a highway improvements job-creation bill to help bring the nation out of the Reagan recession. This legislation is providing up to 400,000 man-years of work on much needed rehabilitation of highways and other public works. To make sure the funds would create the maximum number of jobs, Congress included strict ""Buy American"" provisions to guarantee use of American steel and other materials, not Japanese or other foreign products. In 1983 the Senate considered new legislation that would have weakened these Buy American protections, providing exemptions for contracts of less than $500,000 and reducing the Buy American requirement to only 51 percent of the cost of the project. These changes, for example, would have allowed the use of more than 550,000 tons of foreign steel, costing 3,700 jobs in the U.S. steel industry alone. Sen. Howard Metzenbaum (D-Ohio) offered an amendment to stop the weakening of the Buy American policy, but his amendment was killed by Sen. John Chafee's (R-R.I.) tabling motion, 55-35, on Oct. 25. Fortunately, the bill later failed to achieve final enactment, and the Buy American provisions of the highway jobs bill were left intact. For tabling - Wrong. Against tabling - Right.",senate_1983.csv,
1983,Senate,98,1,7,S.J.Res.,194,SJRES194-98,Maintaining Federal Employees' Health Benefits,motion to table,1983-11-09,Rejected,44,51,Y,Y=Right; N=Wrong,335,https://voteview.com/rollcall/RS0980335,bill from the roll call's own Voteview description (S. J. Res. 194); the bill_number field is empty,7,"Since 1981 federal government employees have been targeted by the Reagan Administration for massive layoffs, arbitrary cuts in pay, and reduction in job-related benefits. In 1983 conservatives in Congress found a new way to attack federal workers' collectively bargained job benefits: through legislation prohibiting use of federal funds on any health insurance program that includes abortion coverage. The AFL-CIO has taken no position on the issue of abortion; however, to the federation the key issue in this case was not abortion but whether Congress could disregard the limited collective bargaining rights of federal workers by terminating certain health benefits which they had won and which are available to private-sector employees. Arch-conservative Sen. Jeremiah Denton (R-Ala.) led the charge against federal employees with an amendment which would have stopped funding for federal workers' health insurance. Sen. Lowell Weicker (R-Conn.) moved to kill the Denton amendment, but failed in a 44-51 vote on Nov. 9. For tabling - Right. Against tabling - Wrong.",senate_1983.csv,
1983,Senate,98,1,16,S.,1715,S1715-98,Preventing Further Hikes in Home Heating Bills,amendment,1983-11-15,Rejected,28,67,N,Y=Wrong; N=Right,354,https://voteview.com/rollcall/RS0980354,,8,"President Reagan signaled his national energy policy shortly after his inauguration when he removed all remaining federal price controls on domestically produced oil. As a result the pump price of gasoline, an oil by-product, immediately jumped 8-10 cents per gallon. Since then Reagan has tried to remove the remaining price controls on natural gas prices. Since Congress partially deregulated natural gas in 1978, prices have skyrocketed. During the 1982-83 winter alone, residential price increases averaged 25 percent across the country, with some regions facing boosts as large as 60 percent. More than 300,000 families spent last winter without heat because they couldn't afford to pay sky-high fuel bills. In the Senate, conservatives led the fight for the big companies. Sen. James McClure (R-Ida.) offered legislation to give the oil companies who control natural gas production another $40 billion windfall in higher gas prices. Fortunately, most Senators realized that Americans are fed up with oil company rip-offs, and rejected the McClure amendment 28-67 on Nov. 15. For - Wrong. Against - Right.",senate_1983.csv,
1983,Senate,98,1,17,H.J.Res.,290,HJRES290-98,Maintaining a Strong Public School System,motion to table,1983-11-16,Agreed to,59,38,Y,Y=Right; N=Wrong,355,https://voteview.com/rollcall/RS0980355,"printed marker 'For - Wrong' contradicts the AFL-CIO's own roster grid on p6, which scores a Yea on this roll call as Right for all 8 senators tested; position set to Y. Roll 355 is the motion to table the Dole amendment, which the AFL-CIO opposed; bill from the roll call's own Voteview description (H. J. Res. 290); the bill_number field is empty",8,"Reagan Administration cuts in federal funds for education have forced local school districts to eliminate many worthwhile teaching programs. Despite this, the President led the charge in 1983 for special tax credits for those who send their children to private schools. The AFL-CIO opposes tuition tax credits on the grounds that they would weaken the nation's public school system. Furthermore, the Reagan-backed legislation would cost the Treasury close to $800 million per year, increasing pressure to cut programs in public education. Sen. Robert Dole (R-Kans.) offered the Reagan tuition tax credit scheme on Nov. 16. The Senate responded to the Administration's proposal for an additional tax loss in a time of $200 billion budget deficits and killed the Dole amendment 59-38. For - Wrong. Against - Right.",senate_1983.csv,
1984,Senate,98,2,6,S.,1660,S1660-98,Unfair Higher Telephone Costs,motion to table,1984-01-26,Agreed to,44,40,N,Y=Wrong; N=Right,372,https://voteview.com/rollcall/RS0980372,,8,"As a result of the Communications Act of 1934 and subsequent regulatory action by the Federal Communications Commission, the government for the last five decades has pursued a policy of promoting reasonably priced, universal telephone service for all citizens. The result of this federal policy is that 92 percent of all Americans now have access to the nation's telephone system. This public policy was, however, jeopardized following the court-ordered breakup of American Telephone & Telegraph, which precipitated an anti-consumer regulatory ruling by the FCC, now under the conservative control of Reagan appointees. The FCC proposed to allow a flat charge on residential and small business phone users for the right of access to long-distance service whether they use such service or not. The fee originally was to go into effect in April of 1984, starting at $2 per month for residential customers and rising yearly until 1990. The AFL-CIO strongly opposed the access fee. Labor charged that the fee, when combined with increases in local rates, could raise local phone bills by as much as 100 percent, undermining the principle of universal telephone service. The AFL-CIO also pointed out the unfairness of a proposal which would penalize the 17 percent of all telephone customers who make no long-distance calls. In the Senate the key vote came on a bill sponsored by Sen. Robert Packwood (R-Ore.) that would have temporarily banned FCC imposition of the access fee. The bill also included an important pension rights plan that would allow employees of the new telephone companies created under divestiture to transfer their pension rights to their new employers. However, one day before the vote, the FCC announced that it was postponing implementation until at least June of 1985. The FCC counter-move clearly undercut Packwood's effort as the Senate, by a 44-40 vote on Jan. 26, agreed to a motion by Sen. Barry Goldwater (R-Ariz.) to table consideration of the Packwood bill. (The pension protection provision was later included in an unrelated tax bill which was signed into law.) For tabling - Wrong. Against tabling - Right.",senate_1984.csv,
1984,Senate,98,2,5,H.R.,2163,HR2163-98,Balancing the Federal Budget,motion to table,1984-04-10,Agreed to,57,38,N,Y=Wrong; N=Right,432,https://voteview.com/rollcall/RS0980432,date 1984-04-06 -> 1984-04-10 per Voteview roll 432; no Senate roll call was cast on 6 April,7,"In 1981 the AFL-CIO and other organizations predicted that the Reagan tax cuts, which included steep reductions in the taxes paid by the wealthy and corporations, would hemorrhage the federal treasury at a cost of hundreds of billions of dollars in lost revenues. By 1984 this prediction had come true as the nation staggered toward a $200 billion Reagan budget deficit - more than the total accumulated deficits of every president from George Washington through Jimmy Carter. As deficits mounted, the AFL-CIO proposed a range of tax reforms designed to get the deficit under control. One of them - a $700 cap on the individual tax cuts - would have retained the full tax break for those earning $45,000 or less but limited the tax windfall for the rich to $700. Unfortunately, in June 1983, the Senate rejected this key tax reform. During Senate debate this year on a bill designed to reduce the deficit, Sen. John Chafee (R-R.I.) offered another labor-backed reform amendment - postponing for three years the indexation of the tax system Congress enacted as part of the Reagan tax program. The Chafee amendment would have raised $15 billion over the three-year period, mostly from the wealthy. Choosing to ignore its revenue impact, the Senate by a 57-38 vote on Apr. 6 agreed to a motion by Sen. Robert Dole (R-Kans.), chairman of the Senate Finance Committee, to table and thus kill the Chafee amendment. For tabling - Wrong. Against tabling - Right.",senate_1984.csv,
1984,Senate,98,2,2,H.R.,2163,HR2163-98,Restoring Health Insurance for the Unemployed,amendment,1984-04-11,Rejected,39,57,Y,Y=Right; N=Wrong,433,https://voteview.com/rollcall/RS0980433,,7,"One of the important recession relief programs pushed by the AFL-CIO was legislation to provide health care benefits for the unemployed. When workers are jobless they usually lose health care insurance. Since most jobless workers are unable to pay the costly premiums for private insurance and are not eligible for Medicaid, they and their families must do without basic medical care. With more than eight million persons jobless for much of 1984, the AFL-CIO continued to push for a program of health care for the unemployed. During debate on a tax increase bill, Sen. John Heinz (R-Pa.) offered an amendment to make $700 million in federal grants available to the states to provide health care benefits to the long-term unemployed. As it did in 1983, the conservative-controlled Senate rejected this amendment by a 39-57 vote on Apr. 11. For - Right. Against - Wrong.",senate_1984.csv,
1984,Senate,98,2,4,H.R.,2163,HR2163-98,Fair Corporate Taxes,motion to table,1984-04-12,Agreed to,62,30,N,Y=Wrong; N=Right,441,https://voteview.com/rollcall/RS0980441,,7,"The corporate share of tax revenues to operate the federal government has fallen from 25 percent in 1960 to 6.6 percent in 1983. Individuals - mostly working families - have had to make up the difference. The largest plunge in big-business tax contributions to the federal government came as a result of the 1981 Reagan tax bill, which cut the effective corporate income tax rate in half at a loss of $170 billion over five years. The corporate tax system is so lopsided now that in 1984, about 90,000 corporations will pay no taxes. Most firms in the chemical industry, for example, not only did not pay taxes in 1983, but received $211 million in refunds or write-offs to reduce future taxes. To correct this gross inequity, Senators Howard Metzenbaum (D-Ohio) and Edward Kennedy (D-Mass.) during debate on a miscellaneous tax bill offered an amendment to impose a minimal 15 percent tax on corporate profits in excess of $50,000. The amendment was designed to restore a small measure of fairness and raise $19.1 billion over a five-year period. Despite the fact that the nation faced a staggering $200 billion deficit, the amendment was rejected by a 62-30 vote on a tabling motion by Finance Committee Chairman Robert Dole (R-Kans.) on Apr. 12. For tabling - Wrong. Against tabling - Right.",senate_1984.csv,
1984,Senate,98,2,3,H.R.,2163,HR2163-98,Failure to Win Tax Relief for Construction Workers,motion to table,1984-04-12,Agreed to,50,31,N,Y=Wrong; N=Right,447,https://voteview.com/rollcall/RS0980447,,7,"In 1984 the AFL-CIO backed legislation to permit construction workers to deduct their ordinary and necessary business expenses from their income taxes, just as other taxpayers already do. This tax adjustment was necessary because, under current law, the constraints and limitations on travel and business expenses do not adequately reflect the unique circumstances in the construction trades. As a result, many workers are unfairly treated. Today's construction workers are frequently employed on sites that are far from home. Under current federal income tax law, traveling expenses (including meals and lodging) are deductible if they are incurred while away from home in the pursuit of a trade or business. But such employment must be temporary and expected to last a short period of time. Traveling expenses incurred in connection with employment that is considered to be of indefinite or indeterminate duration generally are not tax deductible. But in the real world of construction, job-related travel expenses do not lend themselves to the distinction between temporary and indefinite employment. Thus, there is uncertainty and inequity in denying these workers an income tax deduction for legitimate costs associated with their jobs. During Senate debate on a miscellaneous tax bill, Sen. John Melcher (D-Mont.) offered an amendment to incorporate this long overdue tax clarification. Senate Finance Committee Chairman Sen. Robert Dole (R-Kans.) successfully killed the Melcher proposal, tabling it by a 50-31 vote on Apr. 12. For tabling - Wrong. Against tabling - Right.",senate_1984.csv,
1984,Senate,98,2,8,H.R.,2163,HR2163-98,Increasing Senior Citizen Health Care Costs - I,motion to table,1984-05-09,Agreed to,58,36,N,Y=Wrong; N=Right,461,https://voteview.com/rollcall/RS0980461,no date printed on the scoreboard; 1984-05-09 per Voteview roll 461,8,"No sooner had the Senate rejected the revenue-raising curb on indexing (see Senate vote #4), than it voted for an increase in Medicare costs for the elderly as a way to reduce the federal budget deficit. At present senior citizens and disabled Medicare beneficiaries spend an average of 20 percent of their limited incomes on medical care. The tax bill reported by the Senate Finance Committee would have compounded this financial burden by increasing the Part B Medicare premium and by raising the Medicare deductible. Part B is a medical insurance program that pays up to 80 percent of the reasonable charges for a range of elderly health care services, including doctor and outpatient hospital care, outpatient physical therapy and home health care. The AFL-CIO charged that if medical care costs continued to rise at the present pace, which is greater than the inflation rate in the rest of the economy, monthly medicare premiums would also increase at rates far exceeding the annual cost-of-living adjustments for social security benefits. It was further estimated that if the Finance Committee bill passed, premium increases by 1990 could consume 30 percent of this annual cost-of-living increase. During debate on the tax increase package, Sen. Edward M. Kennedy (D-Mass.) offered an amendment to eliminate the increase in the Part B premium. The conservative-controlled Senate, however, rejected the Kennedy amendment and thereby voted for the Medicare increases when it agreed by a 58-36 vote to a tabling motion by Sen. Robert Dole (R-Kans.). For tabling - Wrong. Against tabling - Right.",senate_1984.csv,
1984,Senate,98,2,9,H.R.,2163,HR2163-98,Increasing Senior Citizen Health Care Costs - II,amendment,1984-05-17,Rejected,44,50,Y,Y=Right; N=Wrong,468,https://voteview.com/rollcall/RS0980468,tally printed prevailing-side-first as 50-44; the roll call is 44-50 per Voteview roll 468,8,"After the defeat of the Kennedy Medicare amendment, Sen. Max Baucus (D-Mont.) countered with an amendment designed to restore $588 million of the total $9 billion in Medicare cuts proposed by the Senate Finance Committee. The Baucus amendment would have eliminated the proposed increase in the Medicare Part B deductible and reduced the Part B premium increases in 1987 so that premium hikes would not exceed the rate of inflation. It would have also provided for closer monitoring of physician behavior under the proposed physician fee freeze so that Medicare beneficiaries could be protected from unfair cost shifting during the two-year freeze. During debate, Sen. Baucus pointed out that of the $9 billion in Medicare costs, senior citizens were required to contribute $3.7 billion in higher medical fees while physicians and hospitals were only required to make up $2.9 billion through reduced fees. Once again the fiscal conservatives turned their backs on senior citizens and voted down the Baucus amendment by a 50-44 vote on May 17. For - Right. Against - Wrong.",senate_1984.csv,
1984,Senate,98,2,1,H.R.,5174,HR5174-98,Protecting Union Political Rights,motion to table,1984-05-22,Agreed to,65,32,Y,Y=Right; N=Wrong,479,https://voteview.com/rollcall/RS0980479,,7,"Sen. Jesse Helms (R-N.C.), whose 1984 re-election campaign is expected to set a spending record of $20 million, attempted to legislate a sweeping attack on the political spending rights of unions. The Helms amendment would have prohibited unions from using dues money for educational activities, such as voter registration, get-out-the-vote drives and political communications to union members. He would have denied unions the right to finance the cost of political action committees, a right now granted under federal election law to both unions and corporations. The broad reach of the Helms amendment would have applied to both federal and state elections. Further, despite the fact that federal election law treats union and corporate activity equally, the Helms amendment would not have limited in any way the right of corporations to spend their treasury funds for the same activities. The obvious purpose of the Helms amendment was to restrict the right of unions to exercise their First-Amendment right to communicate with their members on political issues, prevent unions from encouraging their members to participate in the democratic election process, interfere in unprecedented fashion with the right of states to enact their own campaign finance rules, and destroy the neutrality of the federal election act with regard to corporate and union treasury spending in federal elections. Realizing that the Helms amendment was nothing more than an anti-union attack promoted by the National Right to Work Committee, the Senate again rejected the Helms amendment as it had done in 1982. But this time it was rejected by an even larger margin. On May 22, the Senate voted 65-32 for a motion by Sen. Charles Mathias (R-Md.) to table and thus kill the Helms amendment. For tabling - Right. Against tabling - Wrong.",senate_1984.csv,
1984,Senate,98,2,10,S.,1285,S1285-98,Working Women - Child Day Care Services,motion to table,1984-06-27,Agreed to,51,42,N,Y=Wrong; N=Right,533,https://voteview.com/rollcall/RS0980533,no date printed on the scoreboard; 1984-06-27 per Voteview roll 533,8,"With working women and single-parent households comprising an ever-larger proportion of the U.S. labor force, one of their most pressing needs is for affordable and adequate child day care services. In the absence of a comprehensive child day care program, many women have already had to abandon their jobs and turn to welfare. For others, turning their children into ""latchkey kids"" is the only alternative. The AFL-CIO has long been on record in support of federal assistance to establish programs providing infant care, kindergarten and after-school child day care services at affordable rates. During Senate debate on legislation designed to upgrade mathematics and science education in the nation's schools, Sen. Don Riegle (D-Mich.) offered an amendment to provide $15 million in seed money over the next three years to establish after-school day care programs using existing school facilities. Although a similar bill had been unanimously passed by the House, Senate conservatives voted 51-42 in support of a motion by Sen. Howard Baker (R-Tenn.) to kill the amendment. For tabling - Wrong. Against tabling - Right.",senate_1984.csv,
1984,Senate,98,2,11,H.R.,5712,HR5712-98,Promoting Democracy Abroad,amendment,1984-06-28,Adopted,62,30,N,Y=Wrong; N=Right,554,https://voteview.com/rollcall/RS0980554,"day of month lost to scan damage ('June ...'); 1984-06-28 per Voteview roll 554. Voteview tags this roll call 'HR5172', which occurs exactly once in the whole 98th Senate and sits inside a run of nine H.R. 5712 roll calls on the same bill and day (rolls 550-559); corrected to H.R. 5712. Description: the card sets 'are designed to promote the [...] of democratic institutions abroad' and the store had dropped 'the [...] of'; the two words between 'the' and 'democratic' are in p8's over-inked band and read on no copy, so the gap is marked rather than filled (retranscribe_1984_s11.py)",8,"In 1983 Congress authorized the creation of the National Endowment for Democracy, a federally financed, private non-profit organization whose various activities, such as fostering trade unions in developing countries, are designed to promote the [...] of democratic institutions abroad. The AFL-CIO through its Free Trade Union Institute is a participating organization in the Endowment program. When the 1985 funding authorization for the Endowment reached Congress, it immediately came under attack in the House where the entire $31 million appropriation was deleted. (See House Vote #13.) In the Senate several attempts were made to slash the Endowment's funds. While more drastic amendments to eliminate all funding were rejected, Sen. Warren Rudman (R-N.H.) succeeded in reducing the appropriation by $10 million to a level of $21 million. The amendment was adopted by a 62-30 vote on June [...] House-Senate conferees later agreed to a spending level of $18.5 million for the Endowment. For - Wrong. Against - Right.",senate_1984.csv,
1984,Senate,98,2,7,H.J.Res.,648,HJRES648-98,Restoring a Civil Rights Law,motion to table,1984-10-02,Agreed to,53,45,N,Y=Wrong; N=Right,633,https://voteview.com/rollcall/RS0980633,description: the card sets 'passed the House with strong by partisan support'; the store had 'bipartisan'. Restored 31 Aug 2026 and pinned in audit_1984.CARD_TYPOS; bill from the roll call's own Voteview description (H. J. Res. 648); the bill_number field is empty,8,"In early 1984 the U.S. Supreme Court handed down a regressive ruling that undermined federal civil rights law, overturning a lower court decision which had found sex discrimination at Grove City College in Pennsylvania. The court's conservative majority narrowly constricted the provisions of Title IX of the Education Amendments of 1972 which barred sex discrimination in any educational ""program or activity receiving federal financial assistance."" Although Grove City College is a recipient of federal financial assistance, the court majority defined Title IX's ""program or activity"" language so narrowly as to reach only the school's student financial aid program, rather than the entire school as the lower court had held. The result of the decision was to undermine the federal law's comprehensive prohibition against sex discrimination in education. Not surprisingly, in keeping with the Reagan Administration's abysmal civil rights record, the Assistant Attorney General for Civil Rights stated publicly that he would seek to broaden the reach of the Grove City ruling by applying it to other civil rights laws. The AFL-CIO and the Leadership Conference on Civil Rights almost immediately countered with legislation to reverse Grove City. It would restore to four key civil rights statutes the broad scope and coverage that was originally intended by Congress and enforced by the federal government for the last 20 years. While the bill easily passed the House with strong bipartisan support, Senate Republicans blocked action. The chief opponent was Labor Committee Chairman Orrin Hatch (R-Utah), who bottled up the labor-backed bill in his committee. A last-ditch attempt by Sen. Robert Byrd (D-W.Va.) to add the Grove City repealer bill to an unrelated continuing appropriations bill failed in the waning hours of the 98th Congress. When it was clear that opponents would be successful in killing the civil rights measure, the bill's original cosponsor Sen. Robert Packwood (R-Ore.) moved to table his own amendment as a means to secure a recorded vote on the issue. His amendment was tabled by a 53-45 vote on Oct. 2. For tabling - Wrong. Against tabling - Right.",senate_1984.csv,
1985,Senate,99,1,5,H.R.,1866,HR1866-99,Saving Jobless Benefits for the Unemployed I,amendment,1985-04-03,Rejected,34,58,Y,Y=Right; N=Wrong,26,https://voteview.com/rollcall/RS0990026,,4,"With unemployment exceeding seven percent for most of 1985 and more than 11 million workers unemployed or underemployed, the AFL-CIO supported legislative efforts to extend the federal program of supplemental unemployment benefits (FSB) for six months. For many of the long-term unemployed, this federal benefit program - available after regular state jobless compensation is exhausted - protects against eviction from homes, hunger and even the breakup of families by providing up to 14 weeks of additional benefits. Without the extension, over 400,000 jobless workers and their families faced a cut off from extended benefits if the federal program terminated on its expiration date of Mar. 31, 1985. Despite the high rate of joblessness, President Reagan threatened to veto any extension of the federal benefit program, seeking instead an immediate cut-off of benefits. During Senate debate on the legislation to phase out the FSB program, Sen. Arlen Specter (R-Pa.) sponsored an amendment to provide a six-month extension of the federal supplemental program. With the President promising to make good on his veto threat, the Senate rejected the Specter amendment by a 34-58 vote on Apr. 3. For - Right. Against - Wrong.",senate_1985.csv,
1985,Senate,99,1,6,H.R.,1866,HR1866-99,Saving Jobless Benefits for the Unemployed II,amendment,1985-04-03,Rejected,32,62,Y,Y=Right; N=Wrong,27,https://voteview.com/rollcall/RS0990027,,4,"In a second key vote on unemployment benefits, Sen. Carl Levin (D-Mich.) tried to liberalize extended jobless benefits. This program targets an extra 13 weeks of compensation to jobless workers in those states with unemployment rates in excess of 6 percent. However, restrictions imposed on the program since 1981 allowed only three states to qualify for extended benefits as of April 1985. Levin's amendment would have allowed states to provide these federally funded benefits if their unemployment rate exceeded 5 percent instead of the 6 percent rate contained in the existing law. By a 32-62 vote, on Apr. 3, the Senate killed the Levin amendment. For - Right. Against - Wrong.",senate_1985.csv,
1985,Senate,99,1,4,S.Con.Res.,32,SCONRES32-99,Rescuing a Railroad and Railroad Jobs,amendment,1985-05-09,Adopted,53,41,Y,Y=Right; N=Wrong,53,https://voteview.com/rollcall/RS0990053,bill from the roll call's own Voteview description (S. Con. Res. 32); the bill_number field is empty,4,"In 1970 when Congress established Amtrak to be a government-run national railroad passenger system, it recognized that a balanced transportation system was a critical national need - vital to commerce, freedom of movement and national defense. Amtrak now provides an important alternative to congested highways and airports, can carry more people more efficiently in all kinds of weather than any other mode of travel, and lessens America's dependence on the vagaries of the international oil market. Today the Amtrak system carries some 40 million passengers throughout 44 states. The 1985 Reagan budget, however, proposed to eliminate completely all Amtrak subsidies. The elimination of this subsidy would have cost more than 25,000 railroad workers their jobs and wiped out intercity rail passenger service in the United States, with a particularly harsh impact in northeastern states. The proposed layoffs would have carried a federal government price tag of up to $2.1 billion severance pay, while the government would have taken an additional $5.2 billion financial loss in the sale or scrapping of Amtrak equipment. During Senate debate on the budget bill, Sen. Arlen Specter (R-Pa.) offered an amendment to restore federal Amtrak funding to a level of 90 percent of 1986 spending - $616 million. By a 53-41 vote on May 9, the Senate agreed to the Specter amendment. For - Right. Against - Wrong.",senate_1985.csv,
1985,Senate,99,1,14,S.Con.Res.,32,SCONRES32-99,Restoring Education and Job-Training Funds,amendment,1985-05-09,Rejected,47,50,Y,Y=Right; N=Wrong,58,https://voteview.com/rollcall/RS0990058,bill from the roll call's own Voteview description (S. Con. Res. 32); the bill_number field is empty,5,"President Reagan's five-year crusade to slash federal aid to public schools has worsened education problems at the very time that many states have sought to resolve serious deficiencies in their educational systems. Steep federal budget cuts have forced the cancellation of special teaching programs and tightened the squeeze on local school districts leaving many teaching posts unfilled - particularly in math and sciences - because school districts cannot afford to pay competitive salaries to their staffs. Meanwhile, America's international competitors, such as Japan, attribute their global economic successes to a firm commitment to education. During the 1985 battle of the budget, conservatives swung their budget axe at federal education funding. The Republican-controlled Senate Budget Committee recommended a whopping $3.5 billion cut in federal aid to education over three years. Among other cutbacks, a freeze was imposed on elementary and secondary education programs, including compensatory education for the disadvantaged and aid for the education of the handicapped. Student loans were also cut back, while the popular Job Corps program - which provides job training for disadvantaged youths - would have been slashed by $1.3 billion. During Senate floor debate Sen. Lawton Chiles (D-Fla.) offered an amendment to restore $7 billion for a range of education and job-training programs. The Chiles amendment was defeated by a 47-50 vote on May 9. For - Right. Against - Wrong.",senate_1985.csv,
1985,Senate,99,1,7,S.Con.Res.,32,SCONRES32-99,Stopping Postage Rate Increases for Union Journals,motion to table,1985-05-09,Agreed to,51,46,N,Y=Wrong; N=Right,62,https://voteview.com/rollcall/RS0990062,bill from the roll call's own Voteview description (S. Con. Res. 32); the bill_number field is empty,4,"Since 1972, postal rates for the publications of non-profit groups such as unions and churches have skyrocketed by over 1,200 percent. By 1987, the rates will have increased by another 1,400 percent. As a result of these increasing costs, more than 100 union newspapers have been forced out of business while hundreds more have had to curtail the frequency of their publication. This, in turn, has restricted the ability of unions to communicate with their members. In 1985, the Reagan Administration recommended that $1.4 billion be cut from this federal subsidy. The result would be another increase in postage rates in excess of 100 percent for non-profit mailers. Particularly hard hit would have been the blind and disabled, whose free mailing privileges would have been wiped out. During Senate debate on the Republican budget bill, Sen. Howard Metzenbaum (D-Ohio) offered an amendment to restore $817 million in order to continue reduced rates for non-profit organizations, small newspapers, libraries and free mail for the blind. Once again conservatives lined up to defeat this amendment when the Republican majority approved by a 51-46 vote, on May 9, a motion offered by Sen. Ted Stevens (R-Alaska) to table and thereby kill the Metzenbaum amendment. For tabling - Wrong. Against tabling - Right.",senate_1985.csv,
1985,Senate,99,1,10,S.Con.Res.,32,SCONRES32-99,Seeking Fairness in Federal Budget Programs,substitute,1985-05-09,Adopted,49,49,N,Y=Wrong; N=Right,72,https://voteview.com/rollcall/RS0990072,"neither tally nor date printed on the scoreboard; identified by content as Voteview roll 72, 1985-05-09, 49-49 - the Dole substitute budget for S. Con. Res. 32, adopted on Vice-President Bush's tie-breaking vote; bill from the roll call's own Voteview description (S. Con. Res. 32); the bill_number field is empty",4,"The right-wing assault on federal spending continued in 1985 as the budget bill reported by the Republican-controlled Senate Budget Committee slashed $56 billion in federal spending for an array of domestic programs, including education, transportation, job training and employment services, governments, social security, Medicare and other programs for the elderly and disabled, food stamps, health assistance and public housing for the poor, and economic development. Thirteen programs were targeted for outright elimination. When this one-sided Republican budget came to the Senate floor, several days were spent in maneuvering and casting ""political posturing"" votes to protect Republicans up for reelection in 1986. The key vote finally came on a substitute budget bill offered by Majority Leader Robert Dole (R-Kan.). The Dole substitute discarded amendments that would have restored funds to critical programs and went back to an austere program-slashing version. On the final vote several Republicans still felt the cuts were too deep and joined the near-solid Democratic ranks in opposition. For - Wrong. Against - Right.",senate_1985.csv,
1985,Senate,99,1,15,S.Con.Res.,32,SCONRES32-99,Protecting the Purchasing Power of Social Security,motion to table,1985-05-09,Agreed to,51,47,N,Y=Wrong; N=Right,73,https://voteview.com/rollcall/RS0990073,bill from the roll call's own Voteview description (S. Con. Res. 32); the bill_number field is empty,5,"Since the Republicans took control of the Senate in 1980, conservatives have led an unrelenting assault on the social security program. In 1985 the assault on social security came during deliberations on the federal budget bill. In the Republican-dominated Budget Committee, conservatives demanded that the cost-of-living adjustment for social security recipients be eliminated for one year. This would slash these benefits to the elderly - many of whom have only meager pension benefits to rely upon - by an estimated $21.9 billion. On an individual basis this would mean that retirees would receive $220 less in their social security pension adjustment in 1986. During floor debate on the budget bill Democratic senators led by Patrick Moynihan (D-N.Y.) tried to restore the full social security cost-of-living adjustment. Moynihan's amendment was defeated by the acceptance, 51-47, of a motion by Sen. Robert Dole (R-Kan.) to table on May 9. For tabling - Wrong. Against tabling - Right.",senate_1985.csv,
1985,Senate,99,1,16,S.Con.Res.,32,SCONRES32-99,Safeguarding Health Care for the Elderly and the Poor,motion to table,1985-05-09,Agreed to,54,44,N,Y=Wrong; N=Right,74,https://voteview.com/rollcall/RS0990074,bill from the roll call's own Voteview description (S. Con. Res. 32); the bill_number field is empty,5,"The conservative assault on federal spending also targeted federal health care assistance for the elderly, disabled and the poor. The final budget bill adopted by the Senate slashed Medicare and Medicaid assistance programs by $16.3 billion over three years. For the nation's senior citizens who on the average pay 15 percent or $1,800 of their meager annual income for health care, $9.6 billion would have been lopped off the Medicare program over and above previous cuts of nearly $12 billion. This would translate into an average benefit reduction of $700 over the next five years for some 30 million elderly and disabled Medicare beneficiaries. During floor debate on the Republican budget, Democrats, led by Sen. Edward Kennedy (D-Mass.), attempted to restore some $4.6 billion in funding. However, this amendment was blocked when Sen. Robert Packwood (R-Ore.) offered a motion to table and thus kill the Kennedy provision. Packwood's tabling motion was approved by a 54-44 vote on May 9. For tabling - Wrong. Against tabling - Right.",senate_1985.csv,
1985,Senate,99,1,13,S.Con.Res.,32,SCONRES32-99,Restoring Fair Corporate Taxes,motion to table,1985-05-09,Agreed to,61,37,N,Y=Wrong; N=Right,75,https://voteview.com/rollcall/RS0990075,bill from the roll call's own Voteview description (S. Con. Res. 32); the bill_number field is empty,5,"The corporate share of tax revenues to operate the federal government has fallen steadily from 25 percent in 1960 to around 8.5 percent by 1985. As a result, individuals - mostly working families - have been forced, through higher tax rates, to make up the difference. The deepest plunge in tax contributions to the federal government came as a result of the 1981 Reagan tax bill which cut corporate taxes in half by $170 billion over five years. In 1984, nearly 90,000 corporations paid no taxes at all. In fact, many corporations earning billions of dollars in profits in 1984 not only paid no taxes, but received hundreds of millions of dollars in handouts or in future write-offs from the federal government. During floor deliberations on the federal budget, senators had a chance to stand up and be counted on the issue of fair corporate taxes. Sen. Howard Metzenbaum (D-Ohio) offered an amendment to the budget bill to impose a 15 percent minimum tax on corporate earnings in excess of $50,000 and to use the revenues generated to reduce the record-level $200 billion federal deficit. The Metzenbaum amendment would have raised a modest $10.5 billion over the next three years. However, hard-line conservatives led by Republican Majority Leader Robert Dole (R-Kan.) sidetracked the amendment when Dole's motion to table and kill the Metzenbaum provision was approved by a 61-37 vote on May 9. For tabling - Wrong. Against tabling - Right.",senate_1985.csv,
1985,Senate,99,1,2,S.,1160,S1160-99,Protecting Fair Wages for Construction Workers,amendment,1985-06-04,Rejected,49,49,Y,Y=Right; N=Wrong,97,https://voteview.com/rollcall/RS0990097,,4,"The 1931 Davis-Bacon Act insures that workers on federally financed construction projects will be paid at wage rates that prevail in their area of the country. For over 50 years this law has assured that contractors who uphold community labor standards have a fair chance to compete for government projects without being undercut by firms using cut-rate labor. It has also protected the government and taxpayers from fly-by-night operators seeking to win federal contracts by paying wages too low to attract competent craftsmen. During 1985 debate on a Defense Dept. authorization bill, Sen. Edward Kennedy (D-Mass.) offered an amendment to delete from the bill a committee-approved provision sponsored by Sen. Phil Gramm (R-Tex.) to exempt military construction projects from the fair-wage standards of the Davis-Bacon law. By a tie 49-49 vote on June 4, the Republican-controlled Senate rejected the Kennedy amendment. For - Right. Against - Wrong.",senate_1985.csv,
1985,Senate,99,1,12,S.,43,S43-99,Giving the President Line-Item Veto Authority,cloture,1985-07-18,Rejected,57,42,N,Y=Wrong; N=Right,156,https://voteview.com/rollcall/RS0990156,,5,"As Reagan budget deficits ran wild in 1985, the Senate sought to hand him new constitutional authority to meat-ax domestic spending - the line-item veto. This authority would allow the President for two years to review congressionally approved appropriations bills on an item-by-item basis and to veto those individual expenditures he opposed. A vetoed item would stand unless overridden by a two-thirds vote of both the House and Senate. Under current law, the President can only veto an entire bill; he has no authority to ""red line"" single provisions of it. The AFL-CIO opposed the line-item veto because it would primarily affect domestic, non-defense programs; undercut the ability of the executive and legislative branches to negotiate appropriate levels of spending, and provide the President with a sweeping grant of new constitutional authority by bypassing the normal constitutional amendment process. A bipartisan group of senators successfully mounted a filibuster which stopped the line-item veto proposal. After three failed attempts to invoke cloture and halt the filibuster, Senate Majority Leader Robert Dole (R-Kan.) pulled the bill from the Senate floor. The key cloture vote came when the Senate by a 57-42 vote, on July 18, fell three votes short of the 60 votes needed to invoke cloture. For cloture - Wrong. Against cloture - Right.",senate_1985.csv,
1985,Senate,99,1,19,H.R.,1460,HR1460-99,Fighting Racism in South Africa,cloture,1985-09-11,Rejected,57,41,Y,Y=Right; N=Wrong,173,https://voteview.com/rollcall/RS0990173,description: the card sets 'fell three botes short of the 60 votes required'; the store had silently corrected the typo. Restored 1 Sep 2026 and pinned in audit_1985.CARD_TYPOS,5,"Since 1958 the AFL-CIO has repeatedly expressed its outrage in Congress, international forums and elsewhere over the South African government's longstanding racist policy of apartheid. Under this system black South Africans - who represent nearly 75 percent of the nation's population - endure a strictly enforced policy of racial discrimination and segregation that denies them basic human, political, economic and social rights. For trade unionists in South Africa apartheid can be particularly brutal, denying workers the freedom of association necessary to improve wages and working conditions. In 1985 the AFL-CIO backed legislation to impose a series of economic sanctions on South Africa in order to pressure that government to move toward reform and eventual elimination of apartheid. The final conference report on legislation originally sponsored by Sen. Edward Kennedy (D-Mass.) and Sen. Lowell Weicker (R-Conn.) would have prohibited all new investment in South Africa by U.S. corporations and individuals, disallowed any commercial bank loans to South Africa, mandated that U.S. employers of 25 or more workers in South Africa would have to adhere to the ""Sullivan Code"" of fair labor practices, and banned the U.S. sale of South African Krugerrand gold coins. However, the conference report failed to pass when the right-wing combine led by Sen. Jesse Helms (R-N.C.) blocked final approval by a filibuster. On a 57-41 vote, on Sept. 11, a motion to invoke cloture and thus end the filibuster fell three votes short of the 60 votes required. For cloture - Right. Against cloture - Wrong.",senate_1985.csv,
1985,Senate,99,1,9,S.,1200,S1200-99,Importing Foreign Workers,amendment,1985-09-17,Adopted,51,44,N,Y=Wrong; N=Right,186,https://voteview.com/rollcall/RS0990186,,4,"During Senate debate on immigration reform legislation designed to curb the influx of illegal aliens, Sen. Pete Wilson (R-Calif.) offered an amendment to reestablish the discredited ""bracero"" program. Killed by Congress in 1964, this program had permitted the importation of hundreds of thousands of foreign agricultural workers during World War II, but subsequently displaced U.S. farm and migrant workers and undercut American working standards. Foreign farm workers, meanwhile, were subjected to some of the worst cases of exploitation in our nation's history. Under the Wilson amendment, up to 350,000 foreign workers could be brought into the country for up to nine months each year for agricultural work. These workers would not have to have a stateside job offer to obtain an entry visa. Their employers would not have to look for available domestic workers before hiring imported workers. Further, the U.S. government would have no role in such a program insofar as protecting job opportunities for American workers or promoting decent wage and work standards for foreign workers. The bracero program cruelly pits desperate foreign workers against desperate unemployed domestic workers in U.S. fields and on U.S. farms. It would also be used by growers as a tool to defeat farm worker organizing efforts. Despite strong labor opposition, the amendment was approved by a 51-44 vote on Sept. 17. For - Wrong. Against - Right.",senate_1985.csv,
1985,Senate,99,1,20,S.,51,S51-99,Environmental Protection for Workers and Their Families,amendment,1985-09-24,Adopted,49,45,N,Y=Wrong; N=Right,193,https://voteview.com/rollcall/RS0990193,description: the card sets a COMMA after 'without dissent' where a full stop belongs; the store had normalised it. Restored 1 Sep 2026 and pinned in audit_1985.CARD_TYPOS,5,"In 1980 Congress recognized that abandoned toxic waste dumps are a major environmental and health hazard. In response, Congress created a ""Superfund"" - a $1.6 billion five-year cleanup plan to be administered by the Environmental Protection Agency (EPA) in cooperation with affected states and local jurisdictions. However, under the Reagan Administration, the Superfund cleanup plan slowed to a crawl as a major scandal over mismanagement resulted in massive resignations within the Reagan-appointed EPA hierarchy. One shortcoming of the original 1980 legislation which labor and environmental groups have tried to remedy was the failure to include a victims' compensation program. During 1985 Senate Environmental Committee deliberations on a five-year $7.5 billion reauthorization of the Superfund program, a victim-assistance demonstration program was added to the bill without dissent. The proposal would set aside $30 million annually for a five-year program for selected areas. These areas would qualify only if scientific studies showed that toxic exposures caused health threats. From the $30 million fund, the government would pay victims' out-of-pocket medical expenses only when they were not covered by other insurance. During floor debate on the bill Sen. William Roth (R-Del.) attacked the victims' aid program and succeeded in deleting this modest health assistance effort. By a 49-45 vote on Sept. 24 the Senate voted for the Roth amendment to strike the victims' assistance demonstration program from the bill. For - Wrong. Against - Right.",senate_1985.csv,
1985,Senate,99,1,11,H.J.Res.,372,HJRES372-99,Gramm-Rudman Budget Amendment,amendment,1985-10-09,Adopted,75,24,N,Y=Wrong; N=Right,213,https://voteview.com/rollcall/RS0990213,description: the card sets 'refused to veer from Reagan's party line except to exempt social security cuts'; the store had 'except for'. Restored 1 Sep 2026 and pinned in audit_1985.CARD_TYPOS,5,"Four years of bankrupt Reagan budgetary policies of steep tax cuts for the wealthy and corporations combined with large military funding increases came back to haunt the government in 1985 in the form of the highest budget deficit - over $200 billion - in U.S. history. This dubious achievement - a budget deficit that exceeded the total accumulated deficits of every President from George Washington to Jimmy Carter - continued to take its toll on the economy's international competitiveness as the huge budget deficit is a major cause of an overvalued U.S. dollar which prices U.S. goods out of foreign markets. While the Democratic House fashioned a reasonable budget alternative, the Republican-controlled Senate refused to veer from Reagan's party line except to exempt social security cuts. Although the Administration eventually pushed through many deep program cuts, the deficit crisis worsened because the President refused either to raise taxes or to cut defense spending. Late in the year, when the Senate had to consider a bill to raise the public debt limit to over $2 trillion, conservatives took advantage of a growing congressional concern over unyielding budget deficits to ram through a budget mandate requiring an end to the annual deficit by FY 1991. The law will force huge cuts annually in domestic spending programs and the military budget. Sponsored by Sens. Phil Gramm (R-Tex.), Warren Rudman (R-N.H.) and Ernest Hollings (D-S.C.), the balanced budget plan as finally approved by Congress will demand massive multi-billion-dollar spending cuts for each of the next five years. Overall, the Gramm-Rudman-Hollings amendment threatens to wipe out scores of federal programs. The key vote on the Gramm-Rudman-Hollings provision came when the Senate by a 75-24 vote passed it for the first time on Oct. 9. For - Wrong. Against - Right.",senate_1985.csv,
1985,Senate,99,1,18,H.R.,3038,HR3038-99,Retaining Community Development and Jobs Programs,motion to table,1985-10-17,Rejected,39,57,N,Y=Wrong; N=Right,227,https://voteview.com/rollcall/RS0990227,,5,"Federal revenue sharing, first enacted in 1972, provides grants to local governments for use on locally controlled programs based on local priorities. These grants have been used in a wide variety of projects ranging from pothole repair on local streets to health screening, immunization and improved police and fire services. Revenue sharing has provided jobs and helped soften the blow of continuing economic recession still battering many communities throughout the nation. Revenue sharing has long been a target of Reagan budget cutters and in 1985 Sen. Jake Garn (R-Utah), chairman of the Senate Banking Committee, successfully slashed revenue-sharing funds when his committee reported out a 1986 housing appropriations bill cutting revenue sharing by $570 million. During debate on the bill, Sen. David Durenberger (R-Minn.) successfully offered an amendment to restore this funding cut. Garn's effort to table and kill the add-back amendment was defeated by a 39-57 vote on Oct. 17. For tabling - Wrong. Against tabling - Right.",senate_1985.csv,
1985,Senate,99,1,3,S.,1714,S1714-99,Preserving Maritime Ships and Jobs,amendment,1985-10-29,Adopted,70,30,Y,Y=Right; N=Wrong,259,https://voteview.com/rollcall/RS0990259,,4,"By 1985 the U.S. maritime fleet had become a relic of the once-formidable force that played such a key role in winning World War II. The U.S. merchant fleet which had ranked second among global maritime powers in 1950, slid to a dismal 14th position by 1985. During these decades of neglect, thousands of U.S. merchant marine jobs in seafaring and ship construction were lost to low-wage foreign ""flags of convenience."" Further, the increasingly heavy reliance on foreign flag vessels for shipment of U.S. exports contributed significantly to the record-level U.S. trade deficit. The absence of a cohesive U.S. maritime policy has been the chief culprit in the decline of our merchant marine, which in turn poses a serious threat to U.S. security by jeopardizing defense sea-lift capabilities necessary to backstop the nation's global concerns. One of the few laws designed to assure a strong merchant marine - the 1954 Cargo Preference Act - became the target of agricultural exporters in 1985. Seeking to maximize profits at the expense of American workers, the agricultural lobby sought to destroy this law, which requires that a minimum of 50 percent of all exports generated by federal programs, such as the ""Food for Peace"" foreign aid program, be carried on U.S. ships. During Senate debate on farm legislation, farm state conservatives sought to weaken existing cargo preference requirements. Sen. Ted Stevens (R-Alaska) successfully detoured this assault by offering a compromise amendment to exempt government-generated commercial agricultural exports from cargo preference requirements while requiring that 75 percent of government-donated exports be covered by cargo preference. A string of court decisions had already undermined application of cargo preference requirements to commercial cargos. By a 70-30 vote on Oct. 29 the Senate agreed to the Stevens amendment. For - Right. Against - Wrong.",senate_1985.csv,
1985,Senate,99,1,8,H.R.,2965,HR2965-99,Maintaining Jobs for the Unemployed,amendment,1985-11-01,Rejected,39,57,N,Y=Wrong; N=Right,272,https://voteview.com/rollcall/RS0990272,,4,"One of the nation's long-standing job-creation initiatives was the Economic Development Administration (EDA) program established by Congress in 1965 to provide grants to poor communities to help them attract new business investment or to revive failing industries in their areas. For the last two decades the EDA program has provided funds to finance public works projects earmarked for the repair and development of public infrastructure, including roads, water and sewer systems, education and health facilities. Much of the work of the EDA has been targeted to economically depressed areas. Elimination of EDA had long been a target of Reagan budget draftsmen, but Congress has prevented them from terminating the program. However, since 1980, EDA funding has been cut by the Reagan Administration from $500 million to less than $260 million for 1985. In 1985 the Republican-controlled Senate Budget Committee slashed EDA funding once again to $184 million for fiscal 1986. But for some Republicans that wasn't enough. During Senate debate on the Commerce Dept. appropriations bill Sen. John Chafee (R-R.I.) offered an amendment that would cut an additional $160 million. Chafee's amendment would have left only enough for the expenses needed to phase out and terminate EDA. A sizeable number of Chafee's Republican colleagues deserted him on his amendment as the Senate by a 39-57 vote, on Nov. 1, rejected the Chafee amendment. For - Wrong. Against - Right.",senate_1985.csv,
1985,Senate,99,1,17,S.,1730,S1730-99,Guarding Food Stamps for the Poor,motion to table,1985-11-12,Rejected,37,59,N,Y=Wrong; N=Right,294,https://voteview.com/rollcall/RS0990294,,5,"A major supplemental benefit program to help feed the families of long-term jobless workers is the federal food stamp program. The program has long been a target of conservatives, who had succeeded in cutting it by $7 billion since 1980. Sen. Jesse Helms (R-N.C.) engineered a sizable back-door cutback in the program in 1985 through his Agriculture Committee. Helms's provision required that, in determining eligibility for food stamps, any federal assistance to the poor for paying energy bills would be counted as income. This ignored congressional intent in reauthorizing a federal program of low-income energy assistance for the poor which made clear that the program was not to be counted as income in determining food-stamp eligibility. The Helms provision would have forced some 12 million low-income people to lose food-stamp benefits during the winter months. It would have hit hardest at the poorest food-stamp recipients because they receive more energy assistance and would have lost much more. During floor debate Sen. Robert Stafford (R-Vt.) offered an amendment to strike the Helms proposal. An effort by Helms to table and kill the Stafford amendment was rejected by a 37-59 vote on Nov. 12. For tabling - Wrong. Against tabling - Right.",senate_1985.csv,
1985,Senate,99,1,1,H.R.,1562,HR1562-99,Saving U.S. Textile and Apparel Jobs,passage,1985-11-13,Passed,60,39,Y,Y=Right; N=Wrong,305,https://voteview.com/rollcall/RS0990305,,4,"Along with many other U.S. economic sectors, the textile and apparel industry has been badly battered by the flood tide of imports. Despite trade agreements negotiated in 1974 to provide for orderly growth, textile imports exploded from 12 percent of the U.S. market in 1973 to 43 percent today. As a result, since 1980, 300,000 jobs have disappeared in this industry alone. The textile share of the record-shattering $150 billion 1985 U.S. trade deficit was $16.2 billion or 11 percent of the total. To restore order to the textile import market, the AFL-CIO backed legislation to enforce the textile trade treaty originally negotiated in 1974. Limits on the rate of increase in exports to this nation would be established with advantages given to smaller, economically developing nations. Contrary to claims by importers and retailers that U.S. consumers would face higher prices, exhibits before Congress showed that men's, women's and children's garments cost no more when made in the U.S. The bill, which had strong bipartisan congressional support, was approved by the Senate by an overwhelming 60-39 vote on Nov. 13. Despite this clear margin of support, President Reagan vetoed the bill. For - Right. Against - Wrong.",senate_1985.csv,
1985,Senate,99,1,21,H.R.,2965,HR2965-99,Promoting Democracy Abroad,amendment,1985-12-06,Rejected,32,57,N,Y=Wrong; N=Right,354,https://voteview.com/rollcall/RS0990354,"description: two of the card's own errors the store had corrected - 'Hollings (D-S.C)' with no point after the C (senate 11 prints it correctly), and 'which since 1982 has had its own programs', where the House half (house 14) prints 1962. Restored 1 Sep 2026 and pinned in audit_1985.CARD_TYPOS",5,"In 1983, Congress authorized the creation of the National Endowment for Democracy (NED) - a federally financed, private, non-profit organization open to public scrutiny whose various activities such as fostering trade unions in developing countries are designed to promote the evolution of democratic institutions abroad. The AFL-CIO, which since 1982 has had its own programs of bilateral aid to developing trade unions abroad through regional institutes, is a participating organization in the endowment program. During Senate debate on legislation providing funds for the endowment for fiscal 1986, Sen. Ernest Hollings (D-S.C.) offered an amendment to wipe out the entire $18.4 million appropriated for NED. By a 32-57 vote on Dec. 6, the Senate rejected the Hollings amendment. For - Wrong. Against - Right.",senate_1985.csv,
1986,Senate,99,2,5,S.,638,S638-99,Conrail Sale,passage,1986-02-04,Passed,54,39,N,Y=Wrong; N=Right,393,https://voteview.com/rollcall/RS0990393,,7,"During the 99th Congress the Reagan Administration proposed to sell off the Conrail - Consolidated Rail Corp. - system. Created by Congress in 1975 from the ashes of the bankrupt Penn Central and six other railroads, Conrail had begun to turn a profit after years of government subsidy. But the railroad was under the Reagan game plan to be unloaded at a bargain-basement price of $1.2 billion to the Norfolk Southern Railroad. This was $200 million under a competing bid. Moreover, the acquisition of the Conrail system by Norfolk Southern, according to a Congressional Budget Office estimate, would cost the government potentially $400 million in tax revenues and $800 million in interest and dividend payments over the next five years. The Norfolk Southern deal was strongly opposed by the AFL-CIO, rail unions, northeastern shippers and Conrail management itself because it would reduce competition, raise freight rates and cost thousands of jobs for workers who had already made great sacrifices to make Conrail solvent. Instead, organized labor proposed a public sale of Conrail. During Senate consideration of the Conrail sale, opponents led by Sen. Howard Metzenbaum (D-Ohio) and Arlen Specter (R-Pa.) launched a short-lived filibuster against the proposal. However, Republican loyalists achieved cloture and, despite labor's continuing opposition, later succeeded in gaining Senate approval of the Norfolk Southern deal by a 54-39 vote on Feb. 4, 1986. Later in the year, however, House opposition squelched the Norfolk Southern bid and they withdrew their offer. For - Wrong. Against - Right.",senate_1986.csv,
1986,Senate,99,2,12,,,,The Fitzwater Nomination,confirmation,1986-03-18,Passed,52,42,N,Y=Wrong; N=Right,422,https://voteview.com/rollcall/RS0990422,,8,"A second judicial nomination opposed by the AFL-CIO was that of Sidney Fitzwater of Dallas, who was nominated by President Reagan to be a federal district court judge. Fitzwater, a state judge from Dallas County, Tex., had been involved in an infamous ""ballot security program"" ramrodded through by Republicans in certain states during the 1982 election. Fitzwater had posted in several minority precincts in Texas ""warning"" signs that were clearly designed to intimidate or discourage those voters from participating in the election process. The posted notices had misstated the Texas election law. In opposing the nomination, the AFL-CIO decried Fitzwater's participation in this campaign as casting grave doubt on his commitment to equal justice. This, the AFL-CIO contended, revealed an insensitivity to basic voting and First Amendment rights that is incompatible with the high moral standards that should be mandatory for a member of the federal judiciary. Despite the objections of the AFL-CIO and the civil rights community, the Senate, by a 52-42 vote on Mar. 18, confirmed Fitzwater's appointment. For - Wrong. Against - Right.",senate_1986.csv,
1986,Senate,99,2,7,S.J.Res.,225,SJRES225-99,Keeping Radical Economics Out of the Constitution,passage,1986-03-25,Rejected,66,34,N,Y=Wrong; N=Right,426,https://voteview.com/rollcall/RS0990426,"tally 34-66 -> 66-34 per Voteview roll 426; the scoreboard printed the losing side first, and its own note that 'a two-thirds majority - 67 votes - is required' implies 66 yeas; bill number inferred: Voteview leaves it empty, but its own description of roll 426 names S.J. Res. 225, the balanced budget constitutional amendment",7,"After his budget policies had produced the largest deficits in U.S. history, President Reagan demanded that Congress pass a constitutional amendment to make him do what his policies had not accomplished - namely, balance the federal budget. The Reagan-backed amendment would have required the federal government to balance its books annually, regardless of economic conditions. Furthermore, this constitutional restraint could be waived only for a national emergency or by a three-fifths vote. The AFL-CIO again led a broad-based coalition effort against the amendment; more than 500 nationally known economists and constitutional scholars announced their opposition to this constitutional mischief. The coalition opposed the amendment for several reasons: such a constitutional straitjacket would prevent Congress from using its taxing and spending authority to cope with depression, natural disaster or other emergencies; the three-fifths majority required by the amendment to allow a deficit would undermine the principle of majority rule by handing over the congressional power of the purse to a two-fifths minority, and finally, the budgetary fallout of the amendment would wipe out most federal programs that help working Americans. Although the Senate had passed the amendment in 1982, an intensive AFL-CIO lobbying campaign aided by the bipartisan floor leadership of Senators Dan Evans (R-Wash.) and Alan Cranston (D-Calif.) led to Senate rejection of the amendment by a 34-66 vote on Mar. 25. (A two-thirds majority - 67 votes - is required to pass a constitutional amendment.) For - Wrong. Against - Right.",senate_1986.csv,
1986,Senate,99,2,1,S.,1774,S1774-99,Union-Busting by Federal Law,cloture,1986-04-16,Rejected,44,54,N,Y=Wrong; N=Right,448,https://voteview.com/rollcall/RS0990448,"date 1986-04-14 -> 1986-04-16 per Voteview roll 448; the Senate held no roll calls on 14 Apr 1986, and roll 448 is the only Hobbs Act vote in the 99th Senate",7,"In 1986 the National Right to Work Committee renewed its attack on basic labor rights by pushing legislation to return to the days when the federal government policed strikes and busted unions for the benefit of employers. This was the intent of legislation introduced by Sen. Charles Grassley (R-Iowa) that would have repealed a Supreme Court decision relating to the federal anti-extortion law - the Hobbs Act - and apply its penalties of up to $10,000 in fines and a maximum sentence of up to 20 years in prison to incidents of picket-line violence. In contrast to its harsh treatment of people on strike to protect or improve their wages and working conditions, the Grassley bill would not have subjected to federal prosecution an employer or his agents who committed the same offenses during the same labor dispute. By imposing intimidating sanctions on the side of employers, the bill would have undermined the collective bargaining process and jeopardized the basic right to strike. The AFL-CIO strongly opposed the Grassley bill, calling it unnecessary since strikes are few and picket-line violence is even rarer. Furthermore, such incidents are covered by state or local laws and their enforcement agencies. Therefore, no union member or official is immune if he or she commits illegal acts during a labor dispute. Although Grassley had failed in 1985 to get the approval of the Republican-controlled Senate Judiciary Committee for his Hobbs Act legislation, an end run was devised in 1986 with the cooperation of Senate Republican Majority Leader Robert Dole (R-Kan.). After Grassley had introduced his new Hobbs Act proposal, the bill was ""held at the desk"" and not referred to a committee for hearings. In April, Dole tried to move the bill directly before the Senate for its consideration. However, labor's allies succeeded in defeating Dole's strategy by initiating a filibuster (unlimited debate) against the Grassley bill. A motion by Dole on Apr. 14 to invoke cloture (and thus end the filibuster) failed 44-54 - 16 votes short of the 60 votes needed. For cloture - Wrong. Against cloture - Right.",senate_1986.csv,
1986,Senate,99,2,10,S.Con.Res.,120,SCONRES120-99,Education,amendment,1986-04-23,Adopted,60,38,Y,Y=Right; N=Wrong,458,https://voteview.com/rollcall/RS0990458,"bill number inferred: Voteview leaves it empty, but its own description of roll 458 names S. Con. Res. 120, the budget resolution",8,"President Reagan's five-year crusade to slash federal aid to public schools has worsened education problems at the very time that many states have sought to resolve serious deficiencies in their educational systems. Although federal funding for education has increased in dollar amount, after adjustment for inflation it has actually declined by about 16 percent since fiscal year 1980. As a percentage of total federal expenditures, education receives only 1.6 percent today, compared to 2.3 percent in 1980. Budget reductions have forced the cancellation of special teaching programs and tightened the squeeze on school districts, leaving many teaching posts unfilled. During the battle of the budget (FY 1987), the Senate Budget Committee had cut federal aid to education by some $800 million below 1986 levels. During floor debate Sen. Ernest Hollings (D-S.C.) teamed up with Sen. Mark Andrews (R-N.D.) to offer an amendment to put $1.2 billion back into the budget for education. This, in effect, would keep the education budget for fiscal year 1987 at 1986 levels (adjusted for inflation). By a 60-38 vote on Apr. 23 the Senate agreed to the Hollings-Andrews amendment. For - Right. Against - Wrong.",senate_1986.csv,
1986,Senate,99,2,9,S.Con.Res.,120,SCONRES120-99,Community Development and Jobs Programs,motion to table,1986-04-24,Agreed to,54,41,N,Y=Wrong; N=Right,459,https://voteview.com/rollcall/RS0990459,"bill number inferred: Voteview leaves it empty, but its own description of roll 459 names S. Con. Res. 120, the budget resolution",8,"Revenue sharing, first enacted in 1972, provides federal grants to local governments for use on locally controlled programs based on local priorities. These grants have been used in a wide variety of projects ranging from pothole repair on local streets to health screening and immunization, and improved police and fire services. Revenue sharing has provided jobs and helped soften the blow of the economic recession which continued to batter more than 30 states and hundreds of communities throughout 1986. In 1984, Reagan budget cutters had succeeded in convincing the Congress to phase out revenue sharing by the end of fiscal year 1986. During debate on the federal budget bill, Sen. Daniel Moynihan (D-N.Y.) offered an amendment to restore $4.6 billion to keep the program alive. However, on Apr. 24 the Senate by a 54-41 vote approved a tabling motion offered by Budget Committee Chairman Peter Domenici (R-N.M.) to kill the amendment. For tabling - Wrong. Against tabling - Right.",senate_1986.csv,
1986,Senate,99,2,15,H.R.,4515,HR4515-99,Protecting Consumers,motion to table,1986-06-06,Agreed to,48,47,N,Y=Wrong; N=Right,501,https://voteview.com/rollcall/RS0990501,,8,"When Congress partially deregulated natural gas prices in 1978, the cost of this vital fuel skyrocketed. By the 1982-83 winter, residential fuel price increases averaged 25 percent across the country, with some regions facing boosts as large as 60 percent. However, when Congress deregulated the price of natural gas, one category of this fuel - old natural gas - was to remain regulated, because the cost of producing this commodity was paid for years ago, and deregulating its price would only provide a bonanza for oil and gas producers. Since 1981 the Reagan Administration has attempted total deregulation of all gas prices. In 1986 the Federal Energy Regulatory Commission (FERC) adopted in principle a rule that amounted to decontrol of old gas, even though the Senate had voted against similar legislation in 1983. If the FERC increase were allowed to stand, consumers might pay as much as $100 more per year in higher natural gas prices, providing a windfall of billions to gas producers. During the Senate debate on a supplemental appropriations bill, Sen. James Exon (D-Neb.) offered an amendment to block the FERC from deregulating the price structure for old natural gas. However, once again the Republican-controlled Senate came to the defense of the energy industry and on a motion by Sen. Mark Hatfield (R-Ore.) voted 48-47 to table the Exon proposal on June 6. For tabling - Wrong. Against tabling - Right.",senate_1986.csv,
1986,Senate,99,2,4,H.R.,3838,HR3838-99,Federal Employee Pension Rights,motion to table,1986-06-17,Agreed to,57,42,N,Y=Wrong; N=Right,516,https://voteview.com/rollcall/RS0990516,,7,"In 1986 much of Congress's attention was focused on the issue of tax reform. The House-passed tax revision bill included a provision to undercut the so-called three-year recovery rule, which allows federal retirees to withdraw their contributions to the civil service pension system before beginning to pay taxes on their annuities. The recovery rule is the basis of retirement plans for 19 million postal, federal and public employees. It embodies a promise made by the government to generations of public and federal employees that in exchange for their contributions of a taxable amount up front to the government for its use, at retirement time the already-taxed contribution is refunded as an annuity during a brief tax-exempt period. The House-passed bill and that approved by the Senate Finance Committee would abolish this recovery rule. If implemented, its effects upon the standard of living of public employees would be devastating. As one example, letter carriers retiring in 1988 would pay $788 more until 1991. Those retiring in 1989, when the recovery rule is completely phased out, would pay over $1,500 more until 1991. Such taxes would hit older workers at the worst time - when they retire and their income drops drastically. During Senate floor consideration of the tax bill, the AFL-CIO backed an amendment offered by Sen. Paul Trible (R-Va.) which would maintain the current three-year recovery rule. However, on a motion by Finance Committee Chairman Robert Packwood (R-Ore.) the Senate agreed to a tabling motion to kill the amendment by a 57-42 vote on June 17. For tabling - Wrong. Against tabling - Right.",senate_1986.csv,
1986,Senate,99,2,8,H.R.,3838,HR3838-99,Tax Reform,motion to table,1986-06-18,Agreed to,71,29,N,Y=Wrong; N=Right,518,https://voteview.com/rollcall/RS0990518,,8,"Tax legislation passed by Congress over the last two decades has seriously eroded the fairness of the federal tax code. For example, the corporate share of tax revenues which operate our federal government has fallen steadily from 25 percent in 1960 to around 8.5 percent by 1985. As a result, individuals - mostly working families - have been forced to make up the difference. The deepest plunge in tax intake came as a result of the 1981 Reagan tax bill, which cut corporate taxes in half (by $170 billion) over five years. In 1984, nearly 90,000 corporations paid no taxes at all. In fact, many corporations earning billions of dollars in profits in 1984 not only paid no taxes, but received hundreds of millions of dollars in handouts or in future write-offs from the federal government. During floor deliberations on House-passed tax reform, Senators had a chance to significantly improve the tax bill that had emerged from the Finance Committee. Sen. George Mitchell (D-Me.) led a labor-backed effort to add a third tax bracket to the committee bill, which had collapsed the 14 existing tax brackets (ranging from 14 percent to 50 percent) to two brackets of 15 percent and 27 percent. While 80 percent of all taxpayers would be at the new 15 percent rate, the lower rate for wealthy taxpayers gave them a disproportionate share of the total tax savings. The Mitchell amendment was designed to shift more of the burden back onto the rich by setting the highest rate at 35 percent. By a 71-29 vote on June 18 the Senate rejected the Mitchell amendment by agreeing to a tabling motion by Sen. Robert Packwood (R-Ore.). For tabling - Wrong. Against tabling - Right.",senate_1986.csv,
1986,Senate,99,2,11,,,,The Manion Nomination,motion,1986-07-23,Rejected,49,49,Y,Y=Right; N=Wrong,543,https://voteview.com/rollcall/RS0990543,"tally 49-50 -> 49-49 per Voteview roll 543; the printed 50th nay is Vice President Bush's tie-breaking vote, which Voteview does not count. The motion failed either way",8,"In 1986 the Senate became a battleground over several of President Reagan's nominations to the federal judiciary. The most controversial nomination was that of Daniel Manion, who had been picked by President Reagan to serve on the 7th Circuit U.S. Court of Appeals. Manion's nomination was questioned because of his espousal of right-wing causes and his lack of judicial qualifications to serve on the nation's second-highest court. Manion had never argued a case before that court or any other court of appeals, had never been the lead counsel in any federal case, and had never been involved in any litigation concerning federal constitutional issues. For these reasons, he received the lowest passing rating of the American Bar Association and was found unqualified by the Chicago Council of Lawyers. Manion, the son of Clarence Manion, a leading national spokesman for the extreme right-wing John Birch Society, was a member of the Indiana State Senate for one term, during which he co-authored a bill to allow the posting of the Ten Commandments in public school classrooms two months after the Supreme Court found a similar Kentucky law to be unconstitutional. Although during his Senate confirmation hearing he admitted he knew the bill was unconstitutional, he stated he had introduced the legislation to indicate his disagreement with the court's original decision - an action that was, in effect, a violation of his senatorial oath of office, which includes a pledge to uphold the Constitution and laws of the United States. Manion had also taken extreme positions on several other issues. Because of this record, the Republican-controlled Senate Judiciary Committee failed to report the nominee favorably, choosing instead to employ the rare procedure of reporting Manion's nomination with no recommendation. Despite overwhelming evidence indicating that Manion was clearly unqualified for a lifetime judicial appointment, the Senate approved his nomination. The key vote came on a motion by Sen. Robert Byrd (D-W.Va.) to reconsider an earlier vote confirming Manion. However, the motion was rejected by a 49-50 vote on July 23. For reconsideration - Right. Against - Wrong.",senate_1986.csv,
1986,Senate,99,2,6,H.J.Res.,668,HJRES668-99,Gramm-Rudman-Hollings Budget Amendment,amendment,1986-07-30,Adopted,63,36,N,Y=Wrong; N=Right,548,https://voteview.com/rollcall/RS0990548,"bill number inferred: Voteview leaves it empty, but its own description of roll 548 names H.J. Res. 668, the public debt limit increase bill",7,"Reagan budgetary policies of big tax cuts for the wealthy and corporations, combined with large military funding increases, continued to haunt the federal government in 1986 in the form of record budget deficits. As a result, economic growth slowed to a standstill by mid-1986. To cope with the deficits, conservatives in late 1985 had taken advantage of a growing congressional panic to push through the so-called Gramm-Rudman-Hollings budget constraint. Their mechanism arbitrarily required the end of deficit spending by FY 1991, forcing huge annual cuts in domestic spending programs and threatening scores of federal programs. However, by early 1986, just as Gramm-Rudman-Hollings began to take its toll, the Supreme Court - ruling on a lawsuit filed by several House Democrats and joined by the AFL-CIO - found parts of it to be unconstitutional. This caused the Republican-controlled Senate to go back to the drawing board and in a matter of weeks a revised, reinforced version emerged. Although the AFL-CIO continued to oppose this meat-ax approach to budget balancing, the Senate added the new version of Gramm-Rudman to a public debt limit bill by a 63-36 vote, July 30. For - Wrong. Against - Right.",senate_1986.csv,
1986,Senate,99,2,2,S.,2638,S2638-99,Service Contract Act,amendment,1986-08-08,Adopted,62,34,Y,Y=Right; N=Wrong,574,https://voteview.com/rollcall/RS0990574,,7,"The assault on the nation's fair labor standards laws by right-wing Senate conservatives continued in 1986. One of the most serious forays came against the 1965 Service Contract Act (SCA). Like the Davis-Bacon Act, the SCA is based on the principle that the federal government should not give contracts to employers who underbid by paying their workers less than community wage scales. SCA protects the living standards of those who are employed as a direct result of federal government service contracts, particularly those in low-wage occupations. During Senate Armed Services Committee consideration of the Dept. of Defense (DOD) authorization bill, Sen. Phil Gramm (R-Tex.), who led last year's assault on the Davis-Bacon Act, took aim at SCA contract protections for DOD workers. Among other crippling provisions, the bill would have raised from the current $2,500 to $1 million the size of the contract over which SCA provisions would apply. This would have eliminated almost 90 percent of all contracts currently protected by the SCA. Such a change would have affected drastically the income levels of thousands of service workers, many of whom are minority and female employees in low-wage occupations. During Senate consideration of the Pentagon funding bill, Sen. Edward Kennedy (D-Mass.) offered an amendment to strike the Gramm threshold provision. By an overwhelming 62-34 vote on Aug. 8, the Senate agreed to delete this anti-worker amendment. For - Right. Against - Wrong.",senate_1986.csv,
1986,Senate,99,2,3,S.,2638,S2638-99,Protecting Fair Wages for Construction Workers,amendment,1986-08-08,Rejected,44,51,Y,Y=Right; N=Wrong,575,https://voteview.com/rollcall/RS0990575,"date 1986-07-08 -> 1986-08-08 per Voteview roll 575, which is Division II of the same Kennedy amendment to S. 2638 whose Division I is record 2, voted immediately before it on 8 Aug",7,"The 1931 Davis-Bacon Act insures that workers on federally financed construction projects will be paid at wage rates that prevail in their area of the country. For over 50 years this law has assured that contractors who uphold community labor standards have a fair chance to compete for government projects without being underbid by firms using cut-rate labor. It has also protected the government and taxpayers from fly-by-night operators seeking to win federal contracts by paying wages too low to attract competent craftsmen. During 1986 debate on a Defense Dept. authorization bill, Sen. Edward Kennedy (D-Mass.) offered an amendment to delete from the bill a committee-approved provision sponsored by Sen. Phil Gramm (R-Tex.) to exempt 80 percent of all military construction from the fair-wage standards of the Davis-Bacon law. Gramm's provision manages this by increasing the $2,000 contract threshold to $250,000. By a 44-51 vote on July 8, the Republican-controlled Senate rejected the Kennedy amendment, leaving in place Gramm's anti-Davis-Bacon provision. For - Right. Against - Wrong.",senate_1986.csv,
1986,Senate,99,2,14,S.,2701,S2701-99,Fighting Racism in South Africa - II,motion to table,1986-08-14,Agreed to,51,48,N,Y=Wrong; N=Right,615,https://voteview.com/rollcall/RS0990615,,8,"An earlier fallback effort by Sen. Edward Kennedy (D-Mass.) to improve the Foreign Relations Committee bill had met the same fate. His amendment would have added to the bill several sanctions already approved by the so-called Commonwealth Nations. For the United States these sanctions would have included bans on renewal of existing bank loans to South African businesses, U.S. importation of South African coal, iron and agricultural products, and exports to South Africa of U.S. crude oil and petroleum products. Despite AFL-CIO efforts, the Senate agreed by a narrow 51-48 vote to a tabling motion by Sen. Lugar on Aug. 14. For tabling - Wrong. Against tabling - Right.",senate_1986.csv,
1986,Senate,99,2,13,S.,2701,S2701-99,Fighting Racism in South Africa - I,motion to table,1986-08-15,Agreed to,65,33,N,Y=Wrong; N=Right,625,https://voteview.com/rollcall/RS0990625,,8,"Since 1958 the AFL-CIO has repeatedly expressed its outrage in Congress, international forums and elsewhere over the South African government's long-standing racist policy of apartheid. Under this system black South Africans - who comprise nearly 75 percent of the nation's population - endure a strictly enforced policy of racial discrimination and segregation that denies them basic human, political, economic and social rights. For trade unionists in South Africa apartheid can be particularly vicious, denying workers the freedom of association necessary to improve wages and working conditions. In the 99th Congress, the AFL-CIO backed legislation to impose a series of economic sanctions on South Africa in order to pressure that government to move toward reform and eventual elimination of apartheid. During the Senate debate Sen. Alan Cranston (D-Calif.), along with Lowell Weicker (R-Conn.) and Edward Kennedy (D-Mass.), cosponsored an amendment to strengthen significantly the weak sanctions bill reported by the Republican-controlled Senate Foreign Relations Committee. The labor-backed Cranston amendment would have established an embargo on all U.S. trade with South Africa, provided for an orderly withdrawal of U.S. investments and banned landing rights for South African airlines. Committee Chairman Richard Lugar (R-Ind.) led the effort to kill the Cranston proposal. The Senate voted 65-33 to approve Lugar's motion to table the amendment on Aug. 15. For tabling - Wrong. Against tabling - Right.",senate_1986.csv,
1987,Senate,100,1,6,S.,387,S387-100,Collective Bargaining Rights,amendment,1987-02-04,Rejected,30,70,N,Y=Wrong; N=Right,20,https://voteview.com/rollcall/RS1000020,,10,"In 1964 when Congress approved the Urban Mass Transportation Act, many of our nation's urban transit authorities were still privately owned. With the 1964 law came an infusion of public funds, which in many instances paved the way for public ownership of these private transit systems. To protect pre-existing collective bargaining rights of mass transit employees the law included Section 13(c) which would guarantee against abrogation of collective bargaining agreements and loss of jobs, pay or benefits by transit workers during public takeovers. In recent years congressional conservatives have sought to weaken 13(c) protections. In 1987 Sen. Phil Gramm (R-Tex.) offered an amendment to a mass transit funding bill that would have prevented representatives of mass transit employees from negotiating vital job protections and other work guarantees with federal transit fund recipients who subcontracted existing service to private operators. The Gramm amendment was soundly rejected by a 30-70 vote on Feb. 4. For - Wrong. Against - Right.",senate_1987.csv,
1987,Senate,100,1,1,H.R.,2,HR2-100,Jobs,veto override,1987-04-02,Passed,67,33,Y,Y=Right; N=Wrong,60,https://voteview.com/rollcall/RS1000060,,8,"The 1986 election swept the Democrats back into control of the U.S. Senate and their first major legislative confrontation with President Reagan came on jobs legislation. With the nation's transportation infrastructure decaying, its roads and bridges deteriorating, Reagan vetoed an $88-billion highway/mass transit funding bill. With 700,000 construction jobs hanging in the balance, the Senate followed the House and voted 67-33 on Apr. 2 to override the veto. In a major setback for the President, many Republican Senators deserted Reagan and joined the override effort. For - Right. Against - Wrong.",senate_1987.csv,
1987,Senate,100,1,9,S.,742,S742-100,Fairness in Broadcasting,passage,1987-04-09,Passed,59,31,Y,Y=Right; N=Wrong,75,https://voteview.com/rollcall/RS1000075,"date 1987-04-21 -> 1987-04-09 per Voteview roll 75; 59-31 occurs once in the 1987 Senate and roll 75 is the passage vote on S. 742, the Fairness in Broadcasting Act",11,"For several decades the Fairness Doctrine has been the mainstay of the national broadcast policy of the Federal Communications Commission (FCC). In exchange for access to the public airways, television and radio broadcasters are required to serve the public interest. As a consequence of this doctrine, reasonable attention is paid to controversial issues of public importance. Opposing views on such issues are assured of a hearing, a principle of vital importance to organized labor in an era of increasing corporate ownership of media outlets. In 1987 Reagan's FCC anti-regulatory appointees abolished the Fairness Doctrine, despite strong opposition from labor, consumer, and other public-interest groups. In response, Congress passed labor-backed legislation to codify the Fairness Doctrine into law and insure FCC enforcement. The key vote in the Senate came when the bill was approved by a 59-31 vote on Apr. 21. The bill was later vetoed by President Reagan. For - Right. Against - Wrong.",senate_1987.csv,
1987,Senate,100,1,10,H.R.,1827,HR1827-100,Immigration,amendment,1987-05-21,Adopted,48,45,N,Y=Wrong; N=Right,124,https://voteview.com/rollcall/RS1000124,,12,"For almost a decade, Congress tried to come to grips with the massive flow of illegal immigration into the United States. Hundreds of thousands of undocumented workers flocked across our borders in search of employment. They created a pool of low-wage, exploitable workers who undercut job opportunities, wage levels and working conditions for American workers. Recognizing this, the last Congress passed a labor-supported omnibus immigration reform bill, which among its many provisions imposed sanctions on employers who knowingly hire persons not legally authorized to work in the United States. Out of deference to employer interests, imposition of sanctions was delayed for six months to give businesses time to adjust to the new law. However, in 1987, an attempt was made again to postpone enforcement of employer sanctions. During debate on a supplemental appropriations bill, Sen. Dennis DeConcini (D-Ariz.) offered an amendment to provide for an additional four-month delay. Despite labor opposition, the amendment was approved 48-45 on May 21. For - Wrong. Against - Right.",senate_1987.csv,
1987,Senate,100,1,3,S.,1420,S1420-100,Plant Closing Protections,amendment,1987-07-09,Rejected,40,60,N,Y=Wrong; N=Right,180,https://voteview.com/rollcall/RS1000180,,9,"Plant closings in this country are occurring with alarming frequency. In fact, each year more than two million American workers lose their jobs in plant closings and permanent layoffs. These shutdowns affect not only large industrial cities but small towns and rural areas. Every economic region and economic section has been hit. Even the highly touted computer and service fields have been plagued by plant shutdowns and lost jobs. In 1987 the AFL-CIO backed plant closing protection legislation introduced by Senators Edward M. Kennedy (D-Mass.) and Howard Metzenbaum (D-Ohio). The legislation was designed to provide workers with reasonable advance notice of an impending plant shutdown. The bill also established a dislocated workers' unit in the U.S. Dept. of Labor to oversee federal and state programs assisting the re-employment of dislocated workers. Nearly one billion dollars was authorized, primarily for state delivery of training, education, job search assistance and other services to help displaced workers. As a free-standing bill, the plant closing measure faced a sure Senate filibuster by anti-labor conservatives led by Sen. Dan Quayle (R-Ind.). To stop a filibuster would have taken 60 votes. Knowing this, Kennedy and Metzenbaum decided on a strategy to add a scaled-down version of their original plant closing bill to the omnibus trade legislation. Their amendment required the establishment of the dislocated workers' unit, authorized $1 billion in assistance funds, and mandated that any U.S. employer with more than 100 employees must give affected workers 60 days advance notice of a permanent plant closing. The Senate gave final approval to this proposal, rejecting by a 40-60 vote on July 9 an amendment by Sen. Quayle to strike the plant closing protection language from the trade bill. At year's end the plant closing amendment was one of many issues that remained unresolved in the continuing House-Senate conference on the trade bill. For - Wrong. Against - Right.",senate_1987.csv,
1987,Senate,100,1,2,S.,1420,S1420-100,Trade Law Reform,amendment,1987-07-10,Adopted,87,7,Y,Y=Right; N=Wrong,187,https://voteview.com/rollcall/RS1000187,,8,"As the increase in U.S. trade deficits continued to take its toll, the Reagan Administration chose to sit on the sidelines extolling the virtues of outmoded free-trade principles while our trade competitors systematically targeted many U.S. industries for extinction. From 1980 to 1986, the trade deficit for manufactured goods went from a positive balance of $13 billion to a deficit of $145 billion. Although the total U.S. deficit reached a staggering $170 billion in 1986, the Reagan Administration relied almost exclusively on the manipulation of the value of the dollar while ignoring more systematic means to reduce excessive trade surpluses and eliminate unfair foreign trade practices. Congress took the opposite tack and began to move forward on far-reaching trade reform legislation. Following House passage of a tough trade bill, the Senate began debate on its version of the legislation. During Senate deliberations Senators Don Riegle (D-Mich.) and John Danforth (R-Mo.) drafted a Finance Committee amendment, backed by labor, which strengthened the original committee bill. Their proposal amended Section 301 of U.S. trade law to set up a new ""Super 301"" procedure to eliminate unfair trade practices by our global competitors. Under their proposal, the U.S. trade representative would be required to identify countries with unfair trade practices, place a dollar value on the injury to the U.S. economy, and initiate steps to remove those practices within 15 to 19 months. The offending nation would be required to buy more U.S. goods, meeting the dollar-for-dollar estimate of injury over a three-year period. If an agreement were reached with a country, possible retaliatory action against unfair trade practices would be suspended. However, in either case the measures for compliance would increase U.S. exports to that country. Offered by Senate leaders Robert Byrd (D-W.Va.) and Bob Dole (R-Kan.), the adoption of the Riegle-Danforth proposal was approved by an overwhelming 87-7 vote on July 10. Later the Senate approved the omnibus trade bill. For - Right. Against - Wrong.",senate_1987.csv,
1987,Senate,100,1,4,S.,1174,S1174-100,Protecting Fair Wages for Construction Workers,motion to table,1987-09-29,Agreed to,56,41,Y,Y=Right; N=Wrong,284,https://voteview.com/rollcall/RS1000284,,9,"The 1931 Davis-Bacon Act insures that workers on federally financed construction projects will be paid at wage rates that prevail in their area of the country. For over 50 years this law has assured that contractors who uphold community labor standards have a fair chance to compete for government projects without being underbid by firms using cut-rate labor. It has also protected the government and taxpayers from fly-by-night operators seeking to win federal contracts by paying wages too low to attract competent craftsmen. During Senate debate on a Dept. of Defense authorization bill, Sen. Phil Gramm (R-Tex.) offered an amendment to exempt 80 percent of all military construction from the fair-wage standards of the Davis-Bacon law. Gramm's amendment would have accomplished this by increasing the $2,000 contract threshold to $250,000. By a 56-41 vote on Sept. 29, the Senate agreed to a motion by Sen. Alan Dixon (D-Ill.) to table and thus kill the Gramm proposal. For Tabling - Right. Against Tabling - Wrong.",senate_1987.csv,
1987,Senate,100,1,5,S.,1174,S1174-100,Service Contract Act,motion to table,1987-09-29,Agreed to,67,30,Y,Y=Right; N=Wrong,285,https://voteview.com/rollcall/RS1000285,,10,"The assault on the nation's fair labor standards laws by Senate conservatives continued in 1987. One of the most serious attacks came against the 1965 Service Contract Act (SCA). Patterned after the Davis-Bacon Act, the SCA is based on the principle that the federal government should not give contracts to employers who underbid by paying their workers less than community wage scales. The SCA protects the living standards of those who are employed as a direct result of federal government service contracts, particularly those in low-wage occupations. During Senate consideration of the Dept. of Defense (DOD) authorization bill, Sen. Phil Gramm (R-Tex.), who has also led the perennial assaults on the Davis-Bacon Act, took aim at SCA contract protections for DOD workers. His amendment would have raised SCA-covered contracts from the current $2,500 threshold to $1 million. This would have eliminated almost 90 percent of all contracts currently protected by the SCA. Such a change would have drastically affected the income levels of thousands of service workers, many of whom are minority and female employees in low-wage occupations. During Senate consideration of the Pentagon funding bill, Sen. Alan Dixon (D-Ill.) offered a motion to table the Gramm amendment. By an overwhelming 67-30 vote on Sept. 29, the Senate agreed to table and thus kill the amendment. For Tabling - Right. Against Tabling - Wrong.",senate_1987.csv,
1987,Senate,100,1,8,,,,Bork Confirmation,confirmation,1987-10-23,Rejected,42,58,N,Y=Wrong; N=Right,348,https://voteview.com/rollcall/RS1000348,,11,"In 1987 President Reagan nominated Robert Bork to replace retired Justice Lewis Powell on the U.S. Supreme Court. Bork's confirmation would have altered the balance of the Supreme Court while jeopardizing the judicial achievements of the past 30 years, particularly in the areas of civil rights and civil liberties. As a law professor, government official and judge, Bork had written, spoken out or ruled against many of the advances in constitutional civil rights and civil liberties made through the courts. His record on labor issues as well as on consumer rights and government regulation showed a distinct anti-worker, pro-business bias. For these reasons, the AFL-CIO joined with a coalition of civil rights, women's, religious and other groups to fight the Bork nomination. On Oct. 23 the Senate, by an overwhelming 42-58 vote, denied confirmation of this Reagan nominee. For - Wrong. Against - Right.",senate_1987.csv,
1987,Senate,100,1,7,S.,1485,S1485-100,Worker Protections in Mergers,substitute,1987-10-30,Adopted,64,28,Y,Y=Right; N=Wrong,360,https://voteview.com/rollcall/RS1000360,,11,"An example of the Reagan Administration's hostility toward workers has been its refusal to enforce congressionally mandated labor-protective provisions (LPPs) for transportation industry workers adversely affected by mergers and acquisitions. When the Civil Aeronautics Board announced in the early 1980s that it intended to abandon its policy of imposing LPPs, Congress responded by directing that these protections should continue to be imposed. The Dept. of Transportation (DOT) refused to follow this directive, thereby allowing companies to thumb their noses at their workers. To force the Administration to enforce these protections, Sen. Brock Adams (D-Wash.) offered an amendment to an airline consumer protection bill which would require the Secretary of Labor to force airlines to pay benefits to workers hurt by airline mergers unless the cost of payments outweighs the financial benefits of the transaction. The Senate approved the amendment by a 64-28 vote on Oct. 30. The airline bill was later approved and awaits final action by a House-Senate conference. For - Right. Against - Wrong.",senate_1987.csv,
1988,Senate,100,2,6,S.,1904,S1904-100,Polygraph Protection,motion to table,1988-03-02,Agreed to,57,35,Y,Y=Right; N=Wrong,460,https://voteview.com/rollcall/RS1000460,,9,"The use of polygraphs reached shocking levels in the American workplace by the 1980s. Workers in the private sector are subjected to more than two million ""lie detector"" tests every year, four times the number given just ten years ago. According to estimates, at least 200,000 Americans lose jobs or are denied employment opportunities solely because of inaccurate ""lie detector"" tests. Because of the continuing widespread abuse of polygraphs and their lack of reliability, 22 states have limited or outlawed polygraph examinations in the workplace. But a state-by-state approach to banning these devices would have taken years to accomplish. Thus a uniform federal prohibition was needed. To put an end to this abuse of workers' rights, the AFL-CIO supported House-passed, bipartisan legislation sponsored by Sen. Ted Kennedy (D-Mass.), outlawing the use of polygraphs in most private sector workplaces. When the bill came to the Senate floor, opponents led by Sen. Phil Gramm (R-Tex.) attempted to sidetrack the legislation by substituting an amendment to continue to allow employers to administer polygraphs under guidelines established in 1984 by the Department of Defense. By a 57-35 vote on March 2, the Senate agreed to a tabling motion by Sen. Kennedy to block the Gramm amendment. The legislation was later signed into law. For tabling - Right. Against tabling - Wrong.",senate_1988.csv,
1988,Senate,100,2,12,S.,557,S557-100,Civil Rights,veto override,1988-03-22,Passed,73,24,Y,Y=Right; N=Wrong,487,https://voteview.com/rollcall/RS1000487,,10,"In 1984, a U.S. Supreme Court issued a decision which threatened 20 years of federal civil rights law. In a case involving Grove City College in Pennsylvania, the Court ruled that an education institution could still receive federal funds, even if one of its departments or activities engaged in discrimination. The Court's Grove City decision drastically narrowed the protection provided by Title IX of the Education Amendments of 1972. Since the three other federal laws that prohibit discrimination by recipients of federal funds use the same terminology, the Justice Department immediately announced that it would apply the Grove City decision to weaken the enforcement of those laws. In passing these civil rights laws, Congress intended that the entire agency or institution receiving the federal dollars be deterred from discrimination, not simply the program or activity receiving the federal funds. The Grove City ruling made congressional action necessary to restore to the four civil rights laws their original meaning. In 1984, conservative opposition in the Republican-controlled Senate blocked passage; in 1985-86, conservatives in the House succeeded in loading onto the bill controversial, non-germane amendments which prevented final House action. Finally, in 1988, Congress passed the Civil Rights Restoration Act - only to have it vetoed by President Reagan. In the showdown with the Reagan Administration over whether or not this nation would continue its commitment to civil rights, Congress reaffirmed its intent. The Senate voted 73-24 to override the veto on March 22. For - Right. Against - Wrong.",senate_1988.csv,
1988,Senate,100,2,7,S.,79,S79-100,Job Safety,cloture,1988-03-29,Rejected,42,52,Y,Y=Right; N=Wrong,499,https://voteview.com/rollcall/RS1000499,"record 7 has no printed page: the scoreboard leaf carrying Senate records 7 and 8 is missing from every copy of the PDF. Identified from the roster grid, whose column 7 is headed 'Job Safety' and whose 21 legible cells are reproduced by Voteview roll 499 and by no other roll call of the 100th Senate; date, tally and position all follow from that match",,,senate_1988.csv,
1988,Senate,100,2,4,S.,2355,S2355-100,Trade III - Buy American,motion to table,1988-05-12,Rejected,32,64,N,Y=Wrong; N=Right,552,https://voteview.com/rollcall/RS1000552,,9,"The nation's security would be at risk if the logistical needs of our military could not be supplied by our own domestic manufacturing firms. The AFL-CIO has traditionally supported legislation requiring the armed forces to buy American-made goods. While considering the Defense Authorization bill, the Senate Armed Services Committee agreed to an amendment to erode ""Buy American"" protections. Promoted by Sen. Phil Gramm (R-Tex.), this proposal would have allowed the purchase of foreign-made goods if a 10% savings could be shown over the cost of buying U.S. goods and if the country of origin were not more restrictive in military procurement than the U.S. This provision failed to take into consideration that most of our so-called trading partners subsidize their manufacturers in order to gain access to lucrative U.S. government contracts. Recognizing how easily the committee language could be used by foreign producers to further decimate our strategic industries, Sen. John Heinz (R-Pa.) offered an amendment during Senate floor debate to restore the ""Buy American"" safeguards. On May 12, by a 32-64 margin, the Senate voted against a motion by Sen. Gramm to table the Heinz amendment, which was later adopted by a voice vote. For tabling - Wrong. Against tabling - Right.",senate_1988.csv,
1988,Senate,100,2,2,H.R.,3,HR3-100,Trade I,veto override,1988-06-08,Rejected,61,37,Y,Y=Right; N=Wrong,589,https://voteview.com/rollcall/RS1000589,"bill inferred as H.R. 3: Voteview leaves roll 589's bill_number empty but its dtl_desc names the Omnibus Trade and Competitiveness Act, and the House override of the same veto (roll 634) is tagged HR3",8,"On May 24, President Reagan vetoed the long-awaited omnibus trade bill. As his major objection, he cited the plant closing provision. Despite the fact that 82% of the American public supported the provision as a matter of simple fairness, the Reagan Administration lobbied many Republican Senators into treating this as a party-line issue. The 61-37 vote, on June 8, fell short of the two-thirds needed for an override. For - Right. Against - Wrong.",senate_1988.csv,
1988,Senate,100,2,13,H.R.,2470,HR2470-100,Catastrophic Health Insurance,conference report,1988-06-08,Adopted,86,11,Y,Y=Right; N=Wrong,590,https://voteview.com/rollcall/RS1000590,,11,"In 1987, the House and Senate both passed legislation to expand Medicare coverage to protect against catastrophic and long-term illnesses. Under the Medicare system, the elderly or disabled who had long hospital stays, very large doctor bills, big outpatient drug payments or who went into nursing homes for long-term care, were financially drained by bills for tens of thousands of dollars which Medicare would not pay. To help these Medicare beneficiaries who face possible financial ruin from catastrophic illnesses, the new legislation expanded coverage to include unlimited free hospitalization after payment of an annual deductible, payment for physicians' bills over $1,400 a year, and a drug benefit to help with the costs of outpatient prescription drugs in excess of $600 a year. On May 25, a House-Senate conference committee unanimously approved a final version of the bill. On June 8, the Senate voted 86-11 to adopt the AFL-CIO-supported conference agreement. For - Right. Against - Wrong.",senate_1988.csv,
1988,Senate,100,2,14,S.,1511,S1511-100,Welfare Reform,motion to table,1988-06-16,Rejected,41,54,Y,Y=Right; N=Wrong,608,https://voteview.com/rollcall/RS1000608,,11,"Under the Reagan Administration, severe cuts in the nation's welfare program have driven millions of poor families even deeper into poverty. In 1979, Aid to Families with Dependent Children (AFDC) and other programs were able to lift 22 percent of the poor over the poverty threshold; by 1987 that figure had declined to nine percent. In 1987, the House passed an AFL-CIO-supported welfare reform measure that sought to redesign welfare programs so that recipient families could become self-supporting through the use of work programs with adequate support services - such as child care, medical leave and other social services. Benefits were improved and states were instructed not to encourage the break-up of families by denying benefits to two-parent families where both parents were unemployed. During 1988 Senate consideration of the welfare reform bill, Senate Minority Leader Robert Dole (Kan.) introduced an amendment severely weakening the bill. The Dole amendment required that one parent in a two-parent family receiving welfare participate in a non-profit, public-sector workfare program. The amendment failed to include the protections of the House bill which required equal pay and equal benefits protections and prohibited the displacement of currently-employed workers. On June 16, Senator Daniel Moynihan (D-N.Y.) introduced a motion to table, and thus defeat, the Dole amendment. The labor-supported motion was rejected by a 41-54 vote. For tabling - Right. Against tabling - Wrong.",senate_1988.csv,
1988,Senate,100,2,11,S.,2527,S2527-100,Union Busting by Federal Law,motion to table,1988-06-24,Agreed to,60,27,Y,Y=Right; N=Wrong,623,https://voteview.com/rollcall/RS1000623,,10,"In 1988, the National Right-to-Work Committee renewed its attack on basic labor rights by pushing legislation to return to the days when the federal government policed strikes and busted unions for the benefit of employers. This was the intent of an amendment introduced by Sen. Strom Thurmond (R-S.C.) to the plant closing bill. Thurmond's amendment would have repealed a Supreme Court decision relating to the federal anti-extortion law - the Hobbs Act - and applied its severe civil and criminal penalties to picket line disturbances. The AFL-CIO strongly opposed the Thurmond amendment - which had been rejected by the Republican-controlled Senate in 1986 - because there are so few strikes, and incidents of picket line trouble are even rarer. Furthermore, such incidents, when they occur, are adequately covered by state or local laws and their enforcement agencies. Thus no union member or official is immune if he or she commits illegal acts during a labor dispute. Thurmond's anti-worker proposal was defeated when the Senate agreed by a 60-27 vote on June 24 to a tabling motion offered by Sen. Howard Metzenbaum (D-Ohio). For tabling - Right. Against tabling - Wrong.",senate_1988.csv,
1988,Senate,100,2,1,S.,2527,S2527-100,Plant Closing Protections,passage,1988-07-06,Passed,72,23,Y,Y=Right; N=Wrong,645,https://voteview.com/rollcall/RS1000645,,8,"Over the last decade, no-notice plant closings in the country have occurred with alarming frequency. Each year over two million American workers lose their jobs in shutdowns and permanent layoffs. These economic catastrophes affect not only large industrial cities but small towns and rural areas, as well. Every economic region and economic sector have been hit; even the highly touted computer and service industries have been plagued by plant shutdowns and lost jobs. In 1987, a plant closing amendment was added to the Senate version of the House-passed trade bill, thanks to the hard work of Senators Howard Metzenbaum (D-Ohio) and Ted Kennedy (D-Mass.). The plant closing section provided workers at job sites of 100 or more employees with 60-day advance notice of a permanent plant closing. The amendment also established a unit in the U.S. Department of Labor to oversee federal and state programs assisting the re-employment of dislocated workers. Nearly $1 billion was authorized, primarily for state delivery of training, education, job-search assistance and other services to help displaced workers. President Reagan made good on his threat to veto the omnibus trade bill because of the plant closing provision and the Senate failed to override the veto. Immediately, the Democratic leadership agreed on a strategy to resurrect the plant closing legislation and to pass it as a separate bill. Amid an explosion of public support for the plant closing bill and with the help of effective grass-roots lobbying by union members throughout the country, the Senate - by an overwhelming 72-23 vote on July 6 - passed the measure. Because the margins in both the House and Senate were ""veto-proof,"" President Reagan was forced to back off, allowing the bill to become law without his signature. For - Right. Against - Wrong.",senate_1988.csv,
1988,Senate,100,2,3,S.,2662,S2662-100,Trade II - Apparel and Shoe Imports,passage,1988-09-09,Passed,57,32,Y,Y=Right; N=Wrong,744,https://voteview.com/rollcall/RS1000744,,9,"Another trade bill of major importance was legislation to regulate the influx of textile and shoe imports into the United States. Devastation of this industry over the last decade has been accompanied by an epidemic of plant shutdowns and over 300,000 lost jobs, despite 1974 international trade agreements to provide for the orderly growth of textile and apparel imports. Today, apparel and shoe imports account for nearly 60% and 80% respectively of the U.S. market. The House-passed legislation, backed by the AFL-CIO, would have forced compliance with existing trade agreements for textiles, while also providing relief for the import-stricken shoe industry. President Reagan had vetoed similar legislation in 1985. Under the 1987 version, imports of 185 categories of textiles and apparel would be limited to a one percent annual increase, based on 1986 levels. Despite strong Reagan Administration opposition and a lobbying blitz by retail associations, the Senate passed its version of the textile bill on September 9 by a 57-32 vote. President Reagan later vetoed the bill. The veto override effort failed. For - Right. Against - Wrong.",senate_1988.csv,
1988,Senate,100,2,8,S.,837,S837-100,Minimum Wage,cloture,1988-09-23,Rejected,56,35,Y,Y=Right; N=Wrong,756,https://voteview.com/rollcall/RS1000756,"record 8 has no printed page: the scoreboard leaf carrying Senate records 7 and 8 is missing from every copy of the PDF. Identified from the roster grid, whose column 8 is headed 'Minimum Wage' and whose 20 legible cells are reproduced by Voteview roll 756, the only 1988 minimum-wage roll call that fits them; date, tally and position all follow from that match",,,senate_1988.csv,
1988,Senate,100,2,5,H.R.,4637,HR4637-100,Trade IV - Export of Jobs,motion to table,1988-09-30,Agreed to,72,23,N,Y=Wrong; N=Right,763,https://voteview.com/rollcall/RS1000763,,9,"The U.S. Overseas Private Investment Corporation (OPIC) is a taxpayer-financed government bureau that insures U.S. corporate investment abroad against losses from political and other risks. The AFL-CIO has consistently opposed continuation of OPIC because it encourages U.S. firms to invest in other countries, draining this country of much-needed investment revenue and resulting in the loss of U.S. jobs and production capabilities. During 1988 Senate debate on a foreign aid appropriations bill, Sen. Howard Metzenbaum (D-Ohio) offered a labor-backed amendment to restrict the job-exporting operations of OPIC. His amendment would have prohibited OPIC from insuring any project that produces exports to the U.S. of goods directly competitive with U.S. products. This prohibition would not apply to countries with annual per capita incomes of $984 or less. On a tabling motion by Sen. Terry Sanford (D-N.C.), the Metzenbaum proposal was defeated by a 72-23 vote on September 30. For tabling - Wrong. Against tabling - Right.",senate_1988.csv,
1988,Senate,100,2,9,S.,2488,S2488-100,Family Leave,cloture,1988-10-07,Rejected,50,46,Y,Y=Right; N=Wrong,775,https://voteview.com/rollcall/RS1000775,"date 1988-10-06 -> 1988-10-07 per Voteview roll 775, the cloture vote on S. 2488; roll 775 is the first vote of 7 October and the card is describing the sitting that began on 6 October. The record's printed heading was on the missing leaf; the title here is the roster grid's column heading",10,"To protect working parents, the AFL-CIO supported legislation to provide a national leave policy allowing up to 10 weeks of job-protected, unpaid time off for workers to meet parental responsibilities to deal with serious health problems affecting themselves or their family. This would have included, for example, the birth of a newborn or the adoption of a child. When the bill, originally introduced by Senator Chris Dodd (D-Conn.), was brought to the Senate floor, conservative Republicans led the charge against this pro-family legislation. Democratic Majority Leader Robert Byrd (W.Va.) tried in vain to stop the filibuster led by Republican Minority Leader Robert Dole (Kan.). Byrd's motion to invoke cloture was defeated on October 6 by a 50-46 vote - 10 short of the 60 votes needed to invoke cloture. For cloture - Right. Against cloture - Wrong.",senate_1988.csv,
1988,Senate,100,2,10,S.,2238,S2238-100,Pay Equity for Women,motion to table,1988-10-07,Rejected,14,72,N,Y=Wrong; N=Right,777,https://voteview.com/rollcall/RS1000777,tally 72-14 -> 14-72 per Voteview roll 777; the card prints the prevailing side first - 72 senators defeated the motion to table the Cranston-Evans amendment and 14 supported it,10,"Equal pay for work of comparable value is a major goal of the American labor movement. In recent years, labor's concern for pay equity has led to legislative and judicial efforts to assure that women workers are not the victims of wage discrimination caused by pay classification plans which fail to compensate them adequately for their level of skills. In the Senate, the AFL-CIO backed legislation sponsored by Senators Alan Cranston (D-Calif.) and Dan Evans (R-Wash.) to advance the cause of pay equity for women at the federal level. Their bill provided for an independent study to determine whether the federal government salary structure undervalued jobs that are filled primarily by women. If such discrimination existed, the measure required development of legislative proposals to close the pay gaps. Pay reductions in predominantly male occupations were specifically prohibited. The key vote on the Cranston-Evans proposal came on a carefully orchestrated parliamentary measure. With time running out in the Senate, Democratic Majority Leader Robert Byrd (W.Va.) allowed Senators Cranston and Evans to offer their bill as an amendment to an unrelated tax bill. However, in order not to open the door to a host of other unrelated amendments that might delay or doom the tax bill, they moved to first table their own amendment and then to withdraw it. This would thus guarantee a recorded vote in the Senate on Pay Equity. By a 72-14 vote on October 7, the Senate defeated the tabling motion and the amendment was withdrawn. For tabling - Wrong. Against tabling - Right.",senate_1988.csv,
1989,Senate,101,1,4,S.,4,S4-101,Fair Wages for Construction Workers I,motion to table,1989-04-12,Agreed to,61,38,Y,Y=Right; N=Wrong,36,https://voteview.com/rollcall/RS1010036,"the card gives Sen. Don Nickles as ""(D-Okla.)""; he was a Republican. The description is left as printed",9,"The Davis-Bacon Act is one of the nation's oldest fair wage laws protecting construction workers on federally-funded projects. For more than 50 years this statute has safeguarded both workers and contractors in communities around the nation. By making construction firms pay an area-based prevailing wage, the Davis-Bacon Act prevents firms from underbidding federal construction projects based on cut-rate labor costs. The law protects taxpayers and the government from fly-by-night operators seeking to win federal contracts by paying wages far too low to attract competent and skilled craftsmen. In 1989, anti-labor conservatives continued their campaign to cripple the Davis-Bacon Act. During the debate on the minimum wage bill, Sen. Don Nickles (D-Okla.) offered an amendment to exempt from the Davis-Bacon law contracts with annual gross income of less than half a million dollars. This amendment would have stacked the deck against union contractors paying Davis-Bacon wages who could not win federal contracts in a competitive federal bidding process against those exempted from the law. A motion by Majority Leader George Mitchell (D-Maine) to table and thus kill the amendment was approved by a 61-38 key vote on April 12. For tabling - Right. Against tabling - Wrong.",senate_1989.csv,
1989,Senate,101,1,3,S.,4,S4-101,Minimum Wage,motion to recommit,1989-04-12,Rejected,43,56,N,Y=Wrong; N=Right,38,https://voteview.com/rollcall/RS1010038,,8,"More than 6 million full-time and part-time workers - many who are heads of households - find it impossible to make ends meet on the meager minimum wage of $3.35 an hour. The last time these workers saw a minimum wage raise was eight years ago. In the interim, the minimum wage, measured in today's dollars, fell to less than $2.11 an hour or $85 a week. Efforts by organized labor to raise the minimum wage had been steadfastly opposed by President Reagan. When Senate debate began on a labor-backed proposal sponsored by Sen. Ted Kennedy (D-Mass.) to raise the minimum wage to $4.55 an hour over three years, conservative Republicans led by Minority Leader Sen. Robert Dole (R-Kan.) countered with a recommital motion to send the bill back to the Senate Labor Committee. The intent of Dole's motion was to have the committee report the bill back to the floor with President Bush's wage proposal - a three-stage increase to only $4.25 and a six-month training wage for every employer, which the AFL-CIO opposed. By a key 43-56 vote on April 12, the Senate defeated Dole's motion. Unfortunately, Kennedy's Senate bill was later vetoed by President Bush. Later, agreement was reached and the President signed into law a compromise bill that lifted the minimum wage to $4.25 in two years and included a modified training wage provision for workers 16 thru 19 who will be paid 85 percent of the minimum wage. The 90-day training wage, which can be extended for an additional 90 days if the teenager takes another job and additional training is certified by the Labor Department, will self destruct one year after the last step increase in the minimum wage. For Recommital - Wrong. Against Recommital - Right.",senate_1989.csv,
1989,Senate,101,1,6,S.J.Res.,113,SJRES113-101,Trade I,amendment,1989-05-16,Rejected,47,52,Y,Y=Right; N=Wrong,66,https://voteview.com/rollcall/RS1010066,,10,"The 1980s saw the export of jobs accelerate as millions of Americans lost high-paying manufacturing jobs due to free trade policies that were blind to the realities of cutthroat global competition. In 1989, these policies continued. Within weeks after his Administration had cited Japan under the 1988 trade reform law for job-stealing, anti-fair trade policies, President Bush sent to Congress a proposal that would have transferred highly-regarded U.S. aviation technology to Japan. The so-called FSX deal promoted the joint U.S.-Japanese development of a new generation of advanced combat figher aircraft - the FSX. The $7-billion co-development scheme was strongly opposed by the AFL-CIO because it would cost thousands of American jobs and allow the Japanese to acquire U.S. technology to develop their own aerospace industry. This is precisely what the Japanese had already achieved as a result of past U.S. technology exports that had paved the way for development of their own color television, VHS, and semi-conductor industries along with other ""high-tech"" manufacturing. In the Senate, Sen. Alan Dixon (D-Ill.) led efforts to block the deal by offering an amendment to the FSX approval resolution to ban the transfer of aviation-related technology. Despite AFL-CIO support, the Senate rejected the Dixon amendment by a 47-52 key vote on May 16. For - Right. Against - Wrong.",senate_1989.csv,
1989,Senate,101,1,10,S.,5,S5-101,Child Care,substitute,1989-06-22,Rejected,44,56,N,Y=Wrong; N=Right,93,https://voteview.com/rollcall/RS1010093,"the roster grid numbers this record 9 and the capital gains record 10, the reverse of the numbered prose headings on pp.11-12 that aflcio_num follows",12,"The lack of affordable, safe and quality child care is a major problem confronting America's working families. As of 1986, there were only about 2.5 million licensed child care openings at licensed facilities available for some 36 million children nationwide who are in need of some sort of child care while their parents work. With half of all mothers with pre-school age children working and 70 percent of all mothers with school-age children having jobs outside the home, working parents are faced with a dilemma. Do they place their children in unlicensed or unsafe child care facilities to keep their jobs, or do they sacrifice their jobs and the needed income to take care of their children? The AFL-CIO believes that working parents should not be forced to make such a decision and in 1989 backed a proposal to expand needed child care services. Labor-supported Senate legislation sponsored by Sen. Chris Dodd (D-Conn.) alloted $1.75 billion in federal funds to, among other improvements: increase the number of child care facilities and qualified providers, improve the quality of service and coordinate services, enhance licensing standards, make available financial assistance to low and middle-income working families, and enhance tax credits for dependent care. Conservative Republicans, long opposed to federal action on child care, countered with an amendment to limit the program. Offered by Minority Leader Sen. Robert Dole (R-Kan.), the substitute focused on earned-income tax credits and block grants which did not go far enough to solve the child care crisis. The Senate rejected the Dole substitute by a key 44-56 vote on June 22. For - Wrong. Against - Right.",senate_1989.csv,
1989,Senate,101,1,7,S.J.Res.,113,SJRES113-101,Trade II,veto override,1989-09-13,Rejected,66,34,Y,Y=Right; N=Wrong,175,https://voteview.com/rollcall/RS1010175,date supplied from Voteview roll 175: the card prints no date for this record,10,"Although the Senate approved the FSX deal, restrictions were placed on the co-developed project. These restrictions: barred the transfer of certain jet engine technology, prohibited the transfer or sale of the FSX by Japan to any other country, and prohibited the sale or transfer of any technologies developed in the project. Despite these modest restrictions, President Bush vetoed the FSX legislation. The Senate, on a 66-34 margin, failed by one vote to reach the two-thirds margin needed to override. As a result, the FSX deal is now being implemented. For - Right. Against - Wrong.",senate_1989.csv,
1989,Senate,101,1,5,H.R.,2916,HR2916-101,Fair Wages for Construction Workers II,motion to table,1989-09-19,Agreed to,58,42,Y,Y=Right; N=Wrong,181,https://voteview.com/rollcall/RS1010181,"date supplied from Voteview roll 181: the card prints no date for this record. 58-42 occurs once in the 101st Senate inside 1989, on the motion to table the Nickles amendment to H.R. 2916, the VA-HUD appropriations bill the card describes",10,"Senator Nickles continued his anti-labor tactics during floor debate on the Housing and Urban Development (HUD) appropriations bill. This time he offered an amendment allowing contractors building or repairing federally subsidized homes or shelters to hire unskilled tenants and homeless people and pay them less than required by prevailing wage laws. By a 58-42 key vote, the Senate approved a tabling motion by Sen. Barbara Mikulski (D-Md.), killing the amendment. For tabling - Right. Against tabling - Wrong.",senate_1989.csv,
1989,Senate,101,1,8,H.R.,2939,HR2939-101,Maritime Jobs,motion,1989-09-20,Agreed to,64,33,Y,Y=Right; N=Wrong,193,https://voteview.com/rollcall/RS1010193,,10,"By the end of the 1980s, the U.S. maritime fleet had become a relic of the once-formidable force that had played such a key role in winning World War II. Four decades of neglect had cost the U.S. thousands of merchant marine, seafaring and ship construction jobs, lost to low-wage foreign ""flags of convenience."" At the same time, the increasingly heavy reliance on these ""foreign flag"" vessels for shipments of U.S. exports has contributed significantly to the record level of the U.S. trade deficit. The maritime fleet has so deteriorated that recent studies have shown that it could barely meet its defense support obligations during a foreign conflict. One of the few remaining programs sustaining the U.S. maritime program is the federal government's cargo preference safeguards which requires that 100 percent of all military shipments and 75 percent of foreign aid food shipments are to be reserved for U.S.-flag ships. During debate on a Polish foreign aid bill, Sen. Charles Grassley (R-Iowa) tried to offer an amendment to strip the cargo preference safeguards from the bill. His amendment was ruled out of order because it was deemed an attempt to attach legislation to an appropriations bill. Grassley appealed the ruling in an effort to overturn this decision. The chair's ruling was upheld by a 64-33 key vote on September 20. For - Right. Against - Wrong.",senate_1989.csv,
1989,Senate,101,1,1,H.R.,1231,HR1231-101,Eastern I,cloture,1989-10-03,Agreed to,61,36,Y,Y=Right; N=Wrong,222,https://voteview.com/rollcall/RS1010222,,8,"In 1989, 30,000 airline workers found themselves pitted against one of the most notorious corporate raiders of the decade - Frank Lorenzo. Under his control, Lorenzo had destroyed Eastern Airlines' profitmaking ability by stripping it of over $700 million in assets and shifting them to Continental Airlines and Texas Air Corporation, Eastern's parent firm. During contract negotiations, Lorenzo tried to scapegoat the Machinists by demanding one-sided paycuts and job reductions. When the IAM struck, the Air Line Pilots Association and the Transport Workers attendants honored the picket line. As the strike wore on, Eastern's losses hit nearly $1 million a day. Then Lorenzo did what he had done with Continental Airlines six years earlier - he sought the shelter of bankruptcy. In March 1989, President Bush refused to use powers under the Railway Labor Act to call for a 60-day cooling off period and appoint a federal fact-finding panel - emergency board - to investigate the strike and recommend a settlement. The House moved and passed legislation to force Bush to appoint the emergency board after months of delay. Pro-Lorenzo conservatives, using the filibuster, tried to block the legislation. Sen. Alan Cranston (D-Calif.) broke the back of the short-lived talk-a-thon when he offered a motion to invoke cloture and thereby limit debate. The AFL-CIO-backed cloture motion was approved 61-36 on October 3, one vote more than the 60 votes required. For Cloture - Right. Against Cloture - Wrong.",senate_1989.csv,
1989,Senate,101,1,2,H.R.,1231,HR1231-101,Eastern II,substitute,1989-10-26,Adopted,65,35,Y,Y=Right; N=Wrong,276,https://voteview.com/rollcall/RS1010276,"tally supplied from Voteview roll 276: the card prints no tally for this record, only the date. Roll 276 is the only amendment to H.R. 1231 voted on 26 Oct 1989 and its dtl_desc is the Mitchell substitute the description names",8,"Later in debate on the emergency board legislation, Senate Majority Leader George Mitchell offered a substitute proposal to set up a three-member blue-ribbon panel to review the Eastern situation, recommend a settlement to Congress, and investigate other problems disrupting the airline industry. In a key vote on October 26, the labor-backed Mitchell amendment was approved. However, once again President Bush took action against the strikers when he vetoed the bill. For - Right. Against - Wrong.",senate_1989.csv,
1989,Senate,101,1,9,H.R.,3628,HR3628-101,Tax Cuts for the Rich,cloture,1989-11-15,Rejected,51,47,N,Y=Wrong; N=Right,298,https://voteview.com/rollcall/RS1010298,"the roster grid numbers this record 10 and the child care record 9, the reverse of the numbered prose headings on pp.11-12 that aflcio_num follows. Date supplied from Voteview roll 298: the card prints no date for this record, and 51-47 cloture on H.R. 3628 occurs twice - roll 295 of 14 Nov 1989 on the Packwood amendment and roll 298 of 15 Nov on the Packwood motion. All 100 senators cast the same way on both, so the roster grid cannot separate them. Roll 298 is taken because it is the later of the two and the card says the capital gains provision was withdrawn after the defeat it describes, which cannot be roll 295 since the effort continued to roll 298. Only date, voteview_rollnumber and voteview_url turn on the choice; tally, result and position are the same either way. The record's printed heading is under-inked almost to nothing - at zoom 14 only ghost letter shapes survive, consistent with 'Cuts for the Rich' and a short first word - so bill_title rests on those shapes, on the grid's column heading and on the House's parallel record 10 being headed 'Tax Cuts for the Rich', not on the heading having been read",11,"The economic policies of President Reagan that generated record-level budget deficits were repeated by President Bush in 1989. Throughout the year, President Bush tried to make good on a 1988 campaign promise to cut the capital gains tax rate for the nation's wealthiest taxpayers. The tax bonanza that would result would cut about $25,000 from the tax bill of those making more than $200,000 annually. Eighty percent of the benefits would go to 3 percent of the nation's richest taxpayers, while leaving nine of ten American workers out in the cold. A Congressional study showed that the President's proposal would cost American taxpayers $71 billion from 1991-1999, compounding the existing $100-billion federal budget deficit. During Senate debate on the omnibus budget reconciliation bill, Republicans led by Sen. Robert Packwood (R-Ore.), tried to add a modified version of the capital gains tax amendment. This effort was stopped by a Democratic filibuster led by Majority Leader George Mitchell (D-Maine). Sen. Packwood's cloture motion to stop the filibuster was defeated 51-47 - nine votes short of the margin needed. After this defeat, the capital gains tax cut provision was withdrawn. For cloture - Wrong. Against cloture - Right.",senate_1989.csv,
1990,Senate,101,2,1,S.,1630,S1630-101,Clean Air - The Byrd Amendment,amendment,1990-03-29,Rejected,49,50,Y,Y=Right; N=Wrong,359,https://voteview.com/rollcall/RS1010359,,7,"The AFL-CIO has long supported the improvement of air quality for all Americans. The Clean Air Act of 1970 set ambitious goals, but 20 years later many of those goals had not been achieved. S. 1630, Amendments to the Clean Air Act, set new and more stringent standards for toxic emissions, automobile pollution and power plant sulfur emissions that cause acid rain. While the AFL-CIO backed many aspects of the bill, its overriding concern was to prevent, as much as possible, significant job loss and dislocation for American workers and to soften the blow for workers who do lose their jobs as a result of the legislation. Both the EPA and the United Mine Workers estimated that the acid rain provisions could cost from 14,000 to 20,000 coal mining jobs in the high sulfur coal fields of Appalachia and the Midwest. Related industries would also suffer job losses. Sen. Robert Byrd (D-WV) offered an AFL-CIO-supported amendment to the bill. It would have offered coal miners three years of declining percentage benefits, in addition to the normal unemployment benefits, while granting non-miners the equivalent of one year of trade adjustment assistance. On March 29, the amendment was defeated 49-50. Subsequently clean air legislation containing modified unemployed worker relief was passed and signed into law. For - Right. Against - Wrong.",senate_1990.csv,
1990,Senate,101,2,2,H.R.,2364,HR2364-101,Amtrak Reauthorization,veto override,1990-06-12,Rejected,64,36,Y,Y=Right; N=Wrong,427,https://voteview.com/rollcall/RS1010427,,7,"The Amtrak reauthorization bill was a carefully crafted bi-partisan compromise. In addition to providing funding for the rail system, it contained a provision to eliminate multi-state taxation for transport employees who work in more than one state and the authority to establish a commuter rail system between northern Virginia and the District of Columbia. After it passed the House and Senate, President Bush vetoed the bill, citing only one small segment: a labor-supported provision that would have allowed the Interstate Commerce Commission to review and approve the acquisition of any of the 14 Class I railroads by any non-railroad interest to make sure that the public's interest was protected. The Senate failed in its effort to follow the House's successful override of the veto. The Senate tally, 64-36, on June 12 fell three votes short of override. The AFL-CIO supported the override. For override - Right. Against override - Wrong.",senate_1990.csv,
1990,Senate,101,2,3,H.R.,20,HR20-101,Hatch Act Reform,veto override,1990-06-21,Rejected,65,35,Y,Y=Right; N=Wrong,433,https://voteview.com/rollcall/RS1010433,"printed tally 65-30; roll call 433 is 65-35, which is the arithmetic the card describes (100 voting, 67 needed); the card calls the bill S. 135, but the recorded vote is on H.R. 20, the enrolled vehicle carrying the Hatch Act reform text",8,"Under the terms of the 1939 Hatch Act, nearly three million federal and postal workers are virtually shut out of the political process. The law places bans or limitations on such basic political activities as endorsing candidates, carrying signs or speaking at political rallies and displaying signs on a worker's car or home. Hatch Act reform, S. 135, would have allowed federal and postal workers, on their own time and out of uniform, to more fully participate in the democratic process by working in a political campaign stuffing envelopes, answering phones and engaging in other campaign activity. Workers could also hold offices in a political party or club, participate in a partisan voter registration drive, circulate a nomination petition for a candidate or speak at a primary caucus in favor of a candidate. The bill continued the existing prohibitions against federal and postal employees running for office in a partisan election, soliciting campaign contributions from the general public or coercing the public on an election campaign. It also would have improved the protection against coercion of or by federal and postal employees. However, President Bush vetoed the bill and the White House used intensive pressure and lobbying to keep GOP lawmakers toeing the party line. On June 21, the Senate failed 65-30 to override the veto. The AFL-CIO supported the override. For override - Right. Against override - Wrong.",senate_1990.csv,
1990,Senate,101,2,4,S.,566,S566-101,Davis-Bacon,motion to table,1990-06-21,Agreed to,59,39,Y,Y=Right; N=Wrong,434,https://voteview.com/rollcall/RS1010434,printed no date; 21 Jun 1990 from roll call 434,8,"The 1931 Davis-Bacon Act ensures that workers on federal construction projects receive the local prevailing wage. This prevents contractors from slashing workers' wages in order to win federal contracts with low-ball bids and thereby deny contractors who uphold community labor standards a fair chance to compete for government construction projects. It also protects the government and public from fly-by-night operators who seek to win federal contracts by paying wages too low to attract competent craftsmen. In Senate debate on the Housing Reauthorization bill (S. 566), an amendment that would have removed Davis-Bacon protection from federal housing construction projects was offered. Sen. John Chaffee's (R-RI) amendment would have nullified the Act for HUD contracts under $1 million. A motion to table by Sen. Alan Cranston (D-CA) and backed by the AFL-CIO was approved by a 59-39 vote. For tabling - Right. Against tabling - Wrong.",senate_1990.csv,
1990,Senate,101,2,5,H.R.,4328,HR4328-101,"Trade - Textile, Apparel and Footwear Imports",passage,1990-07-17,Passed,68,32,Y,Y=Right; N=Wrong,469,https://voteview.com/rollcall/RS1010469,"the card calls the bill S. 2411; the Senate passed that text as H.R. 4328, which is what the roll call is on",8,"Since 1980, more than 1,800 textile and apparel plants have shut their gates and 400,000 workers have lost their jobs. Currently textile and apparel imports make up almost 60 percent of the U.S. market and account for 26 percent of the nation's trade deficit. Footwear imports make up 85 percent of the U.S. market. That is why the AFL-CIO supported S. 2411, a bill that would set import limits for those products and thereby protect the jobs of several hundred thousand U.S. workers in those industries. The bill allowed imports of textiles and apparel to grow at a 1-percent annual rate and footwear imports to be frozen at 1989 levels. The legislation did not contain a rollback of imports but provided for orderly growth that would have helped U.S. workers to retain their jobs in this import-sensitive industry. Unrestricted imports in these areas will eliminate thousands of existing jobs in the future. It passed the Senate July 17 by a 68-32 vote. But it was later vetoed by President Bush and the veto was sustained. For - Right. Against - Wrong.",senate_1990.csv,
1990,Senate,101,2,6,S.,2924,S2924-101,Fish Inspection/Employee Whistleblower Protection,substitute,1990-09-12,Rejected,39,59,Y,Y=Right; N=Wrong,544,https://voteview.com/rollcall/RS1010544,,9,"Most Americans do not know that the fish they eat reaches their table without mandatory government inspection for health and safety. The AFL-CIO backed efforts to establish a mandatory federal fish and fish products inspection program to protect both consumers and workers. S. 2924, the Fish Safety Act of 1990, called for frequent, unannounced random inspections of fish processing plants. But it fell short in several areas, including whistleblower protection. Because it did not require the continuous presence of an inspector, the bill needed a provision affirming a plant employees' right to monitor and report abuses on an every-day basis without the fear of recrimination. Workers must be assured that they are not risking their jobs for simply reporting violations of the law and acting in the public's interest. On September 12, the Senate passed S. 2924, after defeating a labor-backed substitute, 39-59. The substitute was offered by Senators Ernest Hollings (D-SC), Ted Kennedy (D-MA) and Ted Stevens (R-AK) and would have created whistleblower protections for workers in fish processing plants. For substitute - Right. Against substitute - Wrong.",senate_1990.csv,
1990,Senate,101,2,7,S.,1224,S1224-101,Fuel Efficiency - Realistic Standards,cloture,1990-09-25,Rejected,57,42,N,Y=Wrong; N=Right,560,https://voteview.com/rollcall/RS1010560,,9,"The AFL-CIO supports a national energy policy, including the need to increase fuel efficiency for motor vehicles. But a bill, S. 1224, introduced by Sen. Richard Bryan (D-NV), would have required exceedingly strict standards for fuel efficiency of motor vehicles. The levels called for in the bill - a 20 percent increase by 1995 and a 40 percent hike by 2001 - are out of reach with present technology. If enacted, the legislation would have resulted in plant closings and significant unemployment. Improvements in fuel efficiency must be both achievable and reasonable. Those called for in S. 1224 were neither. On September 25 by a 57-42 vote, the bill failed to gain the three-fifths majority needed for cloture and effectively was killed for the session. For cloture - Wrong. Against cloture - Right.",senate_1990.csv,
1990,Senate,101,2,8,S.,3209,S3209-101,OSHA Criminal Penalties,motion to table,1990-10-18,Rejected,21,79,Y,Y=Right; N=Wrong,594,https://voteview.com/rollcall/RS1010594,"the card names S. 2154, the free-standing OSHA criminal penalties bill; the motion to table was offered against the OSHA provisions of S. 3209, the reconciliation bill",10,"Improving the safety and health of working people in the United States is an AFL-CIO priority. The labor movement was instrumental in the fight to establish the Occupational Health and Safety Administration in 1970. But in the past 20 years, the progress to improve working conditions has come slowly and with great difficulty. Every year, 10,000 workers are killed on the job from traumatic injuries, 70,000 are permanently disabled and six million are injured. Another 100,000 workers die from occupational diseases and the long-term effects of exposure to toxic substances. Since 1971, 200,000 workers have died on the job. But the Justice Department prosecuted only 14 cases and not until 1989 did one employer spend a single day in jail for violations resulting in death or injury. The AFL-CIO has called for comprehensive reform of OSHA. One of those reforms is stronger criminal penalties for employers when willful health and safety violations lead to injury or death. In the Senate, such increases were called for in S. 2154. The Senate's version of budget reconciliation contained many of the provisions outlined in the legislation. But on October 18, Sen. Orrin Hatch (R-UT) offered an amendment to strike those provisions from the bill. A motion to table the Hatch amendment failed 21-79 and those provisions were stricken from the reconciliation bill. For tabling - Right. Against tabling - Wrong.",senate_1990.csv,
1990,Senate,101,2,9,S.,2104,S2104-101,Civil Rights,veto override,1990-10-24,Rejected,66,34,Y,Y=Right; N=Wrong,616,https://voteview.com/rollcall/RS1010616,,11,"Because of several 1989 Supreme Court rulings, millions of Americans can no longer count on the full protection of civil rights laws dating back to the 1960s - nor even the 1860s. These regressive rulings mean that victims of racial or sexual employment discrimination will find it more difficult, more time consuming and more expensive to obtain simple justice. S. 2104, the Civil Rights Act of 1990, introduced by Senators Ted Kennedy (D-MA) and James Jeffords (R-VT), would have strengthened several provisions of the 1964 Civil Rights Act that the Supreme Court weakened. It also restores parts of an 1866 civil rights law that the court narrowly interpreted. Along with the backing of the AFL-CIO, this bipartisan legislation enjoyed the support of The Leadership Council on Civil Rights, other civil rights groups, women's organizations and religious institutions. The legislation passed the House and Senate but was vetoed by President Bush and the Senate sustained the veto October 24 by a 66-34 vote, one short of overriding. For override - Right. Against override - Wrong.",senate_1990.csv,
1991,Senate,102,1,1,H.R.,1281,HR1281-102,Davis-Bacon,amendment,1991-03-20,Rejected,37,63,N,Y=Wrong; N=Right,35,https://voteview.com/rollcall/RS1020035,,8,"The 1931 Davis-Bacon Act comes under attack every Congressional session and the first session of the 102nd Congress was no different. The attack in the Senate came during its consideration of the FY 1991 Emergency Supplemental Appropriations bill (H.R. 1281). The Davis-Bacon Act ensures that workers on federal construction projects receive the local prevailing wage. This prevents contractors from slashing workers' wages in order to win federal contracts with low-ball bids and thereby deny contractors who uphold community labor standards a fair chance to compete for government construction projects. It also protects the government and public from fly-by-night operators who seek to win federal contracts by paying wages too low to attract competent craftsman. The Department of Labor (DOL) wanted to implement new ""helper"" regulations which would have put up to 40 percent of the Davis-Bacon workforce on the street, replaced by low-paid, unskilled ""helpers."" It also wanted to undermine a 44-year-old national and state apprenticeship program which was operating efficiently. H.R. 1281 contained language preventing the DOL from spending funds to implement those changes. An amendment offered by Sen. Don Nickles (R-OK) to strip that language from the bill. Strongly opposed by the AFL-CIO it was defeated March 20 by a 37-63 vote. For - Wrong. Against - Right.",senate_1991.csv,
1991,Senate,102,1,7,S.Con.Res.,29,SCONRES29-102,Social Security Tax Cut,motion to table,1991-04-24,Agreed to,60,38,N,Y=Wrong; N=Right,46,https://voteview.com/rollcall/RS1020046,,10,"The Social Security program was financed on a pay-as-you-go basis from the time of its creation in the 1930s until 1977. Under this approach, Congress would schedule the Social Security tax rates workers and businesses paid to generate the revenue needed to meet expected outlays for retiring workers and others who count on Social Security income. Generally, the goal was to keep the system in close actuarial balance over the long term. In 1977, and again in 1983, Congress accelerated the schedule for Social Security tax rate increases in response to short-term financing problems. The higher rates in the 1980's together with better-than-estimated economic performance, produced the current surpluses - expected to be $74 billion for FY 1991 and growing at the rate of about $1.5 billion a week - in the Social Security Trust Fund. The AFL-CIO supports legislation to return the system to its original pay-as-you-go format and reduce the Social Security payroll tax for workers. During consideration of the FY 1992 budget resolution, Sen. Daniel Patrick Moynihan (D-NY) offered a procedural amendment which would have cleared the way for a vote later in the year on his legislation to reduce the Social Security payroll tax and return the system to a ""pay-as-you-go"" basis. However by a 60-38 vote on April 24 the Senate approved a motion to table - opposed by the AFL-CIO - Moynihan's amendment, in effect killing it. For - Wrong. Against - Right.",senate_1991.csv,
1991,Senate,102,1,8,S.,3,S3-102,Campaign Finance Reform,passage,1991-05-23,Passed,56,42,N,Y=Wrong; N=Right,85,https://voteview.com/rollcall/RS1020085,,10,"Large financial contributions from wealthy individuals are a corrupting influence on the nation's political system. While the labor movement has no vested interest in making large contributions, it views union PACs as a countervailing answer to the massive financial power of wealthy individuals. So long as the individual contribution limits are beyond the means of working people, PACs are necessary to maintain a political balance. A wealthy business executive might think nothing of giving thousands of dollars to a candidate and the only way working men and women can match that influence is to band together and give perhaps $5 or $10 each to a union-sponsored political action committee. The Senate version's of campaign finance reform (S. 3) was adamantly opposed by the AFL-CIO. One of the major reasons for the opposition is the ban on PACs contained in the bill. Even though such a ban would tip the scales of political influence toward the wealthy, the bill won Senate approval 56-42 on May 23. For - Wrong. Against - Right.",senate_1991.csv,
1991,Senate,102,1,2,S.Res.,78,SRES78-102,"""Fast Track""",passage,1991-05-24,Rejected,36,59,Y,Y=Right; N=Wrong,86,https://voteview.com/rollcall/RS1020086,,8,"Tens of thousands of American jobs were shipped across the Mexican border in the last decade as U.S. companies took advantage of Mexico's maquiladora plants where workers are paid 60 cents an hour and where safety and environmental regulations are nearly non-existent. In 1991 the Bush administration decided to pursue a North American free trade agreement which would result in even further job loss for American workers and without adequate job protections for Mexican workers. The president asked Congress for ""fast track"" authority which would allow the administration to send implementing legislation for the treaty it negotiates to the Hill for a straight up or down vote. ""Fast track"" authority abridges the normal legislative process by precluding Congress from offering amendments to the treaty implementing legislation. The AFL-CIO opposed ""fast track"" authority. Sen. Fritz Hollings (D-SC) offered a resolution (S.Res. 78) which would have denied the president fast track authority for a U.S./Mexico deal and for the General Agreement on Trade and Tariffs (GATT). That AFL-CIO-backed resolution was defeated May 24 by a 36-59 margin. For - Right. Against - Wrong.",senate_1991.csv,
1991,Senate,102,1,9,S.,250,S250-102,Motor Voter,cloture,1991-07-18,Rejected,59,40,Y,Y=Right; N=Wrong,140,https://voteview.com/rollcall/RS1020140,"the card says the cloture motion was offered July 17; roll call 140 is the vote, 18 Jul 1991",11,"Only 36 percent of potential voters participated in the 1990 Congressional election. The turnout for recent presidential elections has steadily declined. Most other nations have about an 80 percent turnout rate, but many have some form of automatic registration. The AFL-CO has long supported improvements in the federal election laws that would increase citizen participation in the electoral process. Only 61 percent of eligible voters are registered. The main reason so many citizens are not registered is the myriad of regulations in each state. The AFL-CIO supports S. 250 which allows for ""motor voter"" registration whereby a citizen becomes a registered voter when applying for a drivers license. It would also establish a mail-in registration process and make registration possible at many state and local agencies which serve the public. It contains safeguards against voter fraud. In an effort to get the bill to the floor, a motion to invoke cloture (limiting debate) was offered July 17. The motion, backed by the AFL-CIO, failed to gain the three-fifths majority needed, 59-40. For - Right. Against - Wrong.",senate_1991.csv,
1991,Senate,102,1,3,H.R.,2212,HR2212-102,Trade - MFN for China,passage,1991-07-23,Passed,55,44,Y,Y=Right; N=Wrong,142,https://voteview.com/rollcall/RS1020142,"the card names S. 1367; the recorded vote is on H.R. 2212, the House-numbered vehicle the Senate passed, which is what the bill columns carry. Numbered 3 by the roster grid and 4 by the order of the prose, which runs Cargo Preference first",9,"When President Bush sought to grant unconditional Most Favored Nation (MFN) trading status to China, the AFL-CIO was adamantly opposed. The AFL-CIO has been a strong voice and global partner in the fight for worker and human rights around the world. There were many reasons MFN for China was uncalled for. China exports products made by slave labor to the United States and it supports a vast prison-industry network to manufacture those goods. That nation imprisons, under cruel and harsh conditions, workers and other who seek freedom of association. The massacre in Tiananmen Square on June 4, 1989 and the subsequent executions and brutal repression of labor leaders and others was further evidence of China's abysmal record on human rights. A country engaged in such brutal repression is hardly a candidate for the U.S.'s lowest tariffs in trade, which MFN would grant. The AFL-CIO supported a Senate bill (S. 1367) which set stringent worker and human rights conditions China must meet to continue its MFN status beyond 1992. The bill passed the Senate July 23 by a 55-44 vote. For - Right. Against - Wrong.",senate_1991.csv,
1991,Senate,102,1,4,S.,1435,S1435-102,Cargo Preference,motion to table,1991-07-24,Agreed to,55,42,Y,Y=Right; N=Wrong,146,https://voteview.com/rollcall/RS1020146,"the card names H.R. 2508; the Senate tabled the Dixon amendment to its own S. 1435, which is what the bill columns carry. Numbered 4 by the roster grid and 3 by the order of the prose",9,"The U.S.-flag merchant marine has suffered through almost 50 years of neglect after having played such a key role in World War II. Tens of thousands of seafaring and ship construction jobs have been lost to low-wage ""flags of convenience."" More and more U.S. exports are shipped on those vessels. Ironically while the Bush administration has continued the long neglect of the U.S. merchant marine, American merchant sailors played a key role in moving troops and supplies to the Middle East during the crisis with Iraq. Pensioners even came out of retirement and volunteered to crew the ships. The FY 1992-93 foreign aid authorization (H.R. 2508) contained requirements that recipients of U.S. aid be required to use U.S.-flag vessels to ship a portion of the goods they purchase with the aid received. Sen. Alan Dixon (D-IL) offered an AFL-CIO-opposed amendment to strike the cargo preference language from the legislation. In a move backed by the AFL-CIO the Senate voted 55-42 on July 24 to table the Dixon amendment. For - Right. Against - Wrong.",senate_1991.csv,
1991,Senate,102,1,10,S.,5,S5-102,Family and Medical Leave,substitute,1991-10-02,Adopted,65,32,Y,Y=Right; N=Wrong,215,https://voteview.com/rollcall/RS1020215,,11,"The AFL-CIO and other groups continued to fight during the first session of the 102nd Congress to bring the United States in line with other industrialized countries which recognize the need for a national policy of family and medical leave. When workers are forced to take time off for a serious family crisis such as the birth or adoption of a child, a child's, spouse's or parent's serious illness or even a worker's own illness, many are risking their jobs. While many union workers are protected by contract provisions, the vast majority of workers must depend on the whims of the boss when seeking time off for serious family or medical matters. In fact, only half the nation's largest companies have unpaid, job-protected maternity leave. The AFL-CIO supported S. 5 which grants up to 12 weeks of unpaid leave to workers for the birth or adoption of a child or to care for a seriously ill child, spouse or elderly parent, or for the worker's own illness. It guarantees a worker's job, or equivalent upon return, and continues health benefits during the leave. The Senate approved an AFL-CIO supported substitute for the bill, Oct. 2 by a 65-32 margin. For - Right. Against - Wrong.",senate_1991.csv,
1991,Senate,102,1,11,,,,Clarence Thomas Nomination,confirmation,1991-10-15,Passed,52,48,N,Y=Wrong; N=Right,220,https://voteview.com/rollcall/RS1020220,,11,"The AFL-CIO and major civil rights organizations joined together to oppose the nomination of Clarence Thomas to the U.S. Supreme Court. President Bush picked Thomas, who had served only 16 months on the federal bench - yet called Thomas the best qualified candidate in the nation. The American Bar Association however, gave the nominee its middle rating ""qualified,"" though almost all Supreme Court justices have received the ABA's highest rating over the years. Along with his abbreviated stint as a judge, Thomas served under President Reagan as head of the Equal Employment Opportunity Commission, where he attacked affirmative action programs to remedy discrimination against minorities and women as ""social engineering."" His writings also displayed an extreme anti-government prejudice and he termed the basic premises of modern economic and social legislation as ""antithetical to freedom."" Even though the nomination showed the president's apparent resolve to use the appointment power to make the court the preserve of the far-right wing, it was approved by the Senate 52-48 on Oct. 15. For - Wrong. Against - Right.",senate_1991.csv,
1991,Senate,102,1,5,S.,1722,S1722-102,Extended U.I. Benefits,veto override,1991-10-16,Rejected,65,35,Y,Y=Right; N=Wrong,221,https://voteview.com/rollcall/RS1020221,,9,"The nation's economy continued its nosedive in 1991, but the administration continued to insist prosperity was just around the corner. Even though traditional major economic indicators showed the economy was in a recession, President Bush refused to use the ""R""(ecession) word. In fact the president and his advisors turned their backs on the millions of Americans who had been tossed out of work. During the past decade, the unemployment safety net has been steadily eroded. Today, only a little more than one-third of the jobless qualify for unemployment benefits and the amount of those benefits has shrunk. The long-term unemployed (those who could not find work before their basic 26-week federal benefit were exhausted) no longer could count on an extended benefits program. The formula to trigger an extended benefits program had been changed so drastically, that the program did not kick in except for a few states with incredibly high unemployment figures. After the administration killed one extended unemployment benefits bill in the summer the AFL-CIO backed S. 1722 which would have granted up to 20 additional weeks of benefits to workers who had exhausted their 26 weeks. It was opposed by the administration (which was continuing to claim the recession was over). Some Republican opponents even charged that a few extra weeks of unemployment benefits would encourage the out-of-work to stay on the dole and not seek new work. This was the second attempt by Congress last year to extend benefits. The first bill passed in the summer gave both the president and opponents an ""out"" by allowing the president to sign the bill, but requiring him to declare an emergency before releasing any funds for benefits. That allowed some Republican members to cast a vote for unemployment benefits knowing that the president would never declare the emergency, which is exactly what happened. By the time a third version was passed and signed in November, with the economy in a tailspin, the unemployment picture bleak, and Bush's popularity falling, he bowed to the pressure and signed the bill. S. 1722 won overwhelming near veto-proof margins in both houses, but Bush vetoed the legislation and on Oct. 16 the Senate fell two votes short, 65-35, to override the veto. For - Right. Against - Wrong.",senate_1991.csv,
1991,Senate,102,1,12,S.,1745,S1745-102,Civil Rights,passage,1991-10-30,Passed,93,5,Y,Y=Right; N=Wrong,238,https://voteview.com/rollcall/RS1020238,,12,"In 1989 the Supreme Court issued a series of rulings which seriously scaled back legal remedies for victims of racial or sexual discrimination on the job. These rulings overturned and altered civil rights laws from as long ago as the 1860's through the 1964 Civil Rights Act. The Court's action was praised by the administration. S. 1745, the Civil Rights Act of 1991, would repair the most serious damage done to the law by the 1989 Supreme Court and would partially correct what has become an increasingly harmful defect in Title VII's remedies for willful sexual, racial and religious discrimination. The administration and GOP leaders mounted an earlier all-out attack against the House version of the bill and initially threatened to veto S. 1745, which was a compromise which gained the backing of moderate Republicans. The Senate approved the bill, Oct. 30 by a 93-5 vote. For - Right. Against - Wrong.",senate_1991.csv,
1991,Senate,102,1,6,S.,243,S243-102,"Pensions - Pension ""Losers""",motion to table,1991-11-12,Rejected,46,51,Y,Y=Right; N=Wrong,248,https://voteview.com/rollcall/RS1020248,,10,"In the early 1970's Congress was considering new laws to protect workers and their pensions. The best evidence for the need for tougher protections came from the workers who lost their pensions when their companies went bankrupt, were bought or unilaterally changed pension plans. At the time, these people were called ""pension losers."" It was the pension losers' plight and in many cases their personal testimony before Congress that provided the impetus for passage of Employment Retirement Income Security Act (ERISA) and the creation of the Pension Benefit Guarantee Corporation, and thus protection for millions of subsequent retirees. The new law did not help these people retain their pensions as it was not retroactive. A bill (S. 351) which would have granted partial pensions to about 40,000 surviving retirees and spouses was added to the Older Americans Act (S. 243) during committee consideration. But on Nov. 12, the Senate failed to table (46-51) a motion to delete the ""pension losers"" provisions from the bill. The AFL-CIO backed the motion to table. For - Right. Against - Wrong.",senate_1991.csv,
1992,Senate,102,2,1,S.,2,S2-102,Education - Public Money for Private Schools,amendment,1992-01-23,Rejected,36,57,N,Y=Wrong; N=Right,285,https://voteview.com/rollcall/RS1020285,,8,"In one of the first votes of the second session, the Senate turned back an attempt by President Bush's allies in the Senate to take federal tax dollars - normally earmarked for public schools - and give them to private schools. The Senate action, January 23, was on an amendment to S. 2, the elementary and secondary education bill, which would have set aside $30 million of federal money for tuition at private schools. The AFL-CIO opposed the effort saying it made no sense to redirect limited federal resources to private schools at a time when public school districts across the country are in the midst of financial crises. The federal government should not further deplete the scarce dollars it does provide public schools by deciding to underwrite private institutions. The amendment failed 36-57. For - Wrong. Against - Right.",senate_1992.csv,
1992,Senate,102,2,2,H.R.,5132,HR5132-102,Davis-Bacon/Service Contract Act,amendment,1992-05-21,Rejected,36,63,N,Y=Wrong; N=Right,385,https://voteview.com/rollcall/RS1020385,,8,"In recent years, the Davis-Bacon Act has regularly come under fire, and 1992 was no different. Sen. Don Nickles (R-OK), tried to use the emergency funding bill for riot-torn Los Angeles and flood-damaged Chicago (H.R. 5132) as a platform for his anti-worker crusade. He offered an amendment which would have waived both Davis-Bacon and Service Contract Act provisions for all construction and repair projects under H.R. 5132. The Davis-Bacon Act ensures that workers on federal construction projects receive the local prevailing wage. This prevents contractors from slashing workers' wages in order to win federal contracts with lowball bids and thereby deny contractors who uphold community labor standards a fair chance to compete for government construction projects. It also protects the government and public from fly-by-night operators who seek to win federal contracts by paying wages too low to attract competent craftsmen. The Service Contract Act provides similar protections to Davis-Bacon for service workers under contract to the federal government. Nickles' amendment was defeated 36-63 May 21. For - Wrong. Against - Right.",senate_1992.csv,
1992,Senate,102,2,3,S.,55,S55-102,Workplace Fairness,cloture,1992-06-16,Rejected,57,42,Y,Y=Right; N=Wrong,401,https://voteview.com/rollcall/RS1020401,,8,"The drive for S. 55 - to ban the permanent replacement workers - was an intense effort by working people who propelled a massive grassroots drive around the country. Hundreds of thousands of telegrams, phone calls and letters demanding passage of the legislation were directed to lawmakers on Capitol Hill. The business community and its allies undertook a enormous effort to derail S. 55. The huge increase in recent years in the use of permanent replacements by companies where workers have engaged in lawful economic strikes has severely blunted the effectiveness of the right to strike. Thousands and thousands of workers exercised their lawful right to strike only to see themselves lose their jobs to permanent replacement workers. After an earlier cloture vote failed to end a filibuster against S. 55, the AFL-CIO backed a compromise version offered by Sen. Robert Packwood (R-OR) which centered around the use of mediation and non-binding fact finding to settle disputes. A cloture attempt to shut off a GOP-lead filibuster against the compromise failed (57-42) June 16. It fell three votes short of the needed super majority of 60 votes to shut off debate. For cloture - Right. Against cloture - Wrong.",senate_1992.csv,
1992,Senate,102,2,8,S.,2733,S2733-102,Balanced Budget Amendment,cloture,1992-06-30,Rejected,56,39,N,Y=Wrong; N=Right,415,https://voteview.com/rollcall/RS1020415,"the card describes two cloture votes, June 30 and July 1, ""by identical 56-39 votes"", and the roster grid gives them one column; rolls 415 (30 Jun) and 416 (1 Jul) are both 56-39 on amendment 2447 to S. 2733 and all 100 senators cast identically on both, so no roster can separate them. Roll 415 is taken, the first of the pair; only date, voteview_rollnumber and voteview_url turn on the choice",11,"Backers of a balanced budget amendment to the constitution were willing to play election year politics with this ill-advised issue. Most studies indicated that millions of jobs would be lost, taxes would jump and state and local budget deficits would soar under a balanced budget amendment. But those warnings were ignored by the Bush administration, which undertook a massive effort to win congressional approval for a balanced budget amendment as a panacea to deficit woes. During the House debate on H.J. Res. 290, which called for a constitutional amendment, the AFL-CIO noted that if a balanced budget amendment were ratified a combination of large tax increases and drastic spending cuts would be required to balance the budget. Various studies showed such action could result in a sharp drop in economic output and the loss of millions of jobs. The reduced spending levels would sharply limit the federal government's ability to fund programs to help those who might lose their jobs. State and local governments, already in fiscal crisis, could see their deficits soar and also be forced to cut services and increase taxes. Despite the evidence of the disastrous impact, backers of a balanced budget amendment tried to attach it to an unrelated bill (S. 2733). However, twice they failed to win cloture, on June 30 and July 1, by identical 56-39 votes. For cloture - Wrong. Against cloture - Right.",senate_1992.csv,
1992,Senate,102,2,4,H.R.,5677,HR5677-102,LM-2 and LM-3 Regulations,cloture,1992-09-16,Rejected,56,38,Y,Y=Right; N=Wrong,487,https://voteview.com/rollcall/RS1020487,,9,"Intense pressure from the National Right to Work Committee and other zealous right wing groups resulted in President Bush proposing a change to long-standing union financial reporting regulations which would be extremely burdensome in time and money to local unions, with no apparent benefit for union members. Those new LM-2 and LM-3 reporting requirements were even opposed by the Department of Labor official in charge of the LM-2 and LM-3 program. The proposed rules would change the type of accounting system now used by some 98 percent of local unions and by requiring a breakdown by substantive category of all union expenses, would increase by more than 2.5 million hours the amount of paperwork needed to file the required LM-2 and LM-3 reports. The FY 1993 Labor, Health and Human Services appropriations bill (H.R. 5677) included provisions suspending the Department of Labor's (DOL) ability to implement the new regulations on the LM-2s and LM-3s. GOP senators engaged in a filibuster against the motion to proceed to the bill in an effort to remove that ban from the appropriations bill. A Sept. 16 cloture vote, which would have ended that filibuster, failed 56-38, to receive the three-fifths needed to end debate. In an effort to get the entire bill to the floor, Senate leaders pulled the language banning the new regulations. For cloture - Right. Against cloture - Wrong.",senate_1992.csv,
1992,Senate,102,2,9,S.,250,S250-102,Motor Voter,veto override,1992-09-22,Rejected,62,38,Y,Y=Right; N=Wrong,506,https://voteview.com/rollcall/RS1020506,printed date Oct. 22; there is no Senate roll call that day and the 62-38 override attempt is roll call 506 of 22 Sept 1992,11,"""Motor voter"" legislation could add millions of eligible voters to registration lists. In the Senate, the bill (S. 250) won the backing of the AFL-CIO and a broad coalition of citizen groups, including the non-partisan League of Women Voters. The legislation would have enfranchised 70 million Americans who consistently cannot vote because they are not registered. In turn, that would increase the turnout on election day. In 1988 only 50 percent of eligible voters went to the polls. The 1990 off-year elections produced only a 36 percent turnout. S. 250 was designed to expand voter participation in the United States, while also ensuring the integrity of the electoral process. S. 250 would have allowed people to register to vote when they applied for drivers' licenses and other licenses and permits. It would have also allowed for registration by mail and at various state and federal offices such as employment offices and other agencies. It contained stiff penalties against voter fraud. More than 30 states have similar laws. The bill passed both houses by large - but not veto proof - margins and Bush vetoed the bill. The Senate sustained the veto on Oct. 22 by a 62-38 vote. For override - Right. Against override - Wrong.",senate_1992.csv,
1992,Senate,102,2,5,H.R.,11,HR11-102,Tax Bill/Federal Express Pilots' Pensions,amendment,1992-09-23,Rejected,41,56,Y,Y=Right; N=Wrong,511,https://voteview.com/rollcall/RS1020511,,10,"H.R. 11 began as a legislative response to the deadly and devastating Los Angeles riots. But the legislation was transformed into a tax giveaway for corporations and wealthy individuals. In fact, funds for tax breaks far outpaced money in the bill earmarked for actual urban aid. There were many objectionable provisions in the bill which led the AFL-CIO to oppose H.R. 11. One of the problems in H.R. 11 was a provision which in effect undermines collective bargaining by repealing an important provision that exempts collectively bargained airline pilot pension plans from the non-discrimination rules of ERISA. At the urging of Federal Express a provision deleting this 18-year-old pension regulation was added to H.R. 11 so that Federal Express could continue to fight union efforts to organize its pilots. When the Senate took up the bill, Sen. Robert Packwood (R-OR) offered an amendment, backed by the AFL-CIO, to strike those provisions from the bill. The amendment was defeated Sept. 23 by a 41-56 vote. The entire bill later was vetoed (see vote #12). For - Right. Against - Wrong.",senate_1992.csv,
1992,Senate,102,2,10,S.,5,S5-102,Family and Medical Leave,veto override,1992-09-24,Passed,68,31,Y,Y=Right; N=Wrong,512,https://voteview.com/rollcall/RS1020512,"printed date Sept. 21, which precedes the Sept. 22 veto; roll call 512 is 24 Sept 1992",11,"President Bush vetoed family and medical leave legislation for the second time in his term despite the fact it was supported by large majorities in the House and Senate during the 102nd and the 101st congresses. The family leave issue has been debated in the Congress since 1985. The United States is the only major industrialized nation without a family and medical leave policy. Thousands of workers have faced the choice of taking care of their sick children or other family members or losing their jobs. S. 5 was the product of bipartisan support and compromise. The AFL-CIO, as it has done in the past, backed the bill. The legislation called for up to 12 weeks of unpaid leave to workers for birth or adoption or to care for a seriously ill child, spouse or elderly parent, or for the worker's own illness. It guarantees a worker's job, or equivalent upon return, and continues health benefits during the leave. The bill's requirements apply to firms with 50 or more employees, which covers close to half of the nation's workers. The Senate voted 68-31 to override the veto on Sept. 21. But the House failed to override. For override - Right. Against override - Wrong.",senate_1992.csv,
1992,Senate,102,2,6,H.R.,5318,HR5318-102,Trade - China MFN,veto override,1992-10-01,Rejected,59,40,Y,Y=Right; N=Wrong,535,https://voteview.com/rollcall/RS1020535,"printed tally 59-44, which is impossible - roll call 535 records 99 senators and is 59-40, with one not voting",10,"Even though China violates basic worker and human rights by imprisoning those who seek freedom of association and profits from exports to the United States made by slave labor, President Bush believed China deserved a no-strings-attached, Most Favored Nation (MFN) trade status. MFN trade status grants a country preferred tariffs at the lowest rate. The AFL-CIO termed it the height of hypocrisy for the United States to wave the banner of human rights with one hand, while using the other hand to sign an MFN trade agreement with a nation which denies its citizens and workers their basic human rights and uses forced labor to manufacture its goods for export. The AFL-CIO supported H.R. 5318, although it fell short of the outright denial of MFN sought by the AFL-CIO. It passed the Senate and House but was vetoed by Bush. The bill would have denied MFN status for China for items produced by state-owned facilities if China continues to violate human rights, to sell nuclear weapons and to commit unfair trading practices. But the Senate failed (59-44) to achieve the two-thirds majority to override the veto on Oct. 1. For override - Right. Against override - Wrong.",senate_1992.csv,
1992,Senate,102,2,11,S.,12,S12-102,Cable Television Regulation,veto override,1992-10-05,Passed,74,25,Y,Y=Right; N=Wrong,544,https://voteview.com/rollcall/RS1020544,,12,"The cable TV industry was deregulated in 1984 and prices have been soaring since, a 56 percent increase from 1988 to 1992 alone. The AFL-CIO strongly supported legislation (S. 12) designed to bring fairness and equity back into the cable TV marketplace. The legislation will protect consumers against unwarranted rate increases by cable companies - most of which operate as monopolies in their communities - provide access to programming for competitors and correct the imbalances against over-the-air broadcasters. By strengthening the economic viability of free, on-the-air television, this bill also will protect the jobs of tens of thousands of workers in the broadcast industry. Bush vetoed the bill, but the Senate voted Oct. 5, 74-25 to override the veto. The same day the House also overrode the veto, marking the first time a Bush veto was overridden. For override - Right. Against override - Wrong.",senate_1992.csv,
1992,Senate,102,2,7,H.R.,776,HR776-102,Energy Bill/Miners' Health Care - Nuclear Cleanup,cloture,1992-10-08,Agreed to,84,8,Y,Y=Right; N=Wrong,546,https://voteview.com/rollcall/RS1020546,,11,"An important part of the AFL-CIO-backed energy bill (H.R. 776) was an amendment designed to shore up health benefits for retired coal miners. Without passage of H.R. 776, more than 120,000 retired miners and their dependents - covered by the UMWA Health Benefit Funds - faced the loss of their health coverage. They had worked for companies that had gone out of business or used legal tricks to avoid their obligations to the retired miners. The bill set up a formula to provide funding for the health benefits. In addition, the legislation will create tens of thousands of jobs for the decades-long efforts to clean up federal uranium enrichment sites. Many AFL-CIO affiliated unions have represented the workers at these plants for nearly 40 years. Many basic worker protections were contained in the uranium enrichment title, including provisions protecting the collective bargaining agreement during transition and provisions ensuring coverage of workers by OSHA, the Davis-Bacon Act and the Service Contract Act. On Oct. 8, the Senate approved a cloture motion - to shut off debate on the bill - by an 84-8 vote. The bill was passed and signed into law. For cloture - Right. Against cloture - Wrong.",senate_1992.csv,
1992,Senate,102,2,12,H.R.,11,HR11-102,Tax Bill/Urban Aid,conference report,1992-10-08,Adopted,67,22,N,Y=Wrong; N=Right,550,https://voteview.com/rollcall/RS1020550,,12,"In the wake of the deadly and tragic Los Angeles riots, lawmakers began work on an urban aid bill to alleviate some causes of the riot and to help that city heal. However, months later that effort had ballooned into a $28 billion package of tax breaks aimed at corporations and benefits for the wealthy, with little money set aside for real urban aid. The bill, H.R. 11, opposed by the AFL-CIO, would have established enterprise zones which lead to a dislocation of existing workers without creating new jobs in economically depressed areas. It also contained several other provisions opposed by the AFL-CIO including a new definition of ""leased employees"" which would help employers to avoid tax and pension obligations; a provision that would amend the long-standing law governing pilot pension plans and thereby assist Federal Express efforts to avoid collective bargaining; a tax benefit for intangible assets that would actually encourage further mergers - especially in the food industry - with the result that workers could be fired or required to take lower wages in order to service overwhelming debt that could result from mergers. The Senate approved the conference report on the bill Oct. 8 by a 67-22 vote. The bill was later vetoed. For - Wrong. Against - Right.",senate_1992.csv,
1993,Senate,103,1,8,H.R.,1,HR1-103,Family and Medical Leave,passage,1993-02-04,Passed,71,27,Y,Y=Right; N=Wrong,11,https://voteview.com/rollcall/RS1030011,"bill follows the roll call: the card cites S. 5, but the passage vote of 4 Feb was on H.R. 1",10,"Many workers have risked their jobs when forced to take time off for the birth or adoption of a child or to care for a sick child, spouse or parent. Unlike all other industrialized nations, the United States had no national policy on family leave. If a worker was not covered by a union contract, he or she had to depend on the whims of the employer for time off for serious family problems. When the first family and medical leave legislation was introduced in 1985, the AFL-CIO stood firmly behind it. Like wage and hour laws and workplace safety mandates, the family leave standard should be considered a minimum labor standard. But two successful vetoes and massive resistance from the business community stalled the legislation for eight years. The Family and Medical Leave Act of 1993 (S. 5) was one of the first bills set for action in 1993. It allows workers at firms of 50 or more employees up to 12 weeks of unpaid, but job protected leave - for the birth or adoption of a child, the serious illness of a child, spouse, parent or the worker's own illness. In addition, the worker's health benefits continue during the leave. The Senate passed the bill February 4 by a 71-27 vote. It was signed into law. For - Right. Against - Wrong.",senate_1993.csv,
1993,Senate,103,1,9,S.,460,S460-103,"""Motor Voter""",cloture,1993-03-16,Rejected,59,41,Y,Y=Right; N=Wrong,33,https://voteview.com/rollcall/RS1030033,,11,"The AFL-CIO has long backed improvement in federal election laws aimed at increasing voter turnout. One proven way to do that is to ease voter registration restrictions. Almost 40 percent of eligible voters are not registered. The main reason so many are not is the myriad of state regulations. Voter turnout has been steadily decreasing for years. While the 1992 three-way presidential race generated a higher than usual turnout, most experts considered that an aberration. Most other nations have about an 80 percent voter turnout, but they also have some form of automatic voter registration. S. 460 the ""motor voter"" bill requires states to establish procedures permitting citizens to register to vote when applying for drivers' licenses and various licenses and permits at state and federal offices. It also requires states to establish mail-in voter registration. Republicans led a filibuster against the bill. A cloture motion, which requires a three-fifths majority to end a filibuster, failed March 16 by a 59-41 vote. Cloture was achieved later in the spring and the bill was passed and signed into law. For cloture - Right. Against cloture - Wrong.",senate_1993.csv,
1993,Senate,103,1,1,H.R.,1335,HR1335-103,Stimulus/Jobs,cloture,1993-04-21,Rejected,56,43,Y,Y=Right; N=Wrong,105,https://voteview.com/rollcall/RS1030105,,8,"The nation's economy was still suffering the effects of the Bush recession in early 1993. Millions of Americans were out of work and many, many more were jobless for a longer time than in past recessions. While there were some signs of a possible recovery, few new jobs were being created. The toll of trickle-down economics was being paid by American working men and women. When President Clinton took office, one of his major goals was to stimulate a stalled economy and create new jobs. He submitted, and the AFL-CIO backed, legislation (H.R. 1335) aimed at quickly creating jobs through infrastructure investment and other projects. As proposed, the stimulus bill would have created up to 500,000 new, mostly public works jobs while establishing a summer jobs program aimed at inner city youth, a program to hire and train 10,000 new police officers, and a new child immunization program. When the bill reached the Senate after House approval, the Republican minority quickly began a filibuster in an attempt to derail a package that they knew they couldn't defeat on a simple majority vote. Four attempts to achieve cloture and end the filibuster (which requires a three-fifths majority) failed. The fourth and last attempt failed by a 56-43 vote on April 21. For cloture - Right. Against cloture - Wrong.",senate_1993.csv,
1993,Senate,103,1,10,S.,3,S3-103,Campaign Finance Reform,amendment,1993-05-26,Adopted,85,12,N,Y=Wrong; N=Right,125,https://voteview.com/rollcall/RS1030125,,11,"For years the AFL-CIO has supported efforts to change federal election laws in an effort to clean up the way political campaigns are financed. Some of the reform ideas backed by the AFL-CIO include candidate expenditure and personal contribution limits, developing a public financing formula, closing current loopholes that are used to evade present contribution limits and an overall limit on the amount a candidate is permitted to accept in political action committee (PAC) contributions. But the Senate version of proposed campaign finance reform does not address the real issues of reform. While it called for the ban on all PAC donations - even those built upon the small donations of union members - it keeps the door open for wealthy fat cats who can afford to drop up to $25,000 a year on campaign contributions to political candidates. Small contributor PACs afford the only opportunity for working people to effectively participate in the funding of campaigns in the absence of public financing. The main result of such a ban on PACs, if it stands, will be to prohibit low- and middle-income workers from combining their limited resources to gain a political voice, while permitting upper-income individuals to maintain access and influence. So long as contribution limits are beyond the means of working people, PACs are necessary to maintain a political balance. On May 26 the Senate approved (85-12) an amendment to S. 3 calling for a ban on all PAC donations. The bill was then passed. The House also passed a reform bill which maintains PAC donations and a conference is expected in 1994. For - Wrong. Against - Right.",senate_1993.csv,
1993,Senate,103,1,2,H.R.,20,HR20-103,Hatch Act Reform,passage,1993-07-20,Passed,68,31,Y,Y=Right; N=Wrong,201,https://voteview.com/rollcall/RS1030201,"bill follows the roll call: the card cites S. 185, but the passage vote of 20 July was on H.R. 20, which the Senate substituted into and passed 68-31",8,"Before Hatch Act reform legislation was signed into law in 1993, federal and postal employees had been denied the same political and Constitutional rights other Americans enjoy and exercise in the political process for more than 50 years. Under those Hatch Act regulations, three million postal and federal employees were prohibited from participating in a variety of political activities not just on the job, but during their free time as well. For example such workers could not hand out campaign literature, solicit votes or hold office in a political party. Hatch Act reform legislation, (S. 185) backed by the AFL-CIO, lifts many of the Hatch Act's political restrictions. Federal and postal workers will now have the freedom to endorse political candidates, organize phone banks to urge their election, distribute campaign literature, solicit political contributions and engage in most other political activity. The legislation continues the ban against engaging in these activities while at work, prohibits workers from using official influence or information for partisan political purposes and bans government and postal workers from wearing political campaign buttons while on duty and in government buildings. The Senate passed S. 185 July 20 by a 68-31 vote. It was later signed into law. For - Right. Against - Wrong.",senate_1993.csv,
1993,Senate,103,1,11,H.R.,2264,HR2264-103,Budget Reconciliation,conference report,1993-08-06,Adopted,50,50,Y,Y=Right; N=Wrong,247,https://voteview.com/rollcall/RS1030247,"tally corrected from the printed 50-49: roll 247 is 50-50 among senators, all 100 voting, and 51-50 with Vice President Gore, whose affirmative vote Voteview's dtl_desc records; the card's own '49-49 tie' is one short on each side",12,"President Clinton's five-year plan to slash almost $500 million from the federal deficit was centered on cuts in federal programs and an increase on taxes for the wealthy and corporations. These provisions and many others were contained in the budget reconciliation bill, a complex and vast piece of legislation. The AFL-CIO supported the bill, H.R. 2264, as a step in moving the nation toward tax fairness. The legislation was aimed at invigorating the U.S. economy through careful deficit reduction, combined with selective investments in the public infrastructure and progressive revenue increases for those who are most able to pay. The legislation raises taxes on corporations and on those with taxable incomes of more than $140,000. At the same time it expands the Earned Income Tax Credit for low-income taxpayers. It also extends the employee tax exemption for employer-provided education benefits and tightens the tax breaks for ""runaway"" companies which relocate in Puerto Rico. The Senate approved the conference report on the bill August 6 by a 50-49 vote with Vice President Al Gore breaking a 49-49 tie. It was signed into law. For - Right. Against - Wrong.",senate_1993.csv,
1993,Senate,103,1,3,H.R.,2518,HR2518-103,Davis-Bacon/Helpers and Apprentice Programs,amendment,1993-09-28,Adopted,60,39,Y,Y=Right; N=Wrong,289,https://voteview.com/rollcall/RS1030289,,8,"When introduced, the FY 1994 Labor and Health and Human Services appropriations bill (H.R. 2518) contained language which prohibited the Department of Labor from spending any money to implement two regulations which were promulgated and approved under the Bush administration. The regulations concerned helpers on Davis-Bacon projects and the administration of apprenticeship programs. The Davis-Bacon Act requires prevailing wages for ""laborers and mechanics"" (also known as journeymen) on federal and federally-funded construction projects. The first proposed regulation called for a new category of ""helpers"" thereby creating a new class of workers who, unlike laborers, would have no formal training and toil at low wages with no hope of advancement within the construction industry. The regulations would also result in severely reducing the level of employment for laborers. The second regulation, if implemented, would weaken and disrupt the long-standing rules governing the operation of state apprenticeship programs. The worst aspect of the apprenticeship regulation would effectively undercut the authority of the state apprenticeship agencies and force them to accept lower federal standards for training programs. In an attempt to block an expected effort to strip the language from the bill, the Sentate voted September 28 (60-39) to maintain those provisions. The bill was later signed into law. For - Right. Against - Wrong.",senate_1993.csv,
1993,Senate,103,1,4,H.R.,2750,HR2750-103,Cargo Preference,motion to table,1993-10-05,Agreed to,50,49,Y,Y=Right; N=Wrong,304,https://voteview.com/rollcall/RS1030304,,9,"The U.S. merchant marine has suffered through years of neglect. Always expected to be available in times of a military emergency, such as the Persian Gulf War, the U.S.-flag fleet has seen its support from the government dwindle to almost nothing. The number of ships flying the U.S. flag and the Americans crewing those ships has dropped to an all-time low. Tens of thousands of jobs have been lost to ""flag of convenience"" carriers who pay abysmally low wages to third and fourth world crews - usually a small fraction of the U.S. minimum wage, let alone anywhere near what a skilled seafarer earns. Many U.S. government shipments are carried by these flag of convenience ships. But cargo preference laws require that a certain percentage of foreign aid and military cargos be shipped on U.S. vessels. During consideration of the FY 1994 Transportation appropriations bill (H.R. 2750), an amendment was offered which would have banned the government from using U.S.-flag ships if the costs were more than twice as high as the low-wage flag of convenience ships. The amendment was tabled October 5 by a 50-49 vote. For tabling - Right. Against tabling - Wrong.",senate_1993.csv,
1993,Senate,103,1,5,H.R.,3167,HR3167-103,Extended Unemployment Benefits/Means Testing,amendment,1993-10-27,Adopted,52,43,N,Y=Wrong; N=Right,336,https://voteview.com/rollcall/RS1030336,,9,"While the economy began to show stronger signs of recovery as 1993 came to an end, about a quarter of a million jobless Americn workers were exhausting their normal 26 weeks of unemployment benefits every month in the summer and fall of 1993. Long term unemployment was expected to continue to be a major problem. Job creation was lagging far behind what it had been following the previous two recession low points. Millions of workers were not finding new jobs before their 26 weeks of state unemployment benefits ran out. An extended benefits program granting extra weeks of benefits had been operating since the height of the Bush recession. Extended several times, it expired October 1. The AFL-CIO supported legislation (H.R. 3167) which would continue the program through March 1994. But action on the bill slowed as the Senate debated controversial amendments. An amendment offered by Sen. Hank Brown (R-CO) would have established for the first time means testing for a social insurance program by denying benefits to anyone who had earned $120,000 in the previous year. The AFL-CIO was opposed to the amendment because of the precedent it would set; allowing means testing for a social insurance program. But it was approved October 27 by a 52-43 vote. It was later dropped in conference and the bill was signed into law. For - Wrong. Against - Right.",senate_1993.csv,
1993,Senate,103,1,6,H.R.,3167,HR3167-103,Extended Unemployment Benefits/Federal Workforce Reduction,motion to recommit,1993-11-20,Rejected,36,63,N,Y=Wrong; N=Right,391,https://voteview.com/rollcall/RS1030391,,9,"During consideration of the conference report on H.R. 3167 (see above) Sen. Phil Gramm (R-TX) made a motion to recommit the bill to conference with instructions to add an amendment which had been dropped in conference. The amendment mandated a 252,000 federal workforce reduction. The AFL-CIO opposed the amendment because it could seriously damage the federal workforce and the delivery of services. The Clinton administration had called for a similar reduction earlier in the year, but that reduction is expected to be achieved after careful consideration of its impact on the workers involved and the services they provide. The reduction will also follow consultation with the unions involved to develop a program of early retirement and buy outs. The Gramm amendment did not provide the opportunity for any such careful action and could have resulted in wholesale firings. The motion to recommit failed November 20 by a 36-63 vote. For recommitment - Wrong. Against recommitment - Right.",senate_1993.csv,
1993,Senate,103,1,7,H.R.,3450,HR3450-103,NAFTA,passage,1993-11-20,Passed,61,38,N,Y=Wrong; N=Right,395,https://voteview.com/rollcall/RS1030395,,10,"In the past decade, hundreds of thousands of American workers have seen their factory doors slammed shut and their jobs shipped to Mexico, where U.S. firms set up new plants to take advantage of that nation's inexpensive labor pool and lax enforcement of workers' rights laws and workplace safety and environmental regulations. In some cases, U.S. workers have been told to crate up their manufacturing machinery and load it onto trucks headed for the border. Before being voted out of office, President Bush completed negotiations for a North American Free Trade Agreement (NAFTA) which gave great protection to the investments American firms had already made in Mexico, while it offered no such protection for the U.S. workers or the political rights of workers in Mexico. It also reduced many tariffs and duties for trade between the three North American nations. That gives American firms an even larger inducement to ship their jobs to Mexico. As many as 500,000 American jobs are at stake. President Clinton backed NAFTA, but said he would try to alleviate labor's concerns through a set of side agreements on worker rights and the environment and offered a new dislocated worker program. When completed, those provisions provided little, if any, help for workers and citizens on either side of the border. The dislocated worker program was grossly inadequate. A massive and heartfelt grassroots campaign against NAFTA led by union members captured the headlines of the nation's newspapers and almost overcame the power of the White House and corporate America. But the Senate approved the treaty November 20 61-38. It was later signed into law. For - Wrong. Against - Right.",senate_1993.csv,
1994,Senate,103,2,7,S.J.Res.,41,SJRES41-103,Balanced Budget Constitutional Amendment,passage,1994-03-01,Rejected,63,37,N,Y=Wrong; N=Right,443,https://voteview.com/rollcall/RS1030443,,8,"The push for a constitutional amendment to require a balanced federal budget ""proves that the days of quack medicine and vaudeville magic shows are not yet in the past,"" Sen. Robert Byrd (D-WV) said when the Senate took up a resolution calling for such a measure. ""The AFL-CIO vehemently opposed S.J. Res. 41. This amendment could cause great damage to the economy and to important services that government provides to American workers and their families. The AFL-CIO believes that the S.J. Res. 41 is pernicious symbolism,"" AFL-CIO Legislative Director Robert M. McGlotten said in a letter to Senate members. Under the terms of the proposed amendment (which requires a two-thirds majority in each house and ratification by three-quarters of the states), no deficit spending would be allowed except in times of war or imminent war, or by a 60 percent vote of both houses. The resolution would seriously undermine Congress' fiscal powers to help maintain national economic stability. A Treasury Department study showed that to meet a mandate of a balanced budget in the year 2000, huge tax increases would be required along with deep cuts in defense spending, Social Security and almost all other important programs. It was defeated in the Senate March 1 by a 63-37 vote. For - Wrong. Against - Right.",senate_1994.csv,
1994,Senate,103,2,1,H.R.,3345,HR3345-103,Federal Worker Buyouts,cloture,1994-03-24,Rejected,58,41,Y,Y=Right; N=Wrong,470,https://voteview.com/rollcall/RS1030470,,5,"The Clinton administration and Congress, in an effort to streamline government, called for a reduction of some 252,000 federal workers over the next five years. Buyouts for federal employees would be used as incentives for early retirement or to encourage workers to leave the government voluntarily. It was hoped that enough federal workers would take advantage of the buyout options, up to $25,000, so that layoffs could be avoided. The House first passed H.R. 3345 in February by a 391-17 vote. But the following day the Senate approved an amended version by voice vote which called for the savings from the workforce reduction be used to pay for new anti-crime programs. That led to a dispute between the House and Senate. Many federal agencies, which were operating under tight budgets in 1994, were faced with the possibility of laying off employees if the buyout legislation was stalled. A House/Senate conference reported a compromise version of the bill, but a GOP-led filibuster threatened to stall action on the conference report. A cloture vote failed 58-41 March 24. Cloture was later achieved and the bill was passed and signed into law. For - Right. Against - Wrong.",senate_1994.csv,
1994,Senate,103,2,2,H.R.,1804,HR1804-103,Education - Goals 2000,conference report,1994-03-26,Adopted,63,22,Y,Y=Right; N=Wrong,481,https://voteview.com/rollcall/RS1030481,"date follows the roll call: the card prints March 25, which is the day the Senate agreed to the motion to proceed (roll 478, 83-12); the conference report vote is roll 481 of 26 March. Rolls 479-481 are all dated 26 March and the first is a motion to request the attendance of absent senators, so the sitting may have run past midnight and the card may be giving the legislative day - Voteview records no clock times",5,"The AFL-CIO backed one of the most ambitious major education and training bills in years, H.R. 1804, Goals 2000, the Educate America Act. The bill will, for the first time, establish skill and performance standards for students. It assures that the national skill standards provisions are balanced and developed in partnership with labor, business, and educators. The legislation will also provide a major stimulus to education reform efforts in the states. The legislation establishes voluntary national education standards which are broad descriptions of the knowledge and skills students should acquire in a particular subject area. The bill also sets student performance standards which are subject areas a student must know and in which he or she must be able to demonstrate proficiency. The legislation also establishes a skill standards board which will be charged with studying the national labor market and identifying broad clusters of major occupations that involve one or more industries in the United States. After identifying an occupational cluster, the board would then facilitate the establishment of voluntary labor/business/education partnerships to develop skill standards systems. Backed by the AFL-CIO, it passed the Senate March 25 63-22. For - Right. Against - Wrong.",senate_1994.csv,
1994,Senate,103,2,8,S.,2019,S2019-103,'Unfunded Mandates',motion to table,1994-05-17,Agreed to,56,43,Y,Y=Right; N=Wrong,510,https://voteview.com/rollcall/RS1030510,,8,"Unfunded mandates became a rallying cry for opponents of federal regulations from workplace safety to environmental rules laws to even civil rights laws. They claim such laws are an undue financial burden on state and local governments. In a nutshell, an unfunded mandate is any provision of a federal law or regulation that requires a state or local government to do anything which costs it any money. The drive to ban unfunded mandates puts decades of progress in civil rights, environmental, health, welfare, public safety, minimum wage and worker protection laws at risk. Labor-oriented bills, such as OSHA reform, could be held hostage by an unfunded mandate ban. Many of last year's bills sought to exempt state and local governments from compliance with new laws, as well as new and revised regulations, that do not have full funding to pay the costs incurred by state and local governments. A battleground for the issue was the Safe Drinking Water Act (S. 2019) which is aimed at providing American citizens nationwide with clean and reliable drinking water, the federal government will foot most of the bill for enforcement and monitoring. But state and local governments must also shoulder some of the fiscal responsibility for providing clean and safe drinking water which meets national standards. During consideration of the bill, an amendment was offered which would have allowed communities to avoid penalties for non-compliance with the act if such non-compliance was the result of an unfunded mandate. Opposed by the AFL-CIO, this amendment was tabled 56-43 on May 17. For tabling - Right. Against tabling - Wrong.",senate_1994.csv,
1994,Senate,103,2,3,S.,2019,S2019-103,Davis-Bacon,amendment,1994-05-18,Rejected,45,53,N,Y=Wrong; N=Right,514,https://voteview.com/rollcall/RS1030514,"date corrected from the printed May 19: Simpson amendment No. 1730 is roll 514 of 18 May, and 19 May is the day the Senate passed S. 2019 itself (roll 517, 95-3)",5,"In the last several years, anti-labor members of Congress, backed by such anti-union groups as the Association of Building Contractors (ABC), have escalated their campaign to repeal one of the nation's first fair-wage standard laws - the 1931 Davis-Bacon Act. The Davis-Bacon Act was designed to outlaw wage exploitation in federal construction contracts by preventing the federal government from undercutting local area labor standards. Along with protecting workers, the Davis-Bacon Act provides important safeguards for businesses, the federal government and the taxpayer. By establishing a wage-rate floor, the law provides local builders with a fair chance to compete for government projects on the basis of skill and efficiency, rather than losing this work to disreputable competitors who could underbid by paying substandard wages. The government and taxpayers, in turn, are protected from fly-by-night contractors whose substandard wages would attract substandard workers and result in shoddy construction work, requiring still more tax dollars for higher repair costs and additional maintenance over the life of the project. These are some of the basic reasons - still valid today - which led Congress to pass the Davis-Bacon Act more than 60 years ago, and which moved some 40 state legislatures to enact their own ""little Davis-Bacon Acts"" for state-funded construction projects. During consideration of the Safe Drinking Water Act (S. 2019) several anti-Davis-Bacon amendments were offered. One by Sen. Alan Simpson (R-WY) would have allowed states to exempt certain communities from Davis-Bacon requirements for any construction or repair work under the bill. That was defeated 45-53 on May 19. For - Wrong. Against - Right.",senate_1994.csv,
1994,Senate,103,2,4,S.,687,S687-103,Product Liability,cloture,1994-06-29,Rejected,57,41,N,Y=Wrong; N=Right,565,https://voteview.com/rollcall/RS1030565,,6,"Every year thousands of workers suffer occupational injuries and diseases as a direct result of defects in the products with which they work. Whether working on unsafe machinery or with other defective ""products used in a trade or business,"" workers injured as a result of the working conditions have found that product liability litigation affords their only recourse for full redress of their injuries. S. 687 would have unfairly limited the legal rights of these workers while at the same time, affording special interest protection to the manufacturers of defective products. The legislation, opposed by the AFL-CIO, would have curtailed the ability of workers to be made whole for losses they suffer when injured by a defective product. ""S. 687 is one-sided legislation whose provisions uniformly make it far more difficult for workers or consumers injured by defective products to vindicate their rights. Such an approach undermines the product liability system's two principal social functions - providing fair and timely recompense to individuals who are harmed by unsafe products, and imposing economic disincentives to the production of unsafe products,"" AFL-CIO Legislative Director Robert M. McGlotten said. The AFL-CIO was particularly concerned with the adverse effects S. 687 would have on the rights of injured workers eligible to receive workers compensation. These injured workers would be precluded from making ""any settlement with or accepting any payment from the manufacturer or product seller without the written consent of the employer and no release to or agreement with the manufacturer or product seller shall be valid or enforceable for any purpose without such consent."" That is an open invitation to employers to frustrate settlement and force litigation. A cloture motion to limit debate on the bill failed by a 57-41 vote June 29. For - Wrong. Against - Right.",senate_1994.csv,
1994,Senate,103,2,5,S.,55,S55-103,Workplace Fairness,cloture,1994-07-12,Rejected,53,47,Y,Y=Right; N=Wrong,583,https://voteview.com/rollcall/RS1030583,,7,"The Workplace Fairness bill would have banned the use of permanent replacement workers by employers during an economic strike. While U.S. labor law says a worker cannot be fired for striking, the courts have said he or she may be permanently replaced, a difference in name alone. The use of permanent replacements is part of a strategy being pursued by too many employers in this country - an effort to break unions and drive down costs by slashing wages and benefits and replacing higher-paid workers with low-wage workers, contingent workers and part time workers. ""The system of industrial relations has been tarnished and compromised significantly by the whole issue of permanent replacement of striking workers. Who are the workers who have been replaced? They are workers who are fighting for increased economic opportunity. They are workers who are fighting for safer working conditions. They are workers who are fighting for greater security for themselves and their families,"" Sen. Edward Kennedy (D-MA) said during the debate. The business community and its allies, in almost hysterical and fantasy-filled arguments, painted a picture of hundreds of strikes, lasting dozens of weeks, shutting America's factories and small businesses and sending the U.S. economy into ruins if S. 55 was approved. They claimed it would give labor an unfair and powerful advantage over a fatally weakened management. Opponents of the bill staged a filibuster and a motion to invoke cloture and end debate failed by a 53-47 (a 60 vote super majority was needed) vote July 12, in effect killing the bill. The AFL-CIO backed cloture. For - Right. Against - Wrong.",senate_1994.csv,
1994,Senate,103,2,6,H.R.,5110,HR5110-103,GATT,passage,1994-12-01,Passed,76,24,N,Y=Wrong; N=Right,724,https://voteview.com/rollcall/RS1030724,,7,"After a comprehensive evaluation, the AFL-CIO strongly opposed the Uruguay Round GATT agreement and urged Congress to reject the agreement because it offers little, if anything, that is positive for working people and their communities. The Federation's opposition to GATT was based on several reasons including: the loss of tens of thousands of U.S. textile and apparel industry jobs; the weakening of U.S. trade laws which are designed to combat unfair trade practices; the subjugation of U.S. trade policy and some U.S. laws to decisions from the new World Trade Organization (WTO). ""Millions of American workers have already suffered greatly from the damaging effects of unfair and inequitable trade. For many Americans, the agreements will mean enormous economic disruption and job loss,"" the AFL-CIO Executive Council said. The GATT implementing legislation will do nothing to alleviate the United States' huge annual trade deficit, which, this year, is expected to be the second highest in the nation's history at close to $150 billion. It will also limit the ability of the U.S. government to fashion policies and take actions that could bring some relief from growing trade deficits. ""The Uruguay Round did nothing to address the cruelest and most prevalent unfair trade practice of all - the suppression of worker rights by governments seeking a low-wage, low-standard 'comparative advantage' on the world market,"" the Council said. But on Dec. 1, the Senate approved the implementing legislation by a 76-24 vote. For - Wrong. Against - Right.",senate_1994.csv,
1995,Senate,104,1,1,S.,1,S1-104,Unfunded Mandates/Labor Standards,motion to table,1995-01-19,Agreed to,53,44,N,Y=Wrong; N=Right,29,https://voteview.com/rollcall/RS1040029,,1,"During consideration of a bill to ban all unfunded mandates, an amendment was offered to exempt from such bans labor standards as child labor and minimum wage laws. While the AFL-CIO opposed the entire bill because it is a smoke screen to attack or eliminate all federal regulations, the AFL-CIO supported the amendment as an attempt to make the bill less onerous to workers. It was tabled Jan. 19 by a 53-44 vote. (DEM: 1-44; REP: 52-0) Yes - Wrong. No - Right.",senate_1995.csv,
1995,Senate,104,1,2,H.J.Res.,1,HJRES1-104,Balanced Budget/Social Security,motion to table,1995-02-14,Agreed to,57,41,N,Y=Wrong; N=Right,65,https://voteview.com/rollcall/RS1040065,,1,"The AFL-CIO opposed a resolution calling for a constitutional amendment requiring a balanced federal budget because of massive cuts (about $1 trillion) in vital programs, the crippling of Congress' ability to fight recessions and inflation and its distortion of constitutional checks and balances. An amendment to exclude and protect Social Security from the amendment's scope, which the AFL-CIO supported, was tabled Feb. 14 by a 57-41 vote. (DEM: 7-39; REP: 50-2) Yes - Wrong. No - Right.",senate_1995.csv,
1995,Senate,104,1,3,H.J.Res.,1,HJRES1-104,Balanced Budget/Final Passage,passage,1995-03-02,Rejected,65,35,N,Y=Wrong; N=Right,98,https://voteview.com/rollcall/RS1040098,,1,"The Senate defeated the balanced budget amendment March 2 by a 65-35 vote, one vote short of the required two-thirds majority. (DEM: 14-33; REP: 51-2) Yes - Wrong. No - Right.",senate_1995.csv,
1995,Senate,104,1,4,H.R.,889,HR889-104,Striker Replacement Executive Order,cloture,1995-03-15,Rejected,58,39,N,Y=Wrong; N=Right,103,https://voteview.com/rollcall/RS1040103,,1,"During consideration of the Defense Department supplemental appropriation, an amendment was offered to bar the White House from using funds to implement its order barring the government from doing business with contractors who use permanent replacement workers. Backers of the order filibustered the amendment and an AFL-CIO-opposed motion to shut off debate failed March 15 by a 58-39 margin, two votes short of the required number. (DEM: 5-39; REP 53-0) Yes - Wrong. No - Right.",senate_1995.csv,
1995,Senate,104,1,5,S.Con.Res.,13,SCONRES13-104,Budget Resolution/Medicare,amendment,1995-05-22,Rejected,46,52,Y,Y=Right; N=Wrong,173,https://voteview.com/rollcall/RS1040173,,1,"The resolution would have slashed about $1 trillion in vital spending and forced working families to pay more for Medicare and higher education in order to pay for tax cuts for the wealthy. An amendment was offered to restore $100 billion of the $170 billion in tax cuts for Medicare and Medicaid. The amendment, backed by the AFL-CIO, failed on May 22 by a 46-52 vote. (DEM: 45-1; REP: 1-51) Yes - Right. No - Wrong.",senate_1995.csv,
1995,Senate,104,1,6,H.Con.Res.,67,HCONRES67-104,Budget Resolution/Final Passage,budget resolution,1995-05-25,Passed,57,42,N,Y=Wrong; N=Right,232,https://voteview.com/rollcall/RS1040232,"the printed key forces roll 232 outright; the note is for the REVERSED key, which the pipeline also searches and which matches roll 209 of the same day (42-57, a motion to waive the Budget Act). Voteview's dtl_desc rules it out: the record describes final passage of the budget resolution, which is roll 232.",1,"After inserting its version of Medicare cuts and tax breaks for the wealthy into the House measure, the Senate passed the budget resolution May 25 by a 57-42 vote. (DEM: 3-42; REP: 54-0) Yes - Wrong. No - Right.",senate_1995.csv,
1995,Senate,104,1,7,S.,343,S343-104,Regulatory Reform/OSHA,motion to table,1995-07-14,Agreed to,58,39,N,Y=Wrong; N=Right,307,https://voteview.com/rollcall/RS1040307,,1,The AFL-CIO opposed a bill drafted under the guise of regulatory reform that threatened workplace health and safety and environmental standards. An amendment supported by the AFL-CIO would have protected OSHA and MSHA safety standards. That was tabled July 14 by a 58-39 vote. (DEM: 7-37; REP: 51-2) Yes - Wrong. No - Right.,senate_1995.csv,
1995,Senate,104,1,8,S.,343,S343-104,Regulatory Reform/Cloture,cloture,1995-07-20,Rejected,58,40,N,Y=Wrong; N=Right,315,https://voteview.com/rollcall/RS1040315,,1,"The entire bill, opposed by the AFL-CIO, would have decimated workplace health and safety, environmental and public health safeguards. Opponents staged a filibuster against the bill. Two earlier attempts to end the debate failed and on July 20 a third attempt was defeated by a 58-40 vote. Sixty votes are required for cloture. (DEM: 4-40; REP: 54-0) Yes - Wrong. No - Right.",senate_1995.csv,
1995,Senate,104,1,9,H.R.,1854,HR1854-104,Appropriations/Affirmative Action,amendment,1995-07-20,Rejected,36,61,N,Y=Wrong; N=Right,317,https://voteview.com/rollcall/RS1040317,,1,"An amendment to the legislative appropriations bill would have overturned all federal affirmative action programs. Opposed by the AFL-CIO, the amendment failed July 20 by a 36-61 vote. (DEM: 3-42; REP: 33-19) Yes - Wrong. No - Right.",senate_1995.csv,
1995,Senate,104,1,10,S.,1357,S1357-104,Minimum Wage/Budget Reconciliation,motion,1995-10-27,Rejected,51,48,Y,Y=Right; N=Wrong,519,https://voteview.com/rollcall/RS1040519,"the key does not force this row: four roll calls of 27 Oct 1995 on S. 1357 are 51-48. Voteview's dtl_desc settles it - roll 519 is the only one on increasing the federal minimum wage, and needed three-fifths (51 + 9 = 60), which is the shortfall the record states.",1,"During Senate debate on the budget reconciliation, a motion was offered to suspend the rules to allow a vote on legislation to increase the minimum wage. The motion, backed by the AFL-CIO, failed by a 51-48 vote Oct. 27, nine votes short of the number required to suspend the rule. (DEM: 46-0; REP: 5-48) Yes - Right. No - Wrong.",senate_1995.csv,
1995,Senate,104,1,11,H.J.Res.,115,HJRES115-104,Continuing Resolution/Final Passage,passage,1995-11-09,Passed,50,46,N,Y=Wrong; N=Right,567,https://voteview.com/rollcall/RS1040567,"date: scoreboard prints Nov. 13; roll call 567 is 9 Nov 1995. 13 November is the day the resolution was VETOED, which Voteview's dtl_desc for H.J. Res. 115 records; the Senate took no vote on that measure on 13 November. The printed tally 50-46 is correct.",1,"During debate on a temporary spending bill required to keep the government funded and avoid a shutdown, Republicans attached a Medicare premium increase and several other provisions opposed by the AFL-CIO. The bill passed Nov. 13 by a 50-46 vote. (DEM: 0-44; REP: 50-2) Yes - Wrong. No - Right.",senate_1995.csv,
1995,Senate,104,1,12,H.R.,2491,HR2491-104,Budget Reconciliation/Conference Report,conference report,1995-11-17,Adopted,52,47,N,Y=Wrong; N=Right,584,https://voteview.com/rollcall/RS1040584,,1,"This bill combines all the GOP entitlement spending cuts in Medicare, Medicaid, student loans, federal retiree pensions and more, with tax cuts aimed mostly to benefit big business and people making up to $200,000 a year. The Medicaid program would be cut by $170 billion and block-granted, which would hurt poor children and the elderly. It also would repeal standards for nursing homes. While some changes were made in the House-passed bill, the conference report maintained the major elements opposed by the AFL-CIO. It passed the Senate Nov. 17 by a 52-47 vote. (DEM: 0-46; REP: 52-1) Yes - Wrong. No - Right.",senate_1995.csv,
1996,Senate,104,2,1,S.,1028,S1028-104,Medical Savings Accounts,amendment,1996-04-18,Adopted,52,46,Y,Y=Right; N=Wrong,685,https://voteview.com/rollcall/RS1040685,,12,"The Health Coverage and Affordability Act (S. 1028) makes it easier for workers to carry their health insurance from job to job (portability) and harder for insurance companies to deny coverage for pre-existing conditions. But it does not address the need for broader health care reform. The AFL-CIO opposed the Medical Savings Account provision in S. 1028. MSAs would be used primarily by the wealthy and healthy, leaving a sicker and poorer population to be covered by other insurance mechanisms--creating a tax benefit for the wealthy and driving up health care costs for working families. An amendment to strike the provision was passed April 18 by a 52-46 vote. Y=R, N=W (DEM: 47-0; REP: 5-46)",senate_1996.csv,
1996,Senate,104,2,2,S.Con.Res.,57,SCONRES57-104,Davis-Bacon,motion to table,1996-05-22,Rejected,41,59,N,Y=Wrong; N=Right,747,https://voteview.com/rollcall/RS1040747,"the printed key forces roll 747 outright; the note is for the REVERSED key, which the pipeline also searches and which matches roll 741 of the same day (59-41, the tabling of Kyl amendment 3995 on a supermajority requirement for raising taxes). Voteview's dtl_desc rules it out: the record describes the failed tabling of the Davis-Bacon sense-of-the-Senate amendment, which is roll 747, and the roster grid's printed record vote number 134 gives the same roll.",12,"The Republican leadership attack on working families took aim at construction workers' paychecks and the Davis-Bacon Act. The act ensures that workers on federal construction projects receive the local prevailing wage. This prevents contractors from slashing wages in order to win federal contracts with low-ball bids. Many lawmakers have called for the act's repeal. An amendment was offered to the FY 1997 Budget Resolution to express the sense of the Senate that the Davis-Bacon Act should not be repealed. Anti-worker senators made a motion to table, or kill, the amendment, but that motion failed May 22 by a 41-59 vote. Y=W, N=R (DEM: 1-46; REP: 40-13)",senate_1996.csv,
1996,Senate,104,2,3,H.R.,3448,HR3448-104,Minimum Wage,amendment,1996-07-09,Rejected,46,52,N,Y=Wrong; N=Right,796,https://voteview.com/rollcall/RS1040796,"The printed (date, tally) does not force this row: rolls 796 and 797 are both 46-52 on 9 July 1996 on H.R. 3448. Roll 796 is identified by the roster grid's printed record vote number 183, by Voteview's dtl_desc (Bond amendment 4272 ""to modify the payment of wages provisions"", which is the amendment the card describes, rather than Kennedy amendment 4435 to raise the minimum wage), and by the card's own Y=W marker, which excludes the Kennedy amendment. The two rolls are separable at member level - 93 of 101 senators cast differently - and the roster grid reproduces roll 796 for all 100 senators. Date and tally as printed are both correct.",12,"The value of the minimum wage had fallen to a 40-year low in 1996, yet Senate Majority Leader Bob Dole (R-Kans.) refused for months to bring a minimum wage bill boosting the wage from $4.25 to $5.15 to the floor. A massive AFL-CIO-led grassroots campaign mobilized public opinion and forced the Republican leadership to allow a vote on the measure. But in one last attempt to scuttle the bill and appease their big business backers, Republican leaders offered an amendment that would have gutted the pay raise by delaying the increase for six months, creating a subminimum wage for new hires and denying the pay hike to some 10 million workers in smaller businesses. That amendment failed July 9 by a 46-52 vote. Y=W, N=R (DEM: 0-47: REP: 46-5)",senate_1996.csv,
1996,Senate,104,2,4,S.,1788,S1788-104,National Right to Work Law,cloture,1996-07-10,Rejected,31,68,N,Y=Wrong; N=Right,801,https://voteview.com/rollcall/RS1040801,"the printed key forces roll 801 outright; the note is for the REVERSED key, which the pipeline also searches and which matches roll 800 of the same day (68-31, on S. 1745, the FY 1997 defense authorization bill). Voteview's dtl_desc rules it out: the record describes the failed cloture on the motion to proceed to S. 1788, the National Right to Work Act, which is roll 801, and the roster grid's printed record vote number 188 gives the same roll.",12,"When Republicans took control of the Senate in the 104th Congress, Sen. Majority Leader Bob Dole (R-Kans.) promised the extremist National Right to Work Committee a vote on legislation establishing a federal right-to-work (for less) law. The bill would have repealed the section of the National Labor Relations Act that allows states to determine their own laws on union security agreements and replaced it with a federal mandate banning such agreements. Proponents failed to mention that none of the 21 states with right-to-work laws ranks above the national average in pay. The AFL-CIO and affiliated unions brought more than 1,000 workers to the Capitol steps and the Senate hallways, and staged a call-in campaign that produced tens of thousands of angry calls. That pressure helped defeat the motion July 10 by a 31-68 vote. Y=W, N=R (DEM: 0-47; REP: 31-21)",senate_1996.csv,
1996,Senate,104,2,5,H.R.,743,HR743-104,TEAM Act,passage,1996-07-10,Passed,53,46,N,Y=Wrong; N=Right,804,https://voteview.com/rollcall/RS1040804,,12,"The TEAM Act, strongly backed by big business, is a head-on assault on workers' rights. It would deny the right of workers to pick their own representatives for employee/employer committees, many of which deal with workplace issues such as wages, hours and other terms and conditions of employment. In effect, it could lead to the creation of ""company unions."" The bill's backers claimed it was needed because current law forbids such committees. But some 30,000 employers have established worker/management teams and the National Labor Relations Board rarely objects. The bill passed the Senate July 10 by a 53-46 vote. Y=W, N=R (DEM: 2-45; REP: 51-1)",senate_1996.csv,
1996,Senate,104,2,6,H.R.,3734,HR3734-104,Welfare Reform,conference report,1996-08-01,Adopted,78,21,N,Y=Wrong; N=Right,875,https://voteview.com/rollcall/RS1040875,,13,"The AFL-CIO supports moving people from welfare to work, but the welfare reform (H.R. 3734) considered in 1996 does not do that. The bill's cuts in food stamp and assistance to legal immigrants were projected to push 1 million children of working parents into poverty and deprive hard-working families help in times of need. It also creates the potential for large-scale job displacement in the public and private sectors. The ""workfare"" provisions could penalize low-wage unskilled workers by forcing them to compete for jobs with welfare recipients earning subminimum wages. The conference report on the bill passed the Senate August 1 by a 78-21 vote. Y=W, N=R (DEM: 25-21; REP: 53-0)",senate_1996.csv,
1996,Senate,104,2,7,H.R.,3539,HR3539-104,Federal Express,cloture,1996-10-03,Agreed to,66,31,N,Y=Wrong; N=Right,917,https://voteview.com/rollcall/RS1040917,"date: scoreboard prints Nov. 3; roll call 304 of the 1996 Senate is 3 October 1996. The day is right and the month is wrong. Voteview records no Senate roll call after 3 October 1996 and none at all in November, so the printed date matches nothing. The printed tally 66-31 is correct and the corrected key is unique. The roster grid's printed record vote number 304 forces the roll independently of the date, and Voteview's dtl_desc confirms it as cloture on the H.R. 3539 conference report.",13,"Federal Express, a notoriously anti-union corporation, was the beneficiary of some back door politicking in 1996. When the FAA reauthorization bill (H.R. 3539) was reported from a House-Senate conference, it contained a provision to cover Federal Express under the rules of the Railway Labor Act, which requires system-wide organizing, rather than the National Labor Relations Act, which allows organizing on a site-by-site basis. Neither the House- nor Senate-passed bills had contained the Federal Express provision and congressional conference rules normally don't allow the addition of new provisions, but GOP maneuvering circumvented the rules. A filibuster against the bill because of this provision was defeated when the Senate voted 66-31 for a cloture motion that ends a filibuster on Nov. 3. Y=W, N=R (DEM: 17-29; REP: 49-2).",senate_1996.csv,
1997,Senate,105,1,1,S.J.Res.,1,SJRES1-105,Balanced Budget Constitutional Amendment,passage,1997-03-04,Rejected,66,34,N,Y=Wrong; N=Right,24,https://voteview.com/rollcall/RS1050024,,12,"Today, a booming stock market--from which many working families are shut out--and painful budget cuts in welfare and other federal programs that help poor and working families have combined to balance the federal budget. If the boom turns into a bust and federal revenue plummets, Congress and the president will have many options to fight a recession. That wouldn’t be true if an amendment to the U.S. Constitution requiring a balanced budget had become law. The AFL-CIO opposed S.J. Res. 1 because if a recession occurs, the amendment’s terms would require cuts in vital worker safety net programs such as unemployment insurance, food stamps and even Social Security and Medicare in order to balance the budget. It could also mean an increase in state and local taxes because those jurisdictions would be forced to make up for lost federal help to maintain vital programs. The balanced budget amendment failed March 4 by a 66-34 vote (a two-thirds majority was needed). Y=W, N=R (DEM: 11-34; REP: 55-0)",senate_1997.csv,
1997,Senate,105,1,2,S.,4,S4-105,Comp Time and 40-Hour Week,cloture,1997-06-04,Rejected,51,47,N,Y=Wrong; N=Right,93,https://voteview.com/rollcall/RS1050093,,12,"At the start of the 105th Congress, anti-worker lawmakers renewed their attack on working families again with one of the first bills of the session. S. 4 would allow employers to pay workers in compensatory time off instead of cash for overtime hours. While the bill called for voluntary agreements between employees and employers, employers held the upper hand and penalties for violating the voluntary provisions were toothless. Additionally, many working families count on overtime to balance the family budget. The bill also allotted an 80-hour work period before any worker could earn overtime, established a program that allowed employers to provide only one hour off for each hour of overtime instead of an hour and a half and even allowed bosses to dock the pay of salaried workers for taking time off during the day for things such as dental and doctor’s appointments. Worker-friendly lawmakers staged a filibuster against the bill and defeated a cloture motion that would have killed the filibuster June 4 by a 51-47 vote (60 votes are needed for cloture). Y=W, N=R (DEM: 0-44; REP: 51-3)",senate_1997.csv,
1997,Senate,105,1,3,S.,947,S947-105,Medicare/Eligibility Age,motion,1997-06-24,Agreed to,62,38,N,Y=Wrong; N=Right,112,https://voteview.com/rollcall/RS1050112,,12,"The budget reconciliation bill (S. 947) called for raising the eligibility age for Medicare from 65 to 67. Such a move would dramatically increase the number of older Americans without health insurance, including many older workers whose employers have reduced or eliminated health care coverage. It would hike the cost of retiree health care coverage and employers would shift more costs to their retirees or drop coverage altogether. The AFL-CIO backed a procedural rule that would have stripped the Medicare language from the bill, but on June 24 the Senate voted 62-38 to waive that rule. Y=W, N=R (DEM: 12-33; REP: 50-5)",senate_1997.csv,
1997,Senate,105,1,4,S.,947,S947-105,Medicare/Means Testing,motion to table,1997-06-24,Agreed to,70,30,N,Y=Wrong; N=Right,113,https://voteview.com/rollcall/RS1050113,,12,"A provision in the budget reconciliation bill called for means testing on Medicare deductibles. That would penalize the sick and elderly and raise little money. An amendment to eliminate means testing was offered, but the Senate voted to table, or kill, the amendment June 24 by a 70-30 vote. Y=W, N=R (DEM: 21-24; REP: 49-6)",senate_1997.csv,
1997,Senate,105,1,5,H.R.,2014,HR2014-105,Tax Cuts for the Wealthy,passage,1997-06-27,Passed,80,18,N,Y=Wrong; N=Right,160,https://voteview.com/rollcall/RS1050160,"bill number: the description calls the Senate tax reconciliation bill ""H.R. 2015--it carried the House bill number"". It did carry a House number, but H.R. 2014, not H.R. 2015: roll 160 is the passage of H.R. 2014 on 27 June at 80-18, while H.R. 2015 drew a single Senate roll call all Congress, the conference report of 31 July at 85-15. The card swapped its own two reconciliation numbers",12,"The Senate’s tax reconciliation bill (H.R. 2015--it carried the House bill number) contained big tax breaks for wealthy individuals and corporations--such as capital gains and estate tax reductions--but few meaningful reductions for working families. The Senate passed the bill June 27 by an 80-18 vote. Y=W, N=R (DEM: 29-14; REP: 51-4)",senate_1997.csv,
1997,Senate,105,1,6,S.,1156,S1156-105,Education,cloture,1997-09-30,Rejected,58,41,N,Y=Wrong; N=Right,260,https://voteview.com/rollcall/RS1050260,,13,"While school vouchers might allow a privileged few access to quality education, they would undermine the public education system that is designed to aid all children. Public education must be improved and the AFL-CIO and the Teachers have fought hard to raise standards and improve student achievement. But school vouchers would drain funds from public education and stymie efforts to make public schools better. The Senate staged a filibuster over an amendment to the FY 1998 District of Columbia appropriations bill calling for a school voucher system in the nation’s capital. A cloture motion to end the filibuster was defeated 58-41 (60 votes were needed) Sept. 30. Y=W, N=R (DEM: 4-40; REP: 54-1)",senate_1997.csv,
1997,Senate,105,1,7,S.,1269,S1269-105,Fast Track,cloture,1997-11-04,Agreed to,69,31,N,Y=Wrong; N=Right,292,https://voteview.com/rollcall/RS1050292,,13,"One of the biggest AFL-CIO grassroots campaigns ever helped derail Fast Track trade legislation last year. Hundreds of rallies around the nation, 800,000 phone calls and 750,000 postcards let Congress know trade deals must include tough worker and environmental protections. While S. 1269 had sanctions for nations that violate property rights, human and work rights were not protected. Under Fast Track, Congress couldn’t vote to improve a trade treaty, just to approve or disapprove the entire deal. Fast Track was heavily backed by business with $5.5 million in television and radio ads in 104 congressional districts. But in the Senate, Fast Track opponents staged a filibuster against a motion to bring the bill to floor. However, the Senate voted to kill the filibuster 69-31 on Nov. 4. Y=W, N=R (DEM: 26-19; REP: 43-12)",senate_1997.csv,
1998,Senate,105,2,1,S.,1663,S1663-105,Paycheck Deception,cloture,1998-02-26,Rejected,45,54,N,Y=Wrong; N=Right,315,https://voteview.com/rollcall/RS1050315,"date: the card prints no date for this record - the only 1998 record that omits it. Supplied from the roll call its own grid points at, clerk 17 = Voteview roll 315, 26 Feb 1998, the failed cloture vote on S. 1663 at 45-54, which is the card's own tally",14,"(S. 1663) California and Oregon voters turned back big businesses’ 1997 attempts to silence working families voice in politics, as did judges and state legislatures around the country. But that didn’t deter the enemies of working families from backing federal legislation that would have placed incredible burdens on unions before they could spend their funds representing working families through political or legislative activity. Under the guise of campaign finance reform, S. 1663's rules applied only to unions—not to the corporations, which outspend unions 11-1 on politics. The bill’s backers could not end a filibuster against the legislation by pro-working family senators and failed to win a three-fifths majority needed for cloture, 45-54. Y=W, N=R (DEM: 0-44; REP: 45-10).",senate_1998.csv,
1998,Senate,105,2,2,S.,1173,S1173-105,"Affirmative Action, Transportation",motion to table,1998-03-06,Agreed to,58,37,Y,Y=Right; N=Wrong,321,https://voteview.com/rollcall/RS1050321,,14,"(S. 1173) The assault on affirmative action programs—which help people of color and women gain fair and equal access to educational, business and other opportunities they traditionally have been denied—continued in the Senate’s major transportation funding bill, ISTEA. Sen. Mitch McConnell (R-Ky.) offered an amendment to weaken the highly successful Disadvantaged Business Enterprise program, which has increased participation of women and minorities in building highways, bridges, transit systems and other ISTEA-funded projects. A motion to table, or kill, the amendment passed 58-37, March 6, 1998. Y=R, N=W (DEM:43-1; REP: 15-36)",senate_1998.csv,
1998,Senate,105,2,3,S.Con.Res.,86,SCONRES86-105,Medicare/Budget Resolution,amendment,1998-04-01,Adopted,51,47,N,Y=Wrong; N=Right,351,https://voteview.com/rollcall/RS1050351,,14,"(S.C.R. 86) More than 39 million elderly and disabled people rely on Medicare for guaranteed health insurance. But the Medicare Trust Fund will begin experiencing shortfalls by the year 2015. The AFL-CIO and other health care proponents offered several suggestions to shore up Medicare’s financial future, such as setting aside 15 percent of the budget surplus for Medicare solvency. But GOP congressional leaders did little to address the issue in 1998. In fact, an amendment to the budget resolution would have removed balanced billing protections and allowed seniors to be charged extra for Medicare services. It passed 51-47, April 1, 1998. Y=W, N=R (DEM: 1-42; REP: 50-5)",senate_1998.csv,
1998,Senate,105,2,4,H.R.,2646,HR2646-105,School Vouchers,passage,1998-04-23,Passed,56,43,N,Y=Wrong; N=Right,400,https://voteview.com/rollcall/RS1050400,,14,"(H.R. 2646) The Senate approved House-passed legislation that would allow wealthy parents, earning up to $160,000 a year, to set aside up to $2,000 annually in Individual Retirement Accounts and allow those funds to be withdrawn tax-free for kindergarten through grade 12 education expenses, including private school tuition. But more than 90 percent of America’s school children attend public schools. Congress’s own Joint Committee on Taxation estimated that 70 percent of the tax-free benefits would go to the richest 20 percent of the nation’s families, essentially providing voucher-like subsidies for private education for the rich and denying tax money to public schools. The bill passed April 23, 1998, 56-43. Y=W, N=R (DEM: 5-40; REP: 51-3)",senate_1998.csv,
1998,Senate,105,2,5,S.,1723,S1723-105,Immigration (H1B),passage,1998-05-18,Passed,78,20,N,Y=Wrong; N=Right,439,https://voteview.com/rollcall/RS1050439,,15,"(S. 1723) The information technology industry claims there is a shortage of skilled, high-tech U.S. workers and long has sought to import lower-paid foreign workers under the immigration law’s H1B visa program. However, the General Accounting Office said the industry reports were so flawed that it could not verify a labor shortage. he The Senate nonetheless took up an industry-backed bill to allow some 230,000 more H1B workers into the country. The legislation contained no legal recourse for U.S. workers fired and replaced by H1B workers or for U.S. job applicants whose resumes never are considered because the employer is holding positions open for lower-cost H1B workers. Nor did the bill contain any effective or efficient training programs for U.S. workers. S. 1723 was approved 78-20, May 18, 1998. Y=W, N=R (DEM: 27-18; REP: 51-2)",senate_1998.csv,
1998,Senate,105,2,6,S.,2260,S2260-105,Immigration/Agriculture Workers,amendment,1998-07-23,Adopted,68,31,N,Y=Wrong; N=Right,531,https://voteview.com/rollcall/RS1050531,,15,"(S. 2260) Many large agribusinesses commonly use the excuse of labor shortages to push for relaxed immigration rules to allow them to import more foreign agricultural workers. But many times, employers use these workers, or the threat of bringing in new immigrants, to thwart organizing attempts and keep wages and benefits low. At the same time, many newly arrived workers are unaware of their rights and are easy targets for employer exploitation. Legislation to allow agriculture employers an almost unlimited number of foreign workers under the immigration law’s H2A program, and to gut existing worker protections, passed 68-31, July 23, 1998. Y=W, N=R (DEM: 14-31; REP: 54-0)",senate_1998.csv,
1998,Senate,105,2,7,S.,1981,S1981-105,Freedom to Choose a Union,cloture,1998-09-14,Rejected,52,42,N,Y=Wrong; N=Right,564,https://voteview.com/rollcall/RS1050564,"tally 55-42 -> 52-42 per Voteview roll 564; the card's OWN party split, printed in the same sentence, is (DEM: 0-41; REP: 52-1) = 52 yeas and 42 nays, which is roll 564's figure and not the 55 printed beside it, so the record refutes its own tally and it is the yea count alone that is wrong",15,"(S. 1981) One of the basic principles of the National Labor Relations Act is the right of workers to choose a union without management interference. But employers regularly trample that right. Some 10,000 workers a year are fired for attempts to form unions in their workplaces. Employers spend an estimated $300 million a year on union-busting consultants, and 91 percent of businesses where workers are trying to form unions force employees to attend meetings behind closed doors designed to change their minds. Half of employers threaten to shut down if workers choose a union. The bill would put up additional roadblocks by banning union organizers from applying for and holding jobs for the purpose of organizing a particular workplace (salting), making single-unit organizing of a multisite employer more difficult and shifting the NLRB case cost from the employer to the board. On a procedural vote requiring a three-fifths majority, the legislation died 55-42, Sept. 14, 1998. Y=W, N=R (DEM: 0-41; REP: 52-1)",senate_1998.csv,
1998,Senate,105,2,8,S.,1301,S1301-105,Minimum Wage,motion to table,1998-09-22,Agreed to,55,44,N,Y=Wrong; N=Right,576,https://voteview.com/rollcall/RS1050576,,15,"(S. 1301) While CEOs reap mega-bonuses for downsizing workers out of jobs and stock market high-rollers pocket astronomical profits, America’s minimum-wage workers struggle to get by in a booming economy. During the past 20 years, 80 percent of the income increase in the nation has gone to those already in the top 20 percent of wealth, and most of that has gone to the top 1 percent. The wage gap is so obvious that polls showed 80 percent of Americans support rasing the minimum wage. But the Senate, in a 55-44 near party-line vote Sept. 22, 1998, tabled a bankruptcy bill amendment by Sen. Ted Kennedy (D-Mass.) that would have boosted the minimum wage to $6.15 an hour by Jan. 1, 2000, in two 50-cent increases. Y=W, N=R (DEM: 2-42; REP: 53-2)",senate_1998.csv,
1999,Senate,106,1,1,S.,280,S280-106,Education,motion to table,1999-03-11,Agreed to,55,44,N,Y=Wrong; N=Right,41,https://voteview.com/rollcall/RS1060041,"date: the card prints March 3, 1999; Voteview roll 41 - the roll call its own grid points at, clerk 41 - is 11 March 1999. The card's printed tally of 55-44 matches roll 41 and not 3 March's only motion to table S. 280, roll 30, which is 55-42 on an amendment to preserve title I accountability rather than the Murray class-size amendment this record describes. Note the corrected key is not unique - rolls 41, 43 and 44 are all 55-44 motions to table S. 280 that day - and what separates them is the printed roll number together with roll 41's own description, ""To reduce class size, and for other purposes.""",14,"(S. 280) Overcrowded schools make it difficult for teachers to teach and students to learn. Studies show that smaller class sizes help improve student achievement. President Clinton proposed a class size reduction program centering on the hiring of 100,000 new teachers over six years. Sen. Patty Murray (D-Wash.) offered an amendment to S. 280 that would have helped reduce class sizes across the country, by authorizing funds to help local school districts recruit, hire and train those 100,000 new teachers. But the Senate failed to act when it tabled the measure in a 55-44 vote March 3, 1999. Y=W N=R (DEM: 0-44; REP: 55-0)",senate_1999.csv,
1999,Senate,106,1,2,S.Con.Res.,20,SCONRES20-106,Social Security / Medicare,motion,1999-03-24,Rejected,45,54,Y,Y=Right; N=Wrong,61,https://voteview.com/rollcall/RS1060061,"match not forced by the (date, tally) key: rolls 59 and 61 are both 45-54 on 24 March 1999 and Voteview describes them in identical words. The grid's printed record vote number, 061, is the only thing that separates them. Date, tally, result and position are the same either way; only voteview_rollnumber and voteview_url turn on the choice",14,"(S. CON. RES. 20) The nation’s growing budget surplus provided a great opportunity for Congress to pass legislation to strengthen Social Security and Medicare and add prescription drug coverage to Medicare. During consideration of the Senate’s FY 2000 budget resolution, the Senate rejected an amendment by Sen. Kent Conrad (D- N.D.) that would have saved the budget surplus to extend the solvency of the Social Security and Medicare trust funds. The measure failed 45-54 March 24, 1999. Y=R N=W (DEM: 45-0; REP: 0-54)",senate_1999.csv,
1999,Senate,106,1,3,H.R.,975,HR975-106,Trade / Steel,cloture,1999-06-22,Rejected,42,57,Y,Y=Right; N=Wrong,178,https://voteview.com/rollcall/RS1060178,,14,"(H.R. 975) As a result of a depressed world steel market, foreign steel producers began illegally dumping steel in the United States. In 1998, imports jumped 33 percent and some 10,000 steelworkers lost their jobs. The House overwhelmingly passed a bipartisan bill that called for the reduction in steel imports, established tougher import monitoring and imposed limits that returned foreign steel imports to 1997 levels. But Senate opponents filibustered against even considering the bill and the bill’s backers, by a 42-57 vote June 22, 1999, could not overcome the filibuster. Y=R N=W (DEM: 27-18; REP: 15-39)",senate_1999.csv,
1999,Senate,106,1,4,S.,1344,S1344-106,Patients’ Bill of Rights,passage,1999-07-15,Passed,53,47,N,Y=Wrong; N=Right,210,https://voteview.com/rollcall/RS1060210,"match not forced by the (date, tally) key: roll 206 is also 53-47 on 15 July 1999 and also on S. 1344. The record's own prose separates them - it says the Senate ""passed"" the bill, and roll 210 is On Passage of the Bill where roll 206 is On the Amendment - and the grid's printed record vote number, 210, confirms it",14,"(S. 1344) In a major grassroots campaign, working families called for a strong Patients’ Bill of Rights. The real Patients’ Bill of Rights ensures the right to have treatment decisions made by doctors and not insurance company bureaucrats, to see specialists when needed, to get emergency room care when and where needed, to appeal health care decisions and to hold managed care companies accountable when they wrongly deny patients care. But the Senate passed a managed care bill that excluded more than 100 million Americans, gave health plans the final say on medical treatment decisions and lacked important comprehensive patient protections such as patient advocacy language, access to specialist and clinical trials, continuity of care and an adequate provider network. It passed 53-47, July 15, 1999. Y=W N=R (DEM: 0-45; REP: 53-2)",senate_1999.csv,
1999,Senate,106,1,5,S.,1429,S1429-106,Tax Cuts for the Wealthy,passage,1999-07-30,Passed,57,43,N,Y=Wrong; N=Right,247,https://voteview.com/rollcall/RS1060247,"party split: the card prints (DEM: 4-41; REP: 52-2); the member file gives REP 53-2, and the card's own tally of 57-43 needs 53 Republican yeas to reach 57 alongside its 4 Democrats. The printed split is kept in the description under rule 1; no stored column changes",14,"(S. 1429) Working families believed that the nation’s huge budget surplus should be used to strengthen Social Security and Medicare, add prescription drug coverage to Medicare and provide middle-class tax relief. Instead, the Senate passed S. 1429, which would have spent money essential to Medicare reform and a prescription drug benefit, given 76 percent of tax cut benefits to the wealthiest 20 percent of taxpayers, assumed devastating cuts in discretionary programs like education and cost $2 trillion in its second decade (2010-2019) just as baby boomers’ retirement would begin to strain Medicare and Social Security. The bill passed 57-43, July 30, 1999. After a House/Senate conference, the final version was vetoed by President Clinton. Y=W N=R (DEM: 4-41; REP: 52-2)",senate_1999.csv,
1999,Senate,106,1,6,S.,1650,S1650-106,NLRB / Funding,motion to table,1999-09-30,Agreed to,50,49,Y,Y=Right; N=Wrong,300,https://voteview.com/rollcall/RS1060300,"party split: the card prints (DEM: 45-01; REP: 5-48); the member file gives DEM 45-0, REP 5-49. Both readings of the irregular ""45-01"" fail - as 45-1 it sums to the printed 50-49 but puts a nay on a Democrat, and all 45 Democrats voting on roll 300 voted yea; as 45-0 it does not sum at all. The card moved one nay from the Republicans to the Democrats. The printed split is kept in the description under rule 1; no stored column changes",15,"(S. 1650) Big business and its congressional cronies have sought to gut important worker initiative programs such the Occupational Safety and Health Administration, the Fair Labor Standards Act and the National Labor Relations Board. In 1999, corporate allies went after the NLRB with an amendment that would have slashed funding by $25.5 million. The Senate passed a motion to table, or kill, the measure 50-49, Sept. 30, 1999. Y=R N=W (DEM: 45-01; REP: 5-48)",senate_1999.csv,
1999,Senate,106,1,7,S.,1650,S1650-106,Davis-Bacon— Prevailing Wage,motion to table,1999-10-07,Agreed to,59,40,Y,Y=Right; N=Wrong,320,https://voteview.com/rollcall/RS1060320,"For/Against marker: the card prints ""Y=R N=R"", which scores a nay both right and wrong. The grid's own ""Favorable Position"" row prints Y for this column, and Y is the only reading consistent with the record: the AFL-CIO wanted Sen. Smith's amendment limiting Davis-Bacon in disaster areas killed, and a yea on the motion to table is what killed it. aflcio_position is therefore Y and aflcio_label Y=Right; N=Wrong - the printed ""N=R"" is the typo. Separately, the printed party split of (DEM: 44-0; REP: 15-49) is impossible on its own terms - 15+49 exceeds the 55 Republicans voting - and the member file gives REP 15-40, which is the card's own 59-40 exactly",15,"(S. 1650) The Davis-Bacon Act ensures that workers on federal construction projects receive the local prevailing wage. This prevents contractors from slashing wages in order to win federal contracts with low-ball bids. During consideration of the FY 2000 Labor/Health and Human Services/Education appropriations bill, Sen. Bob Smith (R-N.H.) offered an amendment to prohibit applying Davis-Bacon in declared federal disaster areas. A motion to table the amendment passed 59-40, Oct. 7, 1999. Y=R N=R (DEM: 44-0; REP: 15-49)",senate_1999.csv,
1999,Senate,106,1,8,H.R.,434,HR434-106,Trade / Africa—Caribbean Basin Initiative,passage,1999-11-03,Passed,76,19,N,Y=Wrong; N=Right,353,https://voteview.com/rollcall/RS1060353,"tally 76-13 -> 76-19 per Voteview roll 353; the card's OWN party split, printed in the same sentence, is (DEM: 30-13; REP: 46-6) = 76 yeas and 19 nays, which is roll 353's figure and not the 13 printed beside it, so the record refutes its own tally and it is the nay count alone that is wrong",15,"(H.R. 434) Trade polices should include worker and environmental protections and provide economic benefits to workers. But H.R. 434, which the Senate amended to include Caribbean Basin Initiative nations, authorized a new trade and investment policy for sub-Sahara Africa without enforceable worker protections and extended NAFTA to CBI countries. It also allowed transshipments of foreign textiles and apparels through African countries, giving other nations the trade benefits intended for African nations. It also did nothing to address one of the major problems the sub-Saharan countries face, a crushing debt burden to developed nations. The Senate passed its version of H.R.434 76-13, Nov. 3, 1999.The bill was sent to conference and no further action was taken in 1999. Y=W N=R (DEM: 30-13; REP: 46-6)",senate_1999.csv,
1999,Senate,106,1,9,S.,625,S625-106,Minimum Wage,amendment,1999-11-09,Adopted,54,44,N,Y=Wrong; N=Right,357,https://voteview.com/rollcall/RS1060357,,15,"(S. 625) The national economy is stronger than it's been in a generation and unemployment is at a three-decade low, but today's minimum wage is too meager to keep even a small family out of poverty. Working families supported an amendment by Sen. Ted Kennedy (D-Mass.) that would have increased the minimum wage by $1 an hour over two years, to $5.65 an hour beginning Jan. 1, 2000, and $6.15 an hour beginning Jan. 1, 2001. Senate Republican leaders were able to defeat that amendment to bankruptcy legislation and instead approved an amendment to raise the minimum wage by $1 an hour over three years. But the amendment also included excessive tax breaks for the wealthy—worth more than $75.3 billion over 10 years. The amendment passed on a vote of 54-44, Nov. 9, 1999. Y=W N=R (DEM: 1-43; REP: 53-1)",senate_1999.csv,
2000,Senate,106,2,1,S.,1134,S1134-106,Education/Private School Vouchers,passage,2000-03-02,Passed,61,37,N,Y=Wrong; N=Right,407,https://voteview.com/rollcall/RS1060407,,18,"(S. 1134)—The Senate passed legislation that would have undermined public education by providing a generous tax benefit to our nation’s wealthiest families to help them pay for private elementary and secondary school expenses through education IRAs. The so-called Affordable Education Act passed 61–37 on March 2, 2000. Y=W; N=R. (DEM: 9–35; REP: 52–2)",senate_2000.csv,
2000,Senate,106,2,2,S.,2549,S2549-106,Health Care/Patients’ Bill of Rights,motion to table,2000-06-08,Agreed to,51,48,N,Y=Wrong; N=Right,495,https://voteview.com/rollcall/RS1060495,,18,"(S. 2549)—Since 1998, working families have called on Congress to pass a strong Patients’ Bill of Rights. We support legislation to ensure their rights to have treatment decisions made by doctors and not insurance company bureaucrats, to see specialists when needed, to get emergency room care when and where needed, to appeal health care decisions and to hold managed care companies accountable when they wrongly deny patients care. The House passed such a bill in 1999, but the Senate killed an amendment to the Defense Authorization Bill (S. 2549) that was the same as the House-passed Patients’ Bill of Rights. Like the House bill, the Senate amendment also required health plans to provide customers with such options as obstetrical and gynecological care for women and pediatricians as primary care providers for children. The amendment was killed 51–48 on June 8, 2000. Y=W; N=R. (DEM: 0–44; REP: 51–4)",senate_2000.csv,
2000,Senate,106,2,3,H.R.,4577,HR4577-106,Worker Safety/Ergonomics,amendment,2000-06-22,Adopted,57,41,N,Y=Wrong; N=Right,517,https://voteview.com/rollcall/RS1060517,,18,"(H.R. 4577)—In an effort to eliminate the nation’s No. 1 workplace health hazard—musculoskeletal injuries caused by poorly designed workplaces, repetitive motions and other ergonomic hazards on the job—workers and their unions long have supported the Occupational Safety and Health Administration’s effort to establish an ergonomics standard. Such a workplace ergonomics standard would reduce or prevent the musculoskeletal disorders—such as carpal tunnel syndrome, tendinitis and back injuries—that hit some 1.8 million workers a year. Because their injuries from workplace ergonomic hazards are so severe, more than 600,000 workers a year are forced to take time off from the job. But conservative Republicans and Big Business have opposed such standards for more than a decade. The Senate passed an amendment to the Labor/Health and Human Services/Education appropriations bill that would prohibit the use of funds in the bill to be used by OSHA to promulgate, issue, implement, administer or enforce any proposed, temporary or final ergonomics standard. The amendment passed 57–41 on June 22, 2000. Y=W; N=R. (DEM: 3–40; REP: 54–1)",senate_2000.csv,
2000,Senate,106,2,4,H.R.,4577,HR4577-106,Prescription Drugs,amendment,2000-06-22,Rejected,44,53,Y,Y=Right; N=Wrong,518,https://voteview.com/rollcall/RS1060518,,18,"(H.R. 4577)—Prescription drug prices are rising at twice the rate of inflation. Most at risk in the drug price free-for-all are seniors, because Medicare does not pay for outpatient prescription drugs. Siding with insurance companies and the pharmaceutical industry, the Senate—in a near party-line vote—rejected an amendment to the Labor/Health and Human Services/Education appropriations bill that would authorize a universal, voluntary and affordable prescription drug benefit in the Medicare program for seniors and the disabled. The amendment failed 44–53 on June 22, 2000. Y=R; N=W. (DEM: 42–1; REP: 2–52)",senate_2000.csv,
2000,Senate,106,2,5,H.R.,8,HR8-106,Estate Tax Repeal,passage,2000-07-14,Passed,59,39,N,Y=Wrong; N=Right,571,https://voteview.com/rollcall/RS1060571,,18,"(H.R. 8)—Instead of using the projected federal budget surpluses to strengthen Social Security and Medicare, and to add a prescription drug benefit to Medicare, the Senate passed a bill that would have used $105 billion of the non-Social Security surpluses over the next 10 years to repeal the estate tax. The bill would have benefited just the wealthiest 2 percent of the taxpayers, who are subject to the tax on very large estates. The AFL-CIO supports tax relief that is targeted to those who deserve it the most—the nation’s working families. The bill passed 59–39 on July 14, 2000. Y=W; N=R. (DEM: 9–35; REP: 50–4)",senate_2000.csv,
2000,Senate,106,2,6,H.R.,4444,HR4444-106,Trade/China Trade,passage,2000-09-19,Passed,83,15,N,Y=Wrong; N=Right,625,https://voteview.com/rollcall/RS1060625,,19,"(H.R. 4444)— The Senate passed a bill to give the People’s Republic of China permanent normal trade relations status. The bill solidifies China’s entry into the World Trade Organization and effectively eliminates the U.S. government’s ability to impose trade sanctions on China for human rights or workers’ rights violations. The bill passed by a vote of 83–15 on Sept. 19, 2000. Y=W; N=R. (DEM: 37–7; REP: 46–8)",senate_2000.csv,
2000,Senate,106,2,7,S.,2045,S2045-106,Immigration,motion,2000-09-27,Rejected,43,55,Y,Y=Right; N=Wrong,631,https://voteview.com/rollcall/RS1060631,"bill: the card's heading prints ""(S. 2912)"" and bill_number stores S. 2045, which is the measure Voteview roll 631 is on. The card is not wrong - the record's own prose says the vote was a motion to suspend Senate rules to allow S. 2912 to be considered as an amendment to S. 2045 during debate on S. 2045 - so the roll call belongs to S. 2045 and the subject of the motion is S. 2912. Noted rather than silently carried; no other stored column changes",19,"(S. 2912)—The Latino and Immigrant Fairness Act of 2000 would have given long-term Central American, Haitian and Eastern European refugees the same opportunity to apply for permanent residence as that already given to some other immigrant groups under similar circumstances. It also would have allowed certain immigrants who have lived, worked and paid taxes in the United States since 1986 to apply for legal permanent residence and would have allowed immigrants who qualify for a “green card” to obtain a visa without leaving the country. During debate on another immigration bill (S. 2045), a motion was made to suspend Senate rules to allow consideration of S. 2912 as an amendment to S. 2045. It was rejected 43–55 on Sept. 27, 2000. Y=R; N=W. (DEM: 43–1; REP: 0–54)",senate_2000.csv,
2000,Senate,106,2,8,S.,2045,S2045-106,Immigration/H-1B,passage,2000-10-03,Passed,96,1,N,Y=Wrong; N=Right,636,https://voteview.com/rollcall/RS1060636,,19,"(S. 2045)—Claiming a shortage of skilled U.S. workers, many high-tech companies use the H-1B visa program to import foreign workers, usually at lower wages than their U.S. counterparts would earn. The AFL-CIO supports expanded training to improve the skills of U.S. workers and recruiting more women and people of color into the high- tech job market. The AFL-CIO opposed S. 2045 because it increased the number of H-1B visas from 115,000 to 195,000 annually for three years created some program loopholes, and did not improve the design of the underlying program to better protect American workers. It passed the Senate 96–1 on Oct. 3, 2000. Y=W; N=R. (DEM: 42–1; REP: 54–0)",senate_2000.csv,
2001,Senate,107,1,1,,,,Ashcroft Attorney General Nomination,confirmation,2001-02-01,Passed,58,42,N,Y=Wrong; N=Right,8,https://voteview.com/rollcall/RS1070008,"date: the card prints Feb. 2, 2001; Voteview roll 8 - clerk 8, which the grid prints - is 1 February 2001. It is the Senate's only roll call on the Ashcroft nomination in the whole Congress, its 58-42 occurs once in the 2001 Senate, and the printed key (2 Feb, 58-42) matches no roll call in either direction",13,"President Bush nominated John Ashcroft to be U.S. attorney general. However, Ashcroft’s record as a U.S. senator and Missouri attorney general raised serious questions about his suitability to be the nation’s top law enforcement officer. Ashcroft’s controversial stands on civil rights, his opposition to a school desegregation plan in his home state and his Senate votes against women’s and workers’ rights lead the AFL-CIO, civil rights and women’s groups to oppose the nomination. Ashcroft was confirmed Feb. 2, 2001, by a 58–42 vote. Y=W; N=R (REP: 50–0; DEM: 8–42)",senate_2001.csv,
2001,Senate,107,1,2,S.J.Res.,6,SJRES6-107,Ergonomics,passage,2001-03-06,Passed,56,44,N,Y=Wrong; N=Right,15,https://voteview.com/rollcall/RS1070015,,13,"S.J. Res. 6—In November 2000, after more than a decade of struggle by workers and their unions demanding federal rules to prevent crippling repetitive stress injuries in the workplace, the Occupation Safety and Health Administration issued the nation’s first workplace ergonomics standard. But business and congressional allies, with the support of the newly installed Bush administration, renewed their decade-long fight against the standard. Using the Congressional Review Act (CRA) for the first time ever, the Senate overturned the ergonomics standard. It was the first time in OSHA’s 30-year history that Congress nullified one of its safety standards. The CRA “resolution of disapproval” vote not only eliminated the ergonomic standard, it also prohibited OSHA from issuing another similar rule unless Congress gives the agency specific permission to act. The measure passed on March 6, 2001, 56–44. Y=W; N=R (REP: 50–0; DEM: 6–44)",senate_2001.csv,
2001,Senate,107,1,3,S.,27,S27-107,Campaign Finance Reform/Paycheck Deception,motion to table,2001-03-21,Agreed to,69,31,Y,Y=Right; N=Wrong,43,https://voteview.com/rollcall/RS1070043,,13,"S. 27—During Senate consideration of campaign finance reform, Sen. Orrin Hatch (R-Utah) sought to silence working families and their unions in the political arena by offering a “paycheck deception” amendment to the bill. The amendment would have prohibited unions from collecting membership dues or fees from any union-represented employee who had not filled out a form authorizing the union’s political activities. Proponents of this amendment argued that it also would have forbidden corporations from spending their general treasury funds for political activities if they failed to get written authorization from their individual shareholders. But, in fact, it would have exempted 99.7 percent of all corporations because they are privately owned and have no shareholders to notify. Moreover, it would have allowed publicly held corporations to continue making the same amount of political expenditures simply by changing their internal accounting practices. Finally, this amendment also would have imposed burdensome reporting requirements on unions, but only very limited reporting requirements on corporations. A motion to table, which had the same effect as defeating the amendment, passed on March 21, 2001, by a 69–31 vote. Y=R; N=W (REP: 19–31; DEM: 50–0)",senate_2001.csv,
2001,Senate,107,1,4,H.Con.Res.,83,HCONRES83-107,Prescription Drugs,amendment,2001-04-03,Rejected,50,50,Y,Y=Right; N=Wrong,66,https://voteview.com/rollcall/RS1070066,"match not forced by the (date, tally) key: rolls 65 and 66 are both 50-50 on 3 April 2001 and both On the Amendment to H. Con. Res. 83 on a Medicare prescription drug benefit. The record's own prose separates them - it says ""The measure failed"", and roll 66 is Amendment Rejected where roll 65 is Amendment Agreed to on the Vice President's tie-break - and roll 66's description is the Baucus amendment this record describes. The grid's printed record vote number, 66, confirms it. Roll 65 is also the REVERSED-key rival, which the pipeline searches on every row and which here is the same roll, 50-50 being its own reverse",14,"H. Con. Res. 83—In an effort to provide a strong Medicare prescription drug benefit to seniors, Sen. Max Baucus (D-Mont.) offered an amendment to the fiscal year 2002 budget resolution conference report that included $311 billion over 10 years for a Medicare prescription drug benefit. The budget resolution, backed by Republicans and the Bush administration, offered inadequate funding for a Medicare prescription drug benefit. The amendment would have taken $158 billion that the resolution set aside for a tax cut mainly for the wealthy and increased the inadequate funds in the budget resolution for a Medicare prescription drug benefit program by the same amount. The measure failed April 3, 2001, by a 50–50 vote. Y=R; N=W (REP: 1–49: DEM: 49–1)",senate_2001.csv,
2001,Senate,107,1,5,H.Con.Res.,83,HCONRES83-107,Budget,conference report,2001-05-10,Adopted,53,47,N,Y=Wrong; N=Right,98,https://voteview.com/rollcall/RS1070098,,14,"H. Con. Res. 83— The fiscal year 2002 budget resolution called for spending $1.65 trillion of projected budget surpluses in fiscal years 2001–2011 to pay for tax cuts that primarily would benefit the wealthy. It weakened Social Security and Medicare, earmarked $600 billion of Social Security Trust Fund surpluses for such Social Security “reforms” as privatization and failed to make investments in such important working family areas as repairing and rebuilding the nation’s public schools and improving workplace health and safety. In all, the budget resolution contained spending cuts for important domestic programs of $5.5 billion in FY 2002 and $61.5 billion over the next 10 years. The resolution passed May 10, 2001, by a 53–47 vote. Y=W; N=R (REP: 48–2; DEM: 5–45)",senate_2001.csv,
2001,Senate,107,1,6,S.,1,S1-107,School Construction,amendment,2001-05-16,Rejected,49,50,Y,Y=Right; N=Wrong,108,https://voteview.com/rollcall/RS1070108,,14,"S. 1—Many of America’s schools are in serious need of repair and modernization. Students who attend class in dilapidated, hazardous and sometimes dangerous buildings have a difficult time learning. Many schools are not equipped to provide the high-tech education today’s students must have. During consideration of the Elementary and Secondary School Act, Sen. Tom Harkin (D-Iowa) offered an amendment to authorize $1.6 billion in fiscal year 2002 to help states and local school districts repair their most dilapidated public school buildings. The measure was defeated May 16, 2001, 49–50. Y=R; N=W (REP: 1–49; DEM: 48–1)",senate_2001.csv,
2001,Senate,107,1,7,H.R.,1836,HR1836-107,Tax Reconciliation/Millionaire Tax,conference report,2001-05-26,Adopted,58,33,N,Y=Wrong; N=Right,170,https://voteview.com/rollcall/RS1070170,,14,"Conference Report on H.R. 1836—President Bush’s millionaire tax cut received its final Senate approval with the passage of the conference report on the fiscal year 2002 tax reconciliation bill. The legislation uses $1.74 trillion of the projected budget surpluses over the next 10 years to pay for tax cuts that would primarily benefit the wealthy ($1.35 trillion for the tax cuts themselves and $390 billion for additional interest payments on the federal debt that these tax cuts would require). According to Citizens for Tax Justice, more than 38 percent of the tax cut benefits will go to the wealthiest 1 percent of taxpayers, who make $373,000 or more annually. Spending most of the projected budget surpluses to pay for tax cuts makes it virtually impossible for future sessions of Congress to strengthen Social Security and Medicare, add a prescription drug benefit to Medicare and make needed investments in education and health care. This legislation, however, did improve Section 415 of the tax code to fix retirement rules capping multiemployer plan benefits. The conference report was approved May 26, 2001, in a 58–33 vote. Y=W; N=R (REP: 46–2; DEM: 12–31)",senate_2001.csv,
2001,Senate,107,1,8,S.,1,S1-107,School Vouchers,amendment,2001-06-12,Rejected,41,58,N,Y=Wrong; N=Right,179,https://voteview.com/rollcall/RS1070179,,15,"S. 1—Private school vouchers use taxpayers’ money—which could be used to improve public schools—to pay for private and religious school tuition. Private schools, unlike public schools, which are open to all students, can exclude students for several reasons. During the debate on the Elementary and Secondary School Act, S. 1, Sen. Judd Gregg (R-N.H.) offered an amendment that would have created a demonstration program to allow three states and 10 school districts to use federal funds to pay for private school expenses. The measure was defeated June 12, 2001, 41–58. Y=W; N=R (REP: 38–11; DEM: 3–46; I: 0–1)",senate_2001.csv,
2001,Senate,107,1,9,S.,1052,S1052-107,Patients’ Bill of Rights,passage,2001-06-29,Passed,59,36,Y,Y=Right; N=Wrong,220,https://voteview.com/rollcall/RS1070220,"the printed key forces roll 220 outright; the note is for the REVERSED key, which the pipeline also searches and which matches roll 219 of the same day (36-59 on S. 1052, the complete substitute to the Patients' Bill of Rights). Voteview separates them: the record describes the bill passing, which is roll 220, On Passage of the Bill, where roll 219 is a rejected substitute amendment - and the grid's printed record vote number 220 gives the same roll",15,"S. 1052—Quality, affordable and accessible health care should be available to all working families. The Patients’ Bill of Rights the Senate considered guarantees access to specialty and emergency room care and allows patients to appeal coverage and treatment decisions by their health plan to an independent panel. It also allows patients to sue their health insurer if they suffer harm. The bill would not allow lawsuits against multiemployer (Taft-Hartley) health plans over nonmedical decisions. The bill passed on June 29, 2001, 59–36. Y=R; N=W (REP 9–35; DEM: 50–0; I: 0–1)",senate_2001.csv,
2001,Senate,107,1,10,H.R.,2299,HR2299-107,NAFTA—Truck Safety,cloture,2001-07-26,Agreed to,70,30,Y,Y=Right; N=Wrong,252,https://voteview.com/rollcall/RS1070252,,15,"H.R. 2299—President Bush, citing provisions of the North American Free Trade Agreement, proposed to open U.S. roads and highways to Mexican trucks beyond the limited border zone in which they have been allowed to operate. However, those trucks are not held to the same safety standards as U.S. trucks under federal standards. Border inspections revealed that almost half of these Mexican trucks had serious safety violations. An amendment to the Department of Transportation spending bill that would prohibit trucks and buses from Mexico from operating in the United States beyond the current zone was passed July 26, 2001, in a 70–30 vote. Y=R; N=W (REP: 19–30; DEM: 50–0; I: 1–0)",senate_2001.csv,
2001,Senate,107,1,11,S.,1438,S1438-107,Prison Labor,motion to table,2001-09-25,Agreed to,74,24,Y,Y=Right; N=Wrong,287,https://voteview.com/rollcall/RS1070287,,15,"S. 1438—The Federal Prison Industry Program was established in 1934 to provide a small range of products the private sector was not producing for federal government agencies and to help inmates gain some job skills. But today, with 21,000 inmates in 100 factories and sales of products and services of $566.2 million annually, FPI ranks 36th among the top 100 government contractors. Private-sector companies are not allowed to compete with FPI; in fact, under current law, federal agencies actually must obtain FPI’s permission to even solicit competing offers from private firms. S. 1438 would allow private firms to compete for Defense Department contracts currently limited to FPI. It also would provide additional vocational and educational opportunities for inmates. A motion to kill the amendment to eliminate the private-sector competition provisions of the bill passed Sept. 25, 2001, in a 74–24 vote. Y=R; N=W (REP: 30–19; DEM: 44–4; I: 0–1)",senate_2001.csv,
2001,Senate,107,1,12,S.,1447,S1447-107,Aviation Worker Relief,cloture,2001-10-11,Rejected,56,44,Y,Y=Right; N=Wrong,293,https://voteview.com/rollcall/RS1070293,,16,"S. 1447—Tens of thousands of aviation industry workers were laid off because of the economic impact of the Sept. 11 terrorist attacks on the United States. The aviation security bill introduced in the Senate contained $15 billion in loans and loan guarantees for the airlines but failed to provide any assistance to those workers. Sen. Jean Carnahan (D-Mo.) offered an amendment that would have provided unemployment, job-training and health benefits to displaced workers. However, Republican leaders and most Republican senators opposed the amendment and mounted a filibuster against it. A motion to end the filibuster and vote on the Carnahan amendment failed on Oct. 11, 2001, 56–44. Y=R; N=W (REP: 5–44; DEM: 50–0; I: 1–0)",senate_2001.csv,
2001,Senate,107,1,13,H.R.,3061,HR3061-107,Workers’ Rights,amendment,2001-11-01,Rejected,40,59,N,Y=Wrong; N=Right,318,https://voteview.com/rollcall/RS1070318,,16,"H.R. 3061—Under the National Labor Relations Act, if employers allow organizations, including charities, to distribute materials to or solicit contributions from employees and customers on their sites, they must provide the same access to labor unions. During debate on the fiscal year 2002 Labor, Health and Human Services and Education spending bill, anti-union senators offered an amendment that would have allowed employers to unfairly restrict the free speech rights of labor unions by allowing charitable organizations, but not unions, to access worksites. Although proponents of this amendment argued that employers needed it to be able to allow charities to solicit funds for the victims of the Sept. 11 attacks, employers can do this now under current law. Thus, the proponents of this amendment were simply trying to use the Sept. 11 terrorist attacks to discriminate against labor unions. The amendment was rejected Nov. 1, 2001, 40–59. Y=W; N=R (REP: 39–9; DEM: 1–49; I: 0–1)",senate_2001.csv,
2001,Senate,107,1,14,H.R.,3061,HR3061-107,Collective Bargaining,cloture,2001-11-06,Rejected,56,44,Y,Y=Right; N=Wrong,323,https://voteview.com/rollcall/RS1070323,,16,"H.R. 3061—While the nation recognized the Sept. 11 heroism of public safety officers—firefighters, police officers and emergency medical professionals—some senators refused to fully recognize the officers’ rights. An amendment to the fiscal year 2002 Labor, Health and Human Services and Education spending bill to provide collective bargaining rights for firefighters, police and other public safety officers employed by state and local municipalities was met with a filibuster. Public safety officers in 32 states already have collective bargaining rights, which the bill would have extended to the remaining 18 states. The motion to end the filibuster and vote on the amendment failed on Nov. 6, 2001, 56–44. Sixty votes are needed to end a filibuster. Y=R; N=W (REP: 7–42; DEM: 48–2; I: 1–0)",senate_2001.csv,
2001,Senate,107,1,15,H.R.,3090,HR3090-107,Economic Stimulus,motion,2001-11-14,Rejected,51,47,Y,Y=Right; N=Wrong,337,https://voteview.com/rollcall/RS1070337,"match not forced by the (date, tally) key, and nothing but the grid decides it: rolls 337 and 338 are both 51-47 on 14 Nov 2001, both On the Motion on H.R. 3090, both Motion Rejected, and Voteview describes them in identical words (""To provide a substitute amendment.""). The roster cannot separate them either - all 100 senators cast identically on the two rolls, so method step 12 fails here as it does for 1989 Senate 9 and 1992 Senate 8; the only difference in the member file is the President's recorded-position row. The grid's printed record vote number, 337, is the only evidence there is. Date, tally, result, party split and position are the same either way; only voteview_rollnumber and voteview_url turn on the choice",16,"H.R. 3090—The economic aftershocks of the Sept. 11 terrorist attacks on the United States, combined with the Bush recession, resulted in the lay-offs of hundreds of thousands of workers. The AFL-CIO and other working family advocates backed an economic stimulus plan to extend, expand and improve unemployment insurance benefits to help families make up for lost income; to help laid-off workers maintain or acquire health insurance; to provide funds to enable state unemployment systems to meet the surge in claims; and to provide help to the business community. However, the Bush administration and Republican leaders insisted on a stimulus package made up mostly of huge tax breaks for corporations and the wealthy and few benefits for jobless workers. Sen. Max Baucus (D-Mont.) offered legislation to provide approximately $73 billion for economic stimulus measures in fiscal year 2002, including $14 billion for refund checks to taxpayers who did not receive refunds during the summer of 2001. It also would provide $31 billion for unemployment and health care benefits for displaced workers. It called for $15 billion over 10 years for homeland security, including measures to combat bioterrorism, enhance law enforcement and protect postal operations. Before the bill could come to a vote, Senate budget rules would have had to be waived, which requires 60 votes. The motion to waive the rules failed on Nov. 14, 2001, 51–47. Y=R; N=W (REP: 0–47; DEM: 50–0; I: 1–0)",senate_2001.csv,
2001,Senate,107,1,16,H.R.,10,HR10-107,Railway Retirement,passage,2001-12-05,Passed,90,9,Y,Y=Right; N=Wrong,351,https://voteview.com/rollcall/RS1070351,"date: the card prints Dec. 12, 2001; Voteview roll 351 - clerk 351, which the grid prints - is 5 December 2001. Its 90-9 occurs once in the 2001 Senate, the printed key (12 Dec, 90-9) matches no roll call in either direction, and the Senate's only two roll calls of 12 December are motions to table S. 1731 at 70-30 and 71-29",17,"H.R. 10—Rail workers and their unions backed legislation to boost the value of their pension fund assets. The legislation would increase benefits for retired railroad workers and their spouses and survivors. It also would create a railroad retirement board with authority to invest the pension system’s $15.3 billion in Treasury bonds in higher-yielding private equities. The bill passed on Dec. 12, 2001, 90–9. Y=R; N=W (REP: 40–9; DEM: 49–0; I: 1–0)",senate_2001.csv,
2002,Senate,107,2,1,H.R.,622,HR622-107,Economic Stimulus,cloture,2002-02-06,Rejected,56,39,Y,Y=Right; N=Wrong,393,https://voteview.com/rollcall/RS1070393,,15,"H.R. 622—With unemployment climbing and the economy suffering from the aftershock of Sept. 11, 2001, and the Bush recession, Senate Democrats offered an economic stimulus plan to extend unemployment benefits to laid-off workers for 13 weeks, provide $300 tax rebates to mostly low-income taxpayers who did not receive earlier rebates, cut taxes for businesses that purchased equipment in 2002 and provide $5 billion in Medicaid assistance to states. Republicans filibustered the measure and a vote to end the filibuster, which required 60 votes, failed Feb. 6, 2002, 56–39: Y=R; N=W (R: 7–38; D: 49–1; I: 0–0)",senate_2002.csv,
2002,Senate,107,2,2,H.R.,3009,HR3009-107,Fast Track Trade /Workers’ Rights,motion to table,2002-05-16,Agreed to,52,46,N,Y=Wrong; N=Right,495,https://voteview.com/rollcall/RS1070495,,15,"H.R. 3009—Sen. Christopher Dodd (D-Conn.) offered an amendment to Fast Track trade authority legislation to require U.S. trade negotiators, in future trade agreements, to seek workers’ rights standards and enforcement provisions that would equal those negotiated in the U.S.–Jordan Free Trade Agreement. That agreement, negotiated under the Clinton administration, contained meaningful enforceable workers’ rights provisions. Fast Track allows the president to submit trade agreements to Congress for an up or down vote without being subject to amendments or changes. The motion to kill the amendment passed May 16, 2002, 52–46. Y=W; N=R (R: 47–0; D: 5–45; I: 0–1)",senate_2002.csv,
2002,Senate,107,2,3,H.R.,3009,HR3009-107,Fast Track/Steel Retiree Health Care,cloture,2002-05-21,Rejected,56,40,Y,Y=Right; N=Wrong,497,https://voteview.com/rollcall/RS1070497,,15,"H.R. 3009—By May 2002, nearly 125,000 steel industry retirees had lost their health insurance because their companies went bankrupt due to unfair imports. Sens. Jay Rockefeller (D-W.V.), Barbara Mikulski (D-Md.) and Paul Wellstone (D-Minn.) offered an amendment to the Fast Track trade legislation to provide temporary health insurance assistance to retirees of bankrupt steel companies. The motion to end the filibuster against the amendment, which required 60 votes, failed May 21, 2002, 56–40: Y=R; N=W (R: 7–39; D: 48–1; I: 1–0).",senate_2002.csv,
2002,Senate,107,2,4,H.R.,8,HR8-107,Estate Tax Permanent Repeal,motion,2002-06-12,Rejected,54,44,N,Y=Wrong; N=Right,531,https://voteview.com/rollcall/RS1070531,"the printed key forces roll 531 outright; the note is for the REVERSED key, which the pipeline also searches and which matches roll 529 of the same day (44-54 on H.R. 8). Voteview separates them: roll 531 is the motion this record describes, rejected 54-44 for want of the 60 votes a Budget Act waiver needs, and the grid's printed record vote number 151 gives the same roll",15,"H.R. 8—Senate Republicans attempted to make permanent the temporary repeal of the federal estate, gift and generation-skipping taxes that were part of the Bush administration’s massive millionaire tax cut. These taxes are three of the most progressive taxes in the internal revenue code. Eliminating the estate tax would cost taxpayers $840 billion over the next 20 years and would benefit the estates of fewer than 2 percent of all taxpayers. The amendment was defeated when the motion to waive the Congressional Budget Act—which requires 60 votes—failed on June 12, 2002, 54–44: Y=W; N=R (R: 45–2; D: 9–41; I: 0–1)",senate_2002.csv,
2002,Senate,107,2,5,S.,2514,S2514-107,Federal Contracting,motion to table,2002-06-25,Agreed to,50,49,N,Y=Wrong; N=Right,542,https://voteview.com/rollcall/RS1070542,,16,"S. 2514—The Bush administration supports privatizing much of the federal workforce. During debate on the Department of Defense authorization bill Sen. Ted Kennedy (D-Mass.) offered an amendment to limit contracting out of Defense Department civilian jobs. The Kennedy amendment also required the Defense Department to track the cost and size of its contractor workforce with the same methodology currently used by the Department of the Army. The motion to kill the amendment passed June 25, 2002, 50–49. Y=W; N=R (R: 48–0; D: 2–48; I: 0–1) .",senate_2002.csv,
2002,Senate,107,2,6,S.,2673,S2673-107,Union Reporting Rules,motion to table,2002-07-10,Agreed to,55,43,Y,Y=Right; N=Wrong,548,https://voteview.com/rollcall/RS1070548,,16,"S. 2673—As part of their attack on unions, anti-worker senators offered an amendment to corporate accountability legislation to impose new and onerous red tape and reporting and accounting regulations on unions. Labor organizations already are subject to reporting requirements under the Labor Management Reporting and Disclosure Act (LMRDA) that are far more burdensome than employer requirements under SEC rules. The annual cost of compliance with this amendment—offered by Sen. Mitch McConnell (R-Ky.)—would exceed the total annual receipts of many affected unions. The motion to kill the amendment passed July 10, 2002, 55–43 Y=R; N=W (R: 4–43; D: 50–0; I 1–0).",senate_2002.csv,
2002,Senate,107,2,7,S.,2673,S2673-107,Corporate Acountability,passage,2002-07-15,Passed,97,0,Y,Y=Right; N=Wrong,556,https://voteview.com/rollcall/RS1070556,"match not forced by the (date, tally) key: rolls 554, 555 and 556 are all 97-0 on 15 July 2002 and all on S. 2673. The record's own prose separates them - it says ""The bill passed"", and roll 556 is On Passage of the Bill where 554 and 555 are both On the Amendment - and the grid's printed record vote number, 176, gives roll 556 outright",16,"S. 2673—The collapse of Enron, WorldCom and other corporate giants robbed millions of workers of their retirement security, revealed corporate scandals and exposed failures of laws that govern corporations. The Senate took up a bill that creates an oversight board for auditors with power to set auditing rules, inspect accounting firms and discipline wrongdoers. The bill also restricts auditors from doubling as consultants to the same companies, requires companies to electronically disclose insider stock sales within two days, increases prison terms for securities and accounting fraud and the destruction of audit documents, extends the statute of limitations for victims’ lawsuits and boosts the resources of the Securities and Exchange Commission. The bill passed July 15, 2002, 97–0. Y=R; N=W (R: 46–0; D: 50–0; I: 1–0)",senate_2002.csv,
2002,Senate,107,2,8,S.,812,S812-107,Prescription Drugs,motion,2002-07-23,Rejected,52,47,Y,Y=Right; N=Wrong,566,https://voteview.com/rollcall/RS1070566,,16,"S. 812—Skyrocketing costs for prescription drugs have forced millions of seniors to choose whether to buy needed medicine, pay their rent or mortgage or buy groceries. Others have been forced to travel to Canada where the same drugs are much less expensive or to cut their prescribed doses in an effort to stretch their medicines. During debate on drug patent legislation (S. 812), Sen. Robert Graham (D-Fla.) offered an amendment to establish a new voluntary prescription drug benefit for Medicare beneficiaries (S. 2625). For a monthly premium of $25, beneficiaries could purchase generic drugs for $10 and brand name drugs for $40. Out-of-pocket expenses would be capped at $4,000, at which point Medicare would pay 100 percent of drug costs. The benefit would be provided through Medicare. The amendment also called for financial relief to employers that continue their retiree coverage for Medicare beneficiaries. The amendment was defeated when a motion to waive the Congressional Budget Act, which requires 60 votes, failed July 23, 2002, 52–47. Y=R; N=W (R: 1–47; D: 50–0; I: 1–0)",senate_2002.csv,
2002,Senate,107,2,9,S.,812,S812-107,Financial Assistance to States,motion,2002-07-25,Agreed to,75,24,Y,Y=Right; N=Wrong,570,https://voteview.com/rollcall/RS1070570,,16,"S. 812—The faltering economy, the Bush recession and cutbacks in federal assistance have left states struggling to meet important obligations. An amendment to drug patent legislation provided states with $6 billion in temporary assistance through an increase in the Federal Medical Assistance Percentage program. It also provided $3 billion in fiscal-relief grants that could be used for social service programs in which many union members work. The amendment passed July 25, 2002, 75–24. Y=R; N=W (R: 27–21; D: 47–3; I: 1–0)",senate_2002.csv,
2002,Senate,107,2,10,H.R.,3009,HR3009-107,Fast Track Trade,conference report,2002-08-01,Adopted,64,34,N,Y=Wrong; N=Right,587,https://voteview.com/rollcall/RS1070587,,17,"H.R. 3009—The conference report on Fast Track trade authority contained weak and flawed provisions on workers’ rights and environmental protections, essentially ruling out enforceable standards in future Fast Track trade agreements. Fast Track allows the president to submit trade agreements to Congress for an up or down vote without being subject to amendments or changes. The conference report passed Aug. 1, 2002, 64–34. Y=W; N=R (R: 43–5; D: 20–29; I: 1–0)",senate_2002.csv,
2002,Senate,107,2,11,H.R.,5005,HR5005-107,Homeland Security/Workers’ Rights,cloture,2002-09-26,Rejected,50,49,Y,Y=Right; N=Wrong,606,https://voteview.com/rollcall/RS1070606,,17,"HR. 5005—As part of his homeland security proposal, President George W. Bush insisted on the right to deny collective bargaining and civil service rights to the workers slated to become part of the new government department. He threatened to veto any legislation that did not grant him the power to strip worker of their collective bargaining and civil service rights. The Senate failed to end a Republican-led filibuster against an amendment to the homeland security bill that would have protected those rights for workers transferred into the new department. Sixty votes are required to end a filibuster and the motion failed Sept. 26, 2002, 50–49. Y=R; N=W (R:1–48; D: 48–1; I: 1–0)",senate_2002.csv,
2002,Senate,107,2,12,H.R.,3295,HR3295-107,Election Reform,conference report,2002-10-16,Adopted,92,2,Y,Y=Right; N=Wrong,618,https://voteview.com/rollcall/RS1070618,,17,"H.R 3295—The Help America Vote Act overhauls our nation’s election system by creating minimum national standards for voting machines, provisional ballots and statewide voter registration lists. The conference report passed Oct. 16, 2002, 92–2: Y=R; N=W (R: 44–0; D: 47–2; I: 1–0)",senate_2002.csv,
2002,Senate,107,2,13,,,,Judicial Confirmation/ Dennis Shedd,confirmation,2002-11-19,Passed,55,44,N,Y=Wrong; N=Right,630,https://voteview.com/rollcall/RS1070630,,17,"President Bush nominated Dennis W. Shedd of South Carolina to be a judge on the Fourth Circuit of the U.S. Court of Appeals. Shedd’s record showed an aggressive use of judicial authority, skepticism about congressional power and protective views of state sovereignty. His unusually consistent use of procedures such as the summary judgment provision to end lawsuits before they reach trial juries suggested a disturbing anti-plaintiff pattern and a distinctly skeptical approach to federal civil rights claims. He was confirmed Nov. 19, 2002, 55–44 Y=W; N=R (R: 48–0; D: 7–42; I: 0–2)",senate_2002.csv,
2003,Senate,108,1,1,,,,Estrada Nomination,cloture,2003-03-06,Rejected,55,44,N,Y=Wrong; N=Right,40,https://voteview.com/rollcall/RS1080040,,16,"Cloture—Miguel Estrada is one of many individuals President George W. Bush nominated to the federal appellate courts who have extremely troubling records on workers’ rights, civil rights and the environment. The ultraconservative Estrada, who has never served as a judge on any level, was nominated for a seat on the U.S. Court of Appeals for the District of Columbia Circuit. Opponents of Estrada’s nomination began a filibuster after he refused to answer Senate questions about his judicial philosophy and the White House refused to release legal documents Estrada wrote while working at the U.S. Department of Justice. The Republican leaders’ cloture motion to end debate on Estrada, which needed 60 votes to pass, failed March 6, 2003, 55–44: Y=W; N=R (R: 51–0; D: 4–43; I: 0–1) Note: After seven failed cloture votes, Estrada withdrew his nomination Sept. 4, 2003.",senate_2003.csv,
2003,Senate,108,1,2,S.Con.Res.,23,SCONRES23-108,Amtrak,amendment,2003-03-21,Adopted,51,49,Y,Y=Right; N=Wrong,77,https://voteview.com/rollcall/RS1080077,"the printed key forces roll 77 outright; the note is for the REVERSED key, which the pipeline also searches and which matches roll 74 of the same day (49-51 on S. Con. Res. 23). Voteview separates them: roll 77 is the Amtrak funding amendment this record describes and roll 74 is a veterans' discretionary funding amendment, and the grid's printed record vote number, 77, gives the same roll",16,"S. Con. Res. 23—Amtrak, the nation’s passenger rail line, carries millions of passengers each year and employs more than 20,000 workers. For fiscal year (FY) 2004, Amtrak estimated it needed $1.8 billion to avoid service cuts, layoffs and the elimination of many key passenger routes. But the Bush administration’s FY 2004 budget request for Amtrak was just half the funding needed. A bipartisan amendment to a Senate budget resolution by Sens. Robert Byrd (D-W.Va.), Frank Lautenberg (D-N.J.) and Arlen Specter (R-Pa.) increased funding for Amtrak by $912 million to $1.8 billion. The amendment passed March 21, 2003, 51–49: Y=R; N=W (R: 3–48; D: 47–1; I: 1–0)",senate_2003.csv,
2003,Senate,108,1,3,S.Con.Res.,23,SCONRES23-108,Tax Cuts,amendment,2003-03-25,Adopted,51,48,Y,Y=Right; N=Wrong,93,https://voteview.com/rollcall/RS1080093,"match not forced by the (date, tally) key, and the party split does not force it either: rolls 93 and 102 are both 51-48 on 25 Mar 2003, both ""Amendment Agreed to"" on S. Con. Res. 23, and both split R 3-48, D 47-0, I 1-0. Only Voteview's own description separates them - roll 93 redirects money ""into a reserve fund to strengthen the Social Security trust funds"", roll 102 restores ""funding for programs under the Workforce Investment Act of 1998"" - and this record is headed TAX CUTS and describes an amendment allocating ""$120 billion toward a new Social Security reserve account"". The grid's printed record vote number, 93, gives the same roll independently. The REVERSED key, which the pipeline also searches, matches rolls 85, 86, 87 and 94 of the same day - an artefact of a budget resolution's long run of near-tied amendment votes, and none of them is on this record's subject",16,"S. Con. Res. 23—President Bush proposed some $726 billion in tax cuts and restructuring aimed primarily at the wealthy in his FY 2004 budget proposal. The Senate budget resolution mostly mirrored Bush’s tax cut plan. Senate Democrats offered an amendment that would reduce tax cuts in the resolution to $350 billion and allocate $120 billion toward a new Social Security reserve account, with the remainder going toward deficit reduction. The amendment was adopted March 25, 2003, 51–48: Y=R; N=W (R: 3–48; D: 47–0; I: 1–0)",senate_2003.csv,
2003,Senate,108,1,4,H.Con.Res.,95,HCONRES95-108,Budget/Conference Report,conference report,2003-04-11,Adopted,50,50,N,Y=Wrong; N=Right,134,https://voteview.com/rollcall/RS1080134,"tally: the card prints 51-50 and Voteview records 50-50. Both are right and neither is an error - the vote was a 50-50 tie and Vice President Cheney, as president of the Senate, cast the deciding vote, which the record's own prose says outright (""Following a 50-50 tie vote, Vice President Dick Cheney ... cast the deciding vote""). Voteview counts senators only, and the card's own party split - R 49-2, D 1-47, I 0-1 - sums to 50-50, so the card is giving the tally including the VP. This is 1986 Senate 11's case exactly. yea_total and nay_total follow Voteview per the schema",16,"H. Con. Res. 95—The final version of the FY 2004 budget resolution dropped the Senate’s reduction of President Bush’s tax cut for the wealthy and slashed domestic programs by more than $500 billion to make room for Bush’s $726 billion tax cut (including $364 billion for the corporate dividend tax cut). The budget resolution cut funding for all nondefense programs (including all education, job training and health care programs) by $244 billion over the next 10 years and cut an additional $265 billion in mandatory spending for Medicaid, veteran’s benefits and pensions and benefits for federal employees and railroad employees. The resolution included no funds to help states address their financial crises and inadequate funds for infrastructure investments that can create jobs by rebuilding roads, bridges, schools and water, sewer and transportation systems. Following a 50–50 tie vote, Vice President Dick Cheney, as president of the Senate, cast the deciding vote and the resolution was passed April 11, 2003, 51–50: Y=W; N=R (R: 49–2; D: 1–47; I: 0–1)",senate_2003.csv,
2003,Senate,108,1,5,S.,1054,S1054-108,Unemployment Insurance Benefits Extension,motion,2003-05-15,Rejected,50,49,Y,Y=Right; N=Wrong,152,https://voteview.com/rollcall/RS1080152,"the printed key forces roll 152 outright; the note is for the REVERSED key, which the pipeline also searches and which matches rolls 154 and 174 of the same day (49-50 on S. 1054). Voteview separates them: roll 152 is the Kennedy unemployment compensation motion this record describes, and the grid's printed record vote number, 152, gives the same roll",17,"S. 1054—In May 2003, the nation’s unemployment rate stood at 6 percent and some 10 million workers were jobless. More than 1 million long-term jobless workers were nearing the end of their state benefits. At the same time, the federal Temporary Extended Unemployment Compensation (TEUC) program was due to expire May 31. The program provides 13 weeks of federal unemployment insurance (UI) benefits to workers who exhaust their state UI benefits. Sen. Edward Kennedy (D-Mass.) offered an amendment to a tax cut bill that would have extended the expiring TEUC program for another six months, with an additional 13 weeks of benefits for workers who exhaust their federal benefits. The amendment also called for unemployment benefits for low-wage workers and workers seeking part-time employment. The amendment, which required 60 votes for passage, failed May 15, 2003, 50–49: Y=R; N=W (R: 2–48; D: 47–1; I: 1–0)",senate_2003.csv,
2003,Senate,108,1,6,S.,1050,S1050-108,Buy American,amendment,2003-05-21,Adopted,50,48,N,Y=Wrong; N=Right,191,https://voteview.com/rollcall/RS1080191,,17,"S. 1050—Buy American rules traditionally have required that most U.S. military equipment, defense systems and components be manufactured in the United States. An amendment to the FY 2004 U.S. Department of Defense authorization bill weakened the Buy American requirements. The amendment, offered by Sen. John McCain (R–Ariz.), exempted defense goods from six European countries from Buy American requirements. It passed May 21, 2003, 50–48: Y=W; N=R (R: 49–1; D: 1–46; I: 0–1)",senate_2003.csv,
2003,Senate,108,1,7,S.,1,S1-108,Medicare Prescription Drugs/Retirees,motion to table,2003-06-24,Agreed to,52,43,N,Y=Wrong; N=Right,233,https://voteview.com/rollcall/RS1080233,,17,"S.1—The Senate version of the Medicare prescription drug legislation penalizes seniors with employer-provided drug coverage, because the portions of their drug costs paid for by the coverage would not count toward meeting the various spending levels seniors must spend on prescription drugs before the Medicare drug benefits take effect. This trick definition of out-of-pocket costs would force most seniors and their employer-provided plans to pay more of the cost of prescription drugs before the Medicare coverage takes effect. The Congressional Budget Office estimated the bill’s definition of out-of-pocket expenses would prompt employers to drop retiree health benefits for 4.4 million seniors. Senate Democrats offered to expand the definition of out-of-pocket expenses in the bill to include payments made by employers for retiree drug coverage and other third-party coverage not already included in the bill. A motion to table (defeat) the amendment passed June 24, 2003, 52–43: Y=W; N=R (R: 49–0; D: 3–42; I: 0–1).",senate_2003.csv,
2003,Senate,108,1,8,H.R.,2739,HR2739-108,Trade: U.S.–Singapore,passage,2003-07-31,Passed,66,32,N,Y=Wrong; N=Right,318,https://voteview.com/rollcall/RS1080318,,17,"H.R. 2739—U.S. and international labor and human rights activists long have fought to include strong and enforceable workers’ rights standards, including the freedom of association, in trade agreements. The U.S.–Singapore Free Trade Agreement negotiated by the Bush administration did not include enforceable core labor standards. The agreement also contained a new temporary guest-worker program for professional workers entering the United States from Singapore. The bill passed July 31, 2003, 66–32: Y=W; N=R (R: 44–7; D: 22–24; I: 0–1)",senate_2003.csv,
2003,Senate,108,1,9,H.R.,2738,HR2738-108,Trade: U.S.–Chile,passage,2003-07-31,Passed,65,32,N,Y=Wrong; N=Right,319,https://voteview.com/rollcall/RS1080319,,17,"H.R. 2738—U.S. and international labor and human rights activists long have fought to include strong and enforceable workers’ rights standards, including the freedom of association, in trade agreements. The U.S.–Chile Free Trade Agreement negotiated by the Bush administration did not include enforceable core labor standards. The agreement also contained a new temporary guest-worker program for professional workers entering the United States from Chile. The bill passed July 31, 2003, 65–32: Y=W; N=R (R: 43–7; D: 22–24; I: 0–1)",senate_2003.csv,
2003,Senate,108,1,10,H.R.,2660,HR2660-108,Overtime,amendment,2003-09-10,Adopted,54,45,Y,Y=Right; N=Wrong,334,https://voteview.com/rollcall/RS1080334,,17,"H.R. 2660—In March 2003, the Bush administration announced a plan to make changes in the Fair Labor Standards Act that could eliminate overtime pay eligibility for 8 million or more workers. Sen. Tom Harkin (D-Iowa) offered an amendment to the FY Labor, Health and Human Services and Education appropriations bill to guarantee workers’ overtime pay eligibility by prohibiting the U.S. Department of Labor from using funds to promulgate or implement any regulation that would take away overtime protection from workers who currently qualify. The amendment passed on Sept. 10, 2003, 54–45: Y=R; N=W (R: 6–44; D: 47–1; I: 1–0)",senate_2003.csv,
2003,Senate,108,1,11,H.R.,2989,HR2989-108,Privatization,amendment,2003-10-23,Rejected,47,48,Y,Y=Right; N=Wrong,408,https://voteview.com/rollcall/RS1080408,"date: the card prints ""Sept. 23, 2003""; Voteview roll 408 - clerk 408, which the grid prints - is 23 OCTOBER 2003. The month is wrong and the day is right, which is 1992 Senate 9's shape. It is bounded rather than guessed: the Senate took no H.R. 2989 roll call of ANY kind before 23 October, so the printed date is impossible rather than merely unmatched; 47-48 occurs exactly twice in the whole 108th Senate and only roll 408 is on H.R. 2989; roll 408's party split is R 3-47, D 43-1, I 1-0, the card's printed figures exactly; and its description - ""To prohibit the use of funds for implementing the 2003 revision of Office of Management and Budget Circular A-76"" - is the pro-contractor privatization process the record describes. The printed key (23 Sept, 47-48) matches no roll call in either direction",18,"H .R. 2989—In 2002, the Bush administration announced plans to privatize and contract out more than 850,000 federal jobs. In May, the Office of Management and Budget announced new rules that gutted previous regulations designed to create a level playing field between private contractors seeking government work and the agencies and workers performing the work—and ensure taxpayer dollars are spent well. Senate Democrats offered an amendment to the FY 2004 Treasury, Transportation and Independent Agencies appropriations bill that would have blocked implementation of the new pro-contractor privatization process. The amendment failed Sept. 23, 2003, 47–48: Y=R; N=W (R: 3–47; D: 43–1; I: 1–0)",senate_2003.csv,
2003,Senate,108,1,12,H.R.,2115,HR2115-108,FAA Reauthorization/Cloture,cloture,2003-11-17,Rejected,45,43,N,Y=Wrong; N=Right,453,https://voteview.com/rollcall/RS1080453,,18,"H.R. 2115—In the summer of 2003, the Senate and the U.S. House of Representatives approved versions of the Federal Aviation Administration Reauthorization bill that contained provisions to guard against a Bush administration plan to privatize the nation’s air traffic control system. But those provisions were dropped in the Republican-dominated conference committee that merged the legislation. Along with allowing air traffic control privatization, the conference report included provisions that allowed foreign air cargo companies to raid U.S. domestic markets in violation of longstanding cabotage laws that govern foreign participation in the domestic airline market and gutted flight attendant anti-terrorism training requirements in defiance of a bipartisan mandate embodied initially in the Homeland Security Act of 2002. Senators opposed to the privatization scheme and the other provisions staged a filibuster against the bill. The cloture motion to limit debate and end the filibuster—which required 60 votes to pass—failed Nov. 17, 2003, 45–43: Y=W; N=R (R: 42–3; D: 3–39; I: 0–1)",senate_2003.csv,
2003,Senate,108,1,13,H.R.,1,HR1-108,Medicare Prescription Drugs/Point of Order,motion,2003-11-24,Agreed to,61,39,N,Y=Wrong; N=Right,458,https://voteview.com/rollcall/RS1080458,,18,"H R. 1—The final version of the Medicare prescription drug bill moved Medicare toward privatization, steered seniors to private HMOs, forced 32.5 million current beneficiaries to pay higher premiums and other Medicare costs, opened the doors to $139 billion in profits for the pharmaceutical industry, prevented the government from negotiating for lower drug prices, did nothing to rein soaring prescription drug costs for seniors and threatened the employer-provided drug coverage of millions of retirees. To slow passage of the bill and gain another opportunity to make improvements, Democrats raised a budget point of order against the bill. In a parliamentary maneuver, Republicans offered a motion that in effect would block the point of order. The motion, which required 60 votes to pass, was approved Nov. 24, 2003, 61–39: Y=W; N=R (R: 49–2; D: 11–37; I: 1–0)",senate_2003.csv,
2004,Senate,108,2,1,S.,1072,S1072-108,Transportation,passage,2004-02-12,Passed,76,21,Y,Y=Right; N=Wrong,473,https://voteview.com/rollcall/RS1080473,,15,"S. 1072—The $318 billion highway and transportation bill would create about 5 million jobs over the next six years in new highway and transit construction projects. Although a bipartisan group of state government officials argued that at least $318 billion was needed to meet the country’s transportation needs, the Bush administration threatened to veto the bill and said it would not approve spending more than $256 billion. The legislation also contained Davis–Bacon prevailing wage protections, long opposed by President George W. Bush. The bill passed Feb. 12, 2004, 76–21. Y=R; N=W (R: 34–17; D: 41–4; I: 1–0)",senate_2004.csv,
2004,Senate,108,2,2,S.,1805,S1805-108,Unemployment Insurance,motion,2004-02-26,Rejected,58,39,Y,Y=Right; N=Wrong,477,https://voteview.com/rollcall/RS1080477,,15,"S. 1805—In December 2003, the Temporary Extended Unemployment Compensation (TEUC) program expired. The TEUC provided generally 13 weeks of federal unemployment benefits for workers who had exhausted their state benefits without finding new employment. By early 2004, the economy had lost more than 2.7 million private-sector jobs since Bush took office, more than 2 million jobless workers had been out of work for 27 or more weeks and about 90,00 workers a week were exhausting their state unemployment benefits.. An amendment to S. 1805 would have extended the TEUC program for six months. Because of Senate procedural rules, the amendment required 60 votes to pass. It failed Feb. 26, 2004, 58–39. Y=R; N=W (R: 12–38; D: 45–1; I: 1–0)",senate_2004.csv,
2004,Senate,108,2,3,S.,1637,S1637-108,Exporting American Jobs,amendment,2004-03-04,Adopted,70,26,Y,Y=Right; N=Wrong,491,https://voteview.com/rollcall/RS1080491,,15,"S. 1637—In a Feb. 9 report, President Bush’s Council of Economic Advisors (CEA) released a report that said exporting American jobs was a good thing. At that time, the United States had lost some 2.7 million private-sector jobs since Bush took office in 2001; 40 percent of the nation’s Fortune 500 companies were using some sort of overseas outsourcing; and some reports predicted as many as 3.3 million jobs would be shipped offshore in the next 15 years. Bush’s chairman of the CEA endorsed outsourcing “as just a new way to do international trade.” An amendment to S. 1637 prohibited the overseas outsourcing of government contracts. Contracts with signatories to a World Trade Organization procurement agreement, as well as contracts that involve national security, were exempted. The amendment passed March 4, 2004, 70–26. Y=R; N=W (R: 25–26; D: 44–0; I: 1–0)",senate_2004.csv,
2004,Senate,108,2,4,S.Con.Res.,95,SCONRES95-108,Budget,budget resolution,2004-03-12,Passed,51,45,N,Y=Wrong; N=Right,517,https://voteview.com/rollcall/RS1080517,,15,"S. Con. Res. 95—President Bush presented a budget that permanently locked in multitrillion-dollar tax breaks that mostly benefit the nation’s wealthiest. To finance these taxes cuts for millionaires and billionaires, the Republican budget resolution—which mirrored Bush’s proposal—inflated the record-high $477 billion U.S. deficit and by $113 billion shortchanged or cut funds for the domestic programs working families need most—from job creation to health care, transportation and education. The Senate passed the annual budget resolution, which sets setting spending and revenue guidelines for the fiscal year, on March 12, 2004, 51–45. Y=W; N=R (R: 50–1; D: 1–43; I: 0–1)",senate_2004.csv,
2004,Senate,108,2,5,S.,2290,S2290-108,Asbestos,cloture,2004-04-22,Rejected,50,47,N,Y=Wrong; N=Right,528,https://voteview.com/rollcall/RS1080528,,16,"S. 2290—Decades of uncontrolled use of asbestos in many industries—and a deliberate cover-up of its health effects on workers—have caused a health crisis of asbestos-related diseases. Hundreds of thousands of workers and their family members have suffered and died of asbestos-related cancers and lung diseases. S. 2290 was the result of a backroom deal, between insurers and defendant companies in asbestos-related lawsuits, that was brokered by the Republican leadership. It was grossly inadequate and failed to provide fair compensation for victims of asbestos disease or any certainty that claims will be paid. It also would leave the asbestos trust fund more than $40 billion short of the amount needed to pay fair claims. The Senate defeated a motion to limit debate on an asbestos litigation reform bill that would have blocked moves to improve the bill. The motion, which required 60 votes, failed on April 22, 2004. 50–47: Y=W; N=R (R: 49–0; D: 1–46; I: 0–1)",senate_2004.csv,
2004,Senate,108,2,6,S.,1637,S1637-108,Overtime,amendment,2004-05-04,Adopted,52,47,Y,Y=Right; N=Wrong,538,https://voteview.com/rollcall/RS1080538,,16,"S. 1637—In April 2004, the Bush administration issued final overtime eligibility regulations that threatened the overtime rights of 6 million workers. The Senate passed an amendment to S. 1637 guaranteeing workers’ overtime rights by repealing any portion of the new rules that weakened overtime protection for workers. The amendment, offered by Sen. Tom Harkin (D-Iowa), passed May 4, 2004, 52–47. Y=R; N=W (R: 5–46; D: 46–1; I: 1–0)",senate_2004.csv,
2004,Senate,108,2,7,S.,1637,S1637-108,Exporting Jobs,motion to table,2004-05-05,Agreed to,60,39,N,Y=Wrong; N=Right,542,https://voteview.com/rollcall/RS1080542,,16,"S. 1637—In attempt to slow the growing export of U.S jobs overseas by U.S. corporations, an amendment to S. 1637 was offered that would have required U.S. multinational companies to pay federal taxes on income from foreign factories when goods are shipped back into the United States. Employers also would be required to notify employees and the Labor Department when jobs will be moved offshore, including the number of jobs affected, the destination of those jobs and the reason for the relocation. A motion to table or kill the amendment passed May 5, 2004, 60–39. Y=W; N=R (R: 51–0; D: 8–39; I: 1–0)",senate_2004.csv,
2004,Senate,108,2,8,S.,1637,S1637-108,Unemployment Insurance,motion,2004-05-11,Rejected,59,40,Y,Y=Right; N=Wrong,547,https://voteview.com/rollcall/RS1080547,,16,"S. 1637—The Bush administration and congressional Republican leaders allowed the Temporary Extended Unemployment Compensation (TEUC) program to expire in December 2003 and blocked several attempts to revive it. TEUC provided generally 13 weeks of federal unemployment benefits for workers who had exhausted their state benefits. In the first four months of 2004, nearly 2 million workers who had exhausted their state benefits without finding new jobs did not receive any additional aid because the Bush administration refused to back reviving the TEUC. An amendment to S. 1637 that would have reauthorized the TEUC for six months failed to get the 60 votes required under Senate procedural rules. The measure failed May 11, 2004, 59–40. Y=R; N=W (R: 12–39; D: 46–1; I: 1–0)",senate_2004.csv,
2004,Senate,108,2,9,S.,1248,S1248-108,Education,motion,2004-05-12,Rejected,56,41,Y,Y=Right; N=Wrong,552,https://voteview.com/rollcall/RS1080552,,16,"S. 1248—The Individuals with Disabilities Education Act (IDEA) provides funding to states for special education programs. But the Bush administration’s proposed less than the full funding needed to meet the program’s obligations until 2028. An amendment to the IDEA reauthorization bill would have funded IDEA at an additional $2.2 billion per year for eight years until full funding was reached. The bipartisan amendment, offered by Sens. Chuck Hagel (R-Neb.) and Tom Harkin (D-Iowa) required 60 votes rather than a simple majority vote because of Senate budget rules. The amendment failed May 12, 2004, 56–41. Y=R; N=W (R: 10–40; D: 45–1; I: 1–0)",senate_2004.csv,
2004,Senate,108,2,10,S.,2400,S2400-108,Buy America,substitute,2004-06-22,Adopted,54,46,N,Y=Wrong; N=Right,594,https://voteview.com/rollcall/RS1080594,,17,"S. 2400—The fiscal year 2004 Defense reauthorization bill contained a provision that allowed the Secretary of Defense to waive Buy American laws, which require at least 50 percent of all defense systems, components and weapons be manufactured in the United States. The Bush administration supported the waiver provisions. To block an amendment that would have stripped those anti-Buy American provisions from S. 2400, Republican leaders offered an amendment allowing the Secretary of Defense to waive Buy American requirements relating to 21 countries that have a memorandum of understanding with the United States. The amendment passed June 22, 2004, 54–46. Y=W; N=R (R: 48–3; D: 5–43; I: 1–0)",senate_2004.csv,
2004,Senate,108,2,11,S.,2062,S2062-108,Immigration,cloture,2004-07-08,Rejected,44,43,N,Y=Wrong; N=Right,613,https://voteview.com/rollcall/RS1080613,,17,"S. 2062—The Agricultural Job Opportunity, Benefits and Security Act (Ag Jobs) bill was a bipartisan immigration reform proposal that would provide an avenue for 500,000 undocumented farm workers to qualify for permanent residency status through an earned legalization program. The Ag Jobs agreement was the product of years of negotiation between the United Farm Workers of America (UFW) and growers. It was opposed by Senate Republican leaders and the Bush administration. The bill’s supporters intended to offer it as an amendment to the Class Action Fairness Act (S. 2062). To block the amendment, Majority Leader Bill Frist (R-Tenn.) tried to invoke cloture—or shut off all debate—on S. 2062 before the amendment could be offered. The cloture motion, which requires 60 votes, failed 44–43 July 8. Frist then pulled S. 2062 from the floor rather than allow a vote on the Ag Jobs amendment. Y=W; N=R (R: 42–3; D: 2–39; I: 0–1)",senate_2004.csv,
2004,Senate,108,2,12,H.R.,4567,HR4567-108,Contracting Out,amendment,2004-09-08,Adopted,49,47,Y,Y=Right; N=Wrong,627,https://voteview.com/rollcall/RS1080627,"match: not forced by the (date, tally) key - 8 Sept 2004 at 49-47 is both roll 626 and roll 627, on the same bill, with the same question and the same result. Roll 627 is the one the record describes: it prohibits funds for an OMB Circular A-76 competition covering Bureau of Citizenship and Immigration Services employees, which is the card's ""prohibit the DHS's Citizenship and Immigration Services from contracting out work""; roll 626 only requires a report 60 days before an award and prohibits nothing. The record vote number printed at the head of the grid column, 168, is roll 627's and gives the same answer independently",17,"H.R. 4567—The Department of Homeland Security (DHS), as part of the Bush administration’s effort to privatize the federal workforce, developed plans to contract out the work performed by almost 1,500 immigration information officers, contact representatives and investigative assistants in offices across the nation. The Senate passed an amendment that would prohibit the DHS’s Citizenship and Immigration Services from contracting out work. The amendment passed Sept. 8, 2004, 49–47. Y=R; N=W (R: 5–46; D: 43–1; I: 1–0)",senate_2004.csv,
2005,Senate,109,1,1,S.,5,S5-109,Class Action Overhaul/Civil Rights and Labor Cases,amendment,2005-02-09,Rejected,40,59,Y,Y=Right; N=Wrong,6,https://voteview.com/rollcall/RS1090006,,14,"S. 5— The so-called Class Action Fairness Act, backed the Bush administration and corporate interests, shifts many class action lawsuits from state to federal courts, which already are overburdened and reluctant to review such cases. In addition, many states provide greater protection and stiffer penalties than federal law. As a result of the shift to federal courts, many employers will be shielded from back-pay suits altogether. An amendment to keep state wage and hour claims, such as disputes on overtime pay, in state courts failed Feb. 9, 2005, 40-59 (R: 0-54; D: 39-5; I: 1-0) AFL-CIO Position: Y=Right; N=Wrong",senate_2005.csv,
2005,Senate,109,1,2,S.,256,S256-109,Minimum Wage,amendment,2005-03-07,Rejected,46,49,Y,Y=Right; N=Wrong,26,https://voteview.com/rollcall/RS1090026,,14,"S. 256—The federal minimum wage of $5.15 an hour has not been raised since 1997. Adjusted for inflation, the real value of the wage has fallen by more than 20 percent. But Congress had voted to raise its pay seven times since 1997. During debate on the bankruptcy bill (S. 256), Sen. Edward Kennedy (D-Mass.) offered an amendment to raise the minimum wage to $7.25 an hour in three steps over 26 months. The amendment failed to get the 60 votes needed under a procedural agreement and was defeated March 7, 2005, 46-49 (R: 4-49; D: 41-0; I: 1-0) AFL-CIO Position: Y=Right; N=Wrong",senate_2005.csv,
2005,Senate,109,1,3,S.,256,S256-109,Overtime and Other Wage Protections,amendment,2005-03-07,Rejected,38,61,N,Y=Wrong; N=Right,27,https://voteview.com/rollcall/RS1090027,,14,"S .256—In a move to provide political cover to opponents of raising the minimum wage, Sen. Rick Santorum (R-Pa.) offered an amendment to the bankruptcy bill (S. 256) to increase the minimum wage by $1.10 an hour (compared with Kennedy’s $2.10 an hour proposal). But Santorum tied the raise to rollbacks in other wage and hour protections. The amendment would have allowed employers to substitute an 80-hour, two-week work period for the current 40-hour week. It would have disqualified as many as 10 million workers at firms with less than $1 million in annual revenues from the minimum wage, overtime pay and equal pay protections under the Fair Labor Standards Act. The amendment would have lowered the minimum wage for many tipped employees and allowed 90 percent of businesses to avoid penalties for first-time violations—even willful violations—of information collection requirements, including reporting on hazardous chemicals and pension fund management. The amendment failed to get the 60 votes needed under a procedural agreement March 7, 2005. 38-61 (R:38-17; D: 0-43; I:0-1) AFL-CIO Position: Y=Wrong; N=Right",senate_2005.csv,
2005,Senate,109,1,4,S.,256,S256-109,Bankruptcy/Workers’ Wage Priority,amendment,2005-03-09,Rejected,48,52,Y,Y=Right; N=Wrong,32,https://voteview.com/rollcall/RS1090032,,15,"S. 256—The credit card industry and the banking community joined the Bush administration in pushing a bankruptcy bill (S. 256) that made it more difficult for working families to secure bankruptcy protection from the courts. In an attempt to somewhat level the playing field, an amendment was introduced that would have protected workers from losing vacation and severance pay when their employers declare bankruptcy. The amendment failed on March 9, 2005, 48-52 (R: 3-52; D: 44-0; I: 1-0) AFL-CIO Position: Y=Right; N=Wrong",senate_2005.csv,
2005,Senate,109,1,5,S.Con.Res.,18,SCONRES18-109,Social Security,amendment,2005-03-15,Rejected,50,50,Y,Y=Right; N=Wrong,49,https://voteview.com/rollcall/RS1090049,,15,"S. Con. Res. 18—The Bush administration has vigorously fought to privatize Social Security, but working families, seniors, unions and consumer and other groups mobilized to block the effort that would weaken Social Security and its guaranteed benefits. Most analyses of Social Security privatization proposals predict deep benefits cuts and a huge increase federal debt. Sen. Bill Nelson (D-Fla.) offered an amendment to the Senate budget resolution (S. Con. Res. 18) that would have expressed the sense of the Senate that Congress should reject any Social Security plan that requires deep benefit cuts or a massive increase in debt. The amendment failed on March 15, 2005, 50-50 (R: 5-50; D: 44-0; I: 1-0) AFL-CIO Position: Y=Right; N=Wrong",senate_2005.csv,
2005,Senate,109,1,6,S.Con.Res.,18,SCONRES18-109,Medicaid,amendment,2005-03-17,Adopted,52,48,Y,Y=Right; N=Wrong,58,https://voteview.com/rollcall/RS1090058,,15,"S Con. Res. 18—The Bush administration’s budget proposal included $14 billion in Medicaid cuts over five years. Such large cuts would devastate state budgets and result in more uninsured and uncompensated care, the cost of which often is shifted to employer-sponsored health plans. A bipartisan amendment to the Senate budget resolution (S. Con. Res. 18) to reject those cuts passed on March 17, 2005, 52-48 (R: 7-48; D: 44-0; I:1-0) AFL-CIO Position: Y=Right; N=Wrong",senate_2005.csv,
2005,Senate,109,1,7,H.R.,1268,HR1268-109,Immigration,cloture,2005-04-19,Rejected,53,45,Y,Y=Right; N=Wrong,98,https://voteview.com/rollcall/RS1090098,"party split: the card prints (R: 15-40; D: 7-5; I: 1-0), which does not sum to its own tally - 15+7+1 is 23, not the 53 yeas printed beside it. The member file gives DEM 37-5, and 15+37+1 is exactly 53. The card dropped the leading digit of the Democrats' yea count; the tally itself, 53-45, is roll 98's figure and is right. The printed split is kept in the description under rule 1; no stored column changes",15,"H.R.1268—During consideration of a supplemental appropriations bill (H.R. 1268), a bipartisan amendment addressing documented and undocumented migrant farm workers was offered. The measure, which represented a compromise between farm worker advocates and agricultural employers, would reform the agricultural guest worker program known as H-2A. The amendment would provide an avenue for 500,000 undocumented farm workers to qualify for an earned adjustment program with a path to permanent residence, along with additional legal protections for workers who hold H-2A visas. Opponents staged a filibuster and a cloture motion (which takes 60 votes) to end debate on the bill failed April 19, 2005, 53-45 (R: 15-40; D: 7-5; I: 1-0) AFL-CIO Position: Y=Right; N=Wrong",senate_2005.csv,
2005,Senate,109,1,8,S.,1307,S1307-109,Trade/CAFTA,passage,2005-06-30,Passed,54,45,N,Y=Wrong; N=Right,170,https://voteview.com/rollcall/RS1090170,,15,"S. 1307—President George W. Bush tabbed the Dominican Republic-Central American Free Trade Agreement (CAFTA) his top trade priority. CAFTA cuts tariffs among the United States, Costa Rica, the Dominican Republic, El Salvador, Guatemala, Honduras and Nicaragua. But the agreement, which is modeled after the North American Free Trade Agreement (NAFTA), does not contain adequate environmental protections or enforceable protections for such core workers’ rights as the freedom to form unions. CAFTA likely will exacerbate poverty and inequality in Central America, while further eroding good jobs and wages at home. At the same time, its excessive protections for multinational corporations will undermine the ability of governments to protect public health, strong communities and the environment. The bill passed June 30, 2005, 54-45 (R: 43-12; D: 10-33; I: 1-0) AFL-CIO Position: Y=Wrong; N=Right",senate_2005.csv,
2005,Senate,109,1,9,H.R.,6,HR6-109,Energy Bill,conference report,2005-07-29,Adopted,74,26,N,Y=Wrong; N=Right,213,https://voteview.com/rollcall/RS1090213,"For/Against marker: the card prints ""AFL-CIO Position: Y=Right; N=Wrong"", but the position is N. The grid's own Favorable Position row prints N over this column, and all 100 roster cells agree with it and with no other reading - every senator who voted yea on roll 213 is marked W and every senator who voted nay is marked R, without exception (verify_2005_positions.py). Positions are derived from the roster, which is a separate printing of the same fact, so aflcio_position is N and aflcio_label Y=Wrong; N=Right. The card's HOUSE record 10 is the same conference report and is marked Y in both its prose and its grid, so the two halves score H.R. 6 opposite ways; only the Senate half's prose is contradicted by its own roster",16,"H.R. 6—The overhaul of the nation's energy policy (H.R. 6) is expected to create thousands of jobs through the construction of pipelines, power plants and new nuclear power facilities. It also would allow the Federal Energy Regulatory Commission to approve the construction, expansion or operation of any facility that imports or processes natural gas, including liquefied natural gas. The Senate passed the conference report on the bill July 29, 2005, 74-26 (R: 49-6; D: 25-19; I: 0-1) AFL-CIO Position: Y=Right; N=Wrong",senate_2005.csv,
2005,Senate,109,1,10,H.R.,3,HR3-109,Highway/Transit Bill,conference report,2005-07-29,Adopted,91,4,Y,Y=Right; N=Wrong,220,https://voteview.com/rollcall/RS1090220,,16,"H.R. 3—The highway bill is a six-year, $286 billion reauthorization of the federal highway and transit construction program. The massive infrastructure modernization bill will create 1 million family-supporting jobs, protected by Davis Bacon prevailing wage standards. The Senate passed the conference report July 29, 2005, 91-4 (R: 48-4; D: 42-0; I:1-0) AFL-CIO Position: Y=Right; N=Wrong",senate_2005.csv,
2005,Senate,109,1,11,,,,Roberts Supreme Court Nomination,confirmation,2005-09-29,Passed,78,22,N,Y=Wrong; N=Right,245,https://voteview.com/rollcall/RS1090245,,16,"President Bush nominated John G. Roberts, a judge on the U.S. Court of Appeals for the D.C. Circuit, to become chief justice of the U.S. Supreme Court. But during Senate confirmation hearings, Roberts failed to allay concerns about his record on civil rights, voting rights, equal pay for women, heightened scrutiny for gender discrimination under the Constitution, public education for children of immigrants and other important working family issues. In addition, the Bush administration refused to provide documents from Roberts’ tenure in the first Bush administration (contrary to established practice for other Supreme Court nominations), preventing the Senate from fully examining Roberts’ suitability for this lifetime appointment. The Senate confirmed Roberts Sept. 29, 2005, 78-22 (R: 55-0; D: 22-22; I: 1-0) AFL-CIO Position: Y=Wrong; N=Right",senate_2005.csv,
2005,Senate,109,1,12,S.,1932,S1932-109,Budget Reconciliation/Medicare,amendment,2005-11-03,Rejected,49,50,Y,Y=Right; N=Wrong,287,https://voteview.com/rollcall/RS1090287,"match: not forced by the (date, tally) key - 3 Nov 2005 at 49-50 is both roll 287 and roll 299, on the same bill, with the same question and the same result. Roll 287 is the one the record describes: it holds Medicare beneficiaries harmless for the 2007 Medicare Part B premium increase, which is the card's ""protected seniors from steep increases in their Medicare Part B premiums""; roll 299 strikes provisions increasing the Medicaid rebate for generic drugs and is on another subject entirely. The record vote number printed at the head of the grid column, 287, gives the same answer independently. The reversed key finds one rival, roll 283 at 50-49 the same day, which is a motion to reinstate pay-as-you-go and is not this record either",16,"S. 1932—For seniors, Medicare Part B insurance pays for physician and other medical costs. But seniors faced an increase in their Part B premiums because Congress enacted an increase in Medicare payments to physicians but failed to enact savings from Medicare payments to private health plans. An amendment that would have protected seniors from steep increases in their Medicare Part B premiums failed Nov. 3, 2005, 49-50 (R: 5-50; D: 43-0; I: 1-0) AFL-CIO Position: Y=Right; N=Wrong",senate_2005.csv,
2005,Senate,109,1,13,S.,2020,S2020-109,Budget Reconcilliation—Tax Cuts for the Wealthy,passage,2005-11-18,Passed,64,33,N,Y=Wrong; N=Right,347,https://voteview.com/rollcall/RS1090347,,17,"S. 2020—As part of the budget reconciliation process, which included tax cut and spending cut legislation, the Bush administration and congressional Republican leaders were seeking $70 billion in tax cuts, mostly for the wealthy, paid for in part by huge cuts in vital working family programs. After some changes, the Senate passed a $60 billion tax cut bill, with more than three-quarters of the benefits going to families with $100,000 or more in annual income. The bill passed Nov. 18, 2005, 64-33 (R: 49-4; D: 15-28; I: 0-1) AFL-CIO Position: Y=Wrong; N=Right",senate_2005.csv,
2005,Senate,109,1,14,S.,1932,S1932-109,Budget Reconciliation—Spending Cuts Conference Report,conference report,2005-12-21,Adopted,50,50,N,Y=Wrong; N=Right,363,https://voteview.com/rollcall/RS1090363,,17,"S. 1932— As part of the budget reconciliation process, which included tax cut and spending cut legislation, the Bush administration and congressional Republican leaders sought more than $50 billion in spending cuts for vital working family programs to help pay for huge tax cuts aimed mostly at the wealthy. The Senate and House passed separate spending cut bills and a conference to reconcile the two bills resulted in a $39.7 billion package of spending cuts for Medicaid, Medicare, student aid, child support enforcement and other working family programs. The vote on the conference report was 50-50, and Vice President Dick Cheney, who serves as president of the Senate and only votes in case of a tie, cast the tie-breaking vote Dec. 21, 2005, 50-50 (R: 50-5; D: 0-44; I: 0-1) AFL-CIO Position: Y=Wrong; N=Right",senate_2005.csv,
2006,Senate,109,2,1,,,,Alito Nomination,confirmation,2006-01-31,Passed,58,42,N,Y=Wrong; N=Right,368,https://voteview.com/rollcall/RS1090368,,16,"After lengthy battles to fill two Supreme Court vacancies that began with the confirmation of Chief Justice John Roberts to replace William Rehnquist and continued with the withdrawal of nominee Harriet Miers to replace Justice Sandra Day O’Connor, the Senate confirmed Third Circuit Judge Samuel A. Alito Jr. to fill the O’Connor seat. O’Connor was considered the key swing vote on the court, so Alito’s nomination was seen as fulfilling President Bush’s pledge to move the court further to the right. The AFL-CIO opposed Alito because many of his prior decisions limited the ability of workers bringing lawsuits to get the full protection of federal laws covering wages and hours, health and safety, pensions and discrimination. Alito was confirmed Jan. 31 on a 58-42 vote. Y=W; N =R (R:54-1; D:4-40; I:0-1).",senate_2006.csv,
2006,Senate,109,2,2,S.Con.Res.,83,SCONRES83-109,Budget Resolution/Spending Cuts,amendment,2006-03-16,Adopted,73,27,Y,Y=Right; N=Wrong,424,https://voteview.com/rollcall/RS1090424,,16,"S. Con. Res. 83—Based on Bush administration recommendations, the fiscal year 2007 budget resolution called for cuts, or underfunding, in many vital working family programs. Sens. Arlen Specter (R-Pa.), Tom Harkin (D-Iowa) and Edward Kennedy (D-Mass.) offered an amendment to increase funding for labor, health and education programs by $7 billion. The amendment passed March 16 by a 73-27 margin. Y=R; N=W (R:28-27; D:44-0; I:1-0)",senate_2006.csv,
2006,Senate,109,2,3,S.Con.Res.,83,SCONRES83-109,Budget Resolution,budget resolution,2006-03-16,Passed,51,49,N,Y=Wrong; N=Right,440,https://voteview.com/rollcall/RS1090440,"match: not forced by the (date, tally) key - 16 March 2006 at 51-49 is three rolls of the 109th, 423, 438 and 440, all on S. Con. Res. 83. Roll 440 is the one the record describes: it is the only one of the three that disposes of the resolution itself (`An original concurrent resolution setting forth the congressional budget for the United States Government for fiscal year 2007`), which is what the card's ""The resolution passed March 16 on a 51-49 vote"" states, while rolls 423 and 438 are amendments to it - on LIHEAP funding and on ANWR revenues, neither of which the record mentions. The record vote number printed at the head of the grid column, 74, gives the same answer independently. The reversed key finds one rival, roll 430 at 49-51 the same day, an amendment on Title I grants, which is not this record either",16,"S. Con. Res. 83—The Bush administration budget plan outlined in the FY 2007 budget resolution called for substantial cuts in Medicare and Medicaid and other programs that strengthen and improve jobs, health care and education. But even these proposed cuts do not offset the huge tax cuts—mainly for the wealthy—called for by the White House. In fact, the budget resolution would add $266 billion to the deficit over the next five years, and the $873 billion spending cap would result in a significant loss of federal support for education, veterans’ medical care, law enforcement, transportation and other vital services for millions of Americans. The resolution passed March 16 on a 51-49 vote. Y=W; N=R (R:50-5; D:1-43; I:0-1)",senate_2006.csv,
2006,Senate,109,2,4,H.R.,4297,HR4297-109,Budget Reconciliation,conference report,2006-05-11,Adopted,54,44,N,Y=Wrong; N=Right,484,https://voteview.com/rollcall/RS1090484,,16,"H.R. 4297—Congress adjourned in December without passing the fiscal year 2006 budget reconciliation bill that contained President Bush’s fifth round of tax cuts for the rich. By May, however, the Republican leadership had lined up enough support to pass a $70 billion tax cut. Nearly half of the benefits in H.R. 4297 would help households with incomes of more than $1 million, and 55 percent of the benefits would go to the 3 percent of households with incomes above $200,000. Contrary to Bush administration claims that the bill benefits middle-income tax payers, the three-quarters of U.S. households with incomes below $75,000 would receive just 5 percent of the tax benefits, and 68 percent of U.S. households would receive no tax benefits at all. The bill passed May 11 by a 54-44 count. Y=W; N=R (R:51-3; D:3-40; I:0-1)",senate_2006.csv,
2006,Senate,109,2,5,S.,1955,S1955-109,Health Care,cloture,2006-05-11,Rejected,55,43,N,Y=Wrong; N=Right,485,https://voteview.com/rollcall/RS1090485,,17,"S. 1955—This legislation would affect more than 80 million people who have health insurance. It gives insurance companies broad authority to determine health care coverage and costs, including the power to eliminate consumer protections that are now required under existing state laws (e.g. cancer screenings and well-child visits). The bill would mean that insurers could offer bare-bones plans that appeal only to younger and healthier workers, prompting premiums to increase for people who need health care the most, such as older workers. A motion to end debate on the bill failed May 11 on a 55-43 vote. Y=W; N=R (R:53-1; D:2-41; I:0-1).",senate_2006.csv,
2006,Senate,109,2,6,S.,2611,S2611-109,Immigration/Guest Workers,motion to table,2006-05-16,Agreed to,69,28,N,Y=Wrong; N=Right,489,https://voteview.com/rollcall/RS1090489,,17,"S. 2611—The comprehensive immigration reform bill included a new program to admit 500,000 guest workers per year on H-2C visas in a variety of occupations. The new visa program lacked sufficient protections for existing wages and benefits. The H-2C visa program would allow employers to petition for temporary workers without a requirement that the work be seasonal or truly temporary, essentially granting employers the ability to turn long-term, skilled work into temporary jobs filled with an easily exploitable workforce, resulting in lower pay and benefits for all. Sen. Byron Dorgan, (D-N.D.) offered an amendment to strike the new H-2C visa program from the bill. The amendment was tabled (killed) on May 16 on a 69-28 vote. Y=W; N=R (R:46-7; D:22-21; I:1-0)",senate_2006.csv,
2006,Senate,109,2,7,S.,2611,S2611-109,Immigration/Guest Workers,motion to table,2006-05-16,Rejected,18,79,N,Y=Wrong; N=Right,490,https://voteview.com/rollcall/RS1090490,,17,"S. 2611—The new H-2C guest workers program included in the immigration reform bill also contained a provision to allow an automatic 20 percent increase each year above the initial 500,000 visa limit. Sen. Jeff Bingaman (D-N.M.) offered an amendment to reduce H-2C non-immigrant guest worker visas from 500,000 to 200,000 per year and eliminate the 20 percent increase per year. The amendment passed by a voice vote after a motion to table it failed May 16 on an 18-79 vote. Y=W; N=R (R:15-38; D:3-40; I:0-1)",senate_2006.csv,
2006,Senate,109,2,8,S.,2611,S2611-109,Immigration/Legalization Program,amendment,2006-05-23,Rejected,37,61,Y,Y=Right; N=Wrong,504,https://voteview.com/rollcall/RS1090504,,17,"S. 2611—The comprehensive immigration reform bill included a complicated, three-tier plan to grant legal status to the millions of undocumented workers currently in the United States by separating undocumented immigrants into three groups based on how long they have lived and worked here. Each group would face different criteria to earn permanent resident status. The complexity and uncertainty of the proposal would likely mean that many undocumented workers would not participate. Putting undocumented workers in a legal status and offering them protection under the law is the best way to ensure that all workers are able to assert their rights against unscrupulous employers. Sen. Dianne Feinstein (D-Calif.) offered an amendment to simplify the process and to allow any undocumented worker who was in the country as of Jan.1, 2006, to qualify for legal status and a path to permanent residency. The amendment failed May 23 by a 37-61 vote. Y=R; N=W (R:1-53; D:35-8; I:1-0)",senate_2006.csv,
2006,Senate,109,2,9,S.,2611,S2611-109,Immigration/Labor Law Enforcement,motion to table,2006-05-23,Agreed to,56,41,N,Y=Wrong; N=Right,507,https://voteview.com/rollcall/RS1090507,"tally: the card prints 57-40 and a party split of (R:54-0; D:3-39; I:0-1) that sums to it, but no roll call of the 109th Congress was 57-40 on 23 May 2006. Roll 507 - the roll the record vote number printed at the head of the grid column, 141, names - is 56-41, with three senators not voting (Sarbanes, Rockefeller and Enzi), and its description, `To enhance the enforcement of labor protections for United States workers and guest workers`, is the Kennedy amendment this record describes. The card repeats its own figure rather than checking it: the grid's column 9 also prints 57-40, marking Baucus W, and his printed R/W pair and percentage follow that cell, so all four printings are consistent and none is independent. The Congressional Record for 23 May 2006 settles it - it prints roll call 141 as YEAS 56 / NAYS 41 with Baucus among the nays and agrees with Voteview on all 100 senators, while www.senate.gov's per-vote XML gives 57-40 with Baucus a Yea and differs from the Record on that one member alone. That is where the AFL-CIO's figure came from. yea_total and nay_total follow the roll call per the schema; the printed tally and split are kept in the description under rule 1, and the single grid cell is a roster fact recorded in verify_2006_positions.ROSTER_ERRATA",18,"S. 2611—The comprehensive immigration reform bill contained no strong enforcement tools for labor law violations. Strong enforcement is needed to preserve workplace standards and to ensure that neither domestic nor immigrant workers are exploited. Sen. Edward Kennedy (D-Mass.) offered an amendment that included provisions to make “willful” or “grossly negligent” safety and health violations of the Occupational Safety and Health Act (OSHA) a criminal felony, to provide back pay to undocumented workers in cases of employer wage-and-hour violations and to increase fines for wage-and-hour infractions and OSHA violations. The motion was tabled (killed) on May 23 on a 57-40 vote. Y=W; N=R (R:54-0; D:3-39; I:0-1).",senate_2006.csv,
2006,Senate,109,2,10,H.R.,8,HR8-109,Estate Tax Repeal,cloture,2006-06-08,Rejected,57,41,N,Y=Wrong; N=Right,530,https://voteview.com/rollcall/RS1090530,,18,"H.R. 8—President Bush and Republican congressional leaders have long sought to repeal the federal tax on wealthy estates at the same time when critical domestic programs are being squeezed as a result of earlier Bush tax cuts for investors and wealthy families. Not only would repeal of the estate tax benefit just the wealthiest 0.5 percent of the wealthiest estates, the proposal would cost nearly $1 trillion between 2012 and 2021. Future generations of workers, students and the elderly should not be asked to shoulder the added burden of paying for more tax cuts for the super rich. In addition, the media campaign to repeal the estate tax has been bankrolled by 18 wealthy families whose net worth exceeds $185 billion. A cloture motion to end debate on the bill failed June 8 on a 57-41 vote. Y=W; N=R (R:53-2; D:4-38; I:0-1)",senate_2006.csv,
2006,Senate,109,2,11,S.,2766,S2766-109,Minimum Wage,amendment,2006-06-21,Rejected,52,46,Y,Y=Right; N=Wrong,545,https://voteview.com/rollcall/RS1090545,"result: Voteview annotates roll 545 `Amendment Agreed to` and www.senate.gov says the same, giving a majority requirement of 1/2, but the amendment did not carry. The Congressional Record for 21 June 2006 prints the disposition in terms: after the 52-46 roll call, ""The PRESIDING OFFICER. Under the previous order, the amendment is automatically withdrawn."" The same sentence disposes of the competing Enzi amendment after its 45-53 roll (Senate vote 180) on the same page, which is the signature of a paired 60-vote unanimous consent agreement, and it is what the card's own prose describes - ""the Senate voted, 52-46, for the Kennedy amendment, which nevertheless failed because it did not get the 60 votes required due to procedural objections"". The card is right and both online roll-call sources are wrong; this is 1992 House 8's case, where Voteview's plain-majority annotation is wrong on a supermajority question. `result` is Rejected. The date, the tally and the position are unaffected and no printed figure on the card is in error, so nothing here is a scoreboard correction",18,"S. 2766—The federal minimum wage of $5.15 an hour has not been raised since 1997. Because of inflation, its purchasing power is at its lowest level in 51 years. However, since 1997, Congress has raised its own pay eight times for a total of $31,600, almost three times the annual income of full-time minimum wage workers—another $3,300 a year raise is likely later this year. Sen. Edward Kennedy (D-Mass.) offered an amendment to the Defense Authorization bill to increase the minimum wage from $5.15 an hour to $7.25 over 26 months. On June 21, the Senate voted, 52-46, for the Kennedy amendment, which nevertheless failed because it did not get the 60 votes required due to procedural objections. Y=R; N=W (R:8-46; D:43-0; I:1-0)",senate_2006.csv,
2006,Senate,109,2,12,S.,3569,S3569-109,Trade/Oman Free Trade Agreement,passage,2006-06-29,Passed,60,34,N,Y=Wrong; N=Right,556,https://voteview.com/rollcall/RS1090556,,18,"S. 3569—The Oman Free Trade Agreement expands the failed model of the North American Free Trade Agreement (NAFTA) and Central American Free Trade Agreement (CAFTA). Like NAFTA and CAFTA, the Oman agreement does not contain adequate environmental protections or enforceable protections for such core worker rights as the freedom of association. Oman is not a democracy, and its workers are unable to form independent unions or to bargain collectively. At the same time, the agreement allows any company incorporated in Oman to sue the U.S. government, undermining the ability of state and local governments to protect public health, strong communities and the environment. The bill passed June 29 on a 60-34 vote. Y=W; N=R (R:48-5; D:11-29; I:1-0).",senate_2006.csv,
2006,Senate,109,2,13,H.R.,9,HR9-109,Voting Rights Act Final Passage,passage,2006-07-20,Passed,98,0,Y,Y=Right; N=Wrong,578,https://voteview.com/rollcall/RS1090578,,19,"H.R. 9—The Fannie Lou Hamer, Rosa Parks, and Coretta Scott King Voting Rights Act Reauthorization and Amendments Act of 2006 is a direct response to the evidence of continuing voter discrimination. The bill renews critical provisions of the Voting Rights Act for 25 years and restores the ability of the U.S. attorney general to block implementation of voting changes motivated by discriminatory purposes. The bill also clarifies that Section 5 is intended to protect the ability of minority citizens to elect their candidates of choice and authorizes recovery of expert witness fees in Voting Rights Act enforcement lawsuits. The bill was approved July 20 on a 98-0 vote. Y=R; N=W (R:53-0; D:44-0; I:1-0)",senate_2006.csv,
2006,Senate,109,2,14,H.R.,5970,HR5970-109,Estate Tax and Minimum Wage,cloture,2006-08-03,Rejected,56,42,N,Y=Wrong; N=Right,595,https://voteview.com/rollcall/RS1090595,,19,"H.R. 5970—After the House passed H.R. 5970, a package that combined an increase in the federal minimum wage from $5.15 to $7.25 an hour with “poison-pill” provisions that would slash the estate tax and cut pay for tipped workers, the Republican leadership of the Senate refused to strip the poison-pill provisions and allow the Senate to vote on a minimum wage increase with no strings attached. Democrats strongly objected to attaching poison-pill amendments to a minimum wage increase. In June, the Senate had already rejected one of those provisions―legislation to gut the estate tax—and for good reason. The estate tax provisions of H.R. 5970 would blow a $753 billion hole in the federal budget, and those costs would ultimately have to be paid for with budget cuts in programs that serve working people, such as Medicare, Medicaid, veterans’ programs and unemployment insurance. This would not be a fair deal for working people, since H.R. 5970 would give an average tax cut of $1.3 million to the richest 8,200 estates in the country. Another poison pill in H.R. 5970 would have cut pay for up to 1.1 million tipped workers in seven states by as much as $5.50 per hour, or $11,440 per year. The Senate killed H.R. 5970 by failing to muster the necessary 60 votes to overcome procedural hurdles. The final vote on Aug. 3 was 56-42. Y=W; N=R (R:52-3; D:4-38; I:0-1).",senate_2006.csv,
2006,Senate,109,2,15,H.R.,5631,HR5631-109,Privatization/Contracting Out,motion to table,2006-09-06,Agreed to,50,48,N,Y=Wrong; N=Right,600,https://voteview.com/rollcall/RS1090600,,19,"H.R. 5631—The Bush administration has led a major effort to outsource and privatize hundreds of thousand of federal jobs, including those of 350 workers at Walter Reed Army Medical Center. According to the Army's own documents, the projected (and unverified) savings from contracting out was $7.4 million. But the cost of the outsourcing study—estimated between $12.7 and $21.7 million—was more than the projected savings. Unlike private contractors who can appeal contracting out decisions based on the merits, neither the federal managers nor the federal workers are allowed to appeal. Sens. Barbara Mikulski (D-Md.) and Paul Sarbanes (D-Md.) offered an amendment to the fiscal year 2007 defense appropriations bill to block the privatization effort but Sen. Ted Stevens (R-Ak.) made a motion to table, or kill, the Mikulski/ Sarbanes amendment. The motion to table passed Sept. 6 on a 50-48 vote. Y=W; N =R (R:50-5; D:0-42; I:0-1).",senate_2006.csv,
2007,Senate,110,1,1,H.R.,2,HR2-110,Minimum Wage / Clean Increase,cloture,2007-01-24,Rejected,54,43,Y,Y=Right; N=Wrong,23,https://voteview.com/rollcall/RS1100023,,23,"H.R. 2—For more than 10 years, the federal minimum wage remained at $5.15 an hour. Because of inflation, its purchasing power in 2007 was at its lowest level in 51 years. The Bush administration and Republican congressional leaders blocked many attempts over the years to raise the wage. But a new Democratic majority opened the way to boost the minimum wage. H.R. 2, passed by the House earlier in January, was a ""clean"" minimum wage increase—to $7.25 an hour over two years— with no strings attached. Senate Republicans sought to add another round of tax breaks for businesses, which have received over $300 billion in tax breaks since the last minimum wage increase in 1997. Republicans filibustered the clean bill. On Jan. 24, the Senate voted, 54-43, to limit debate on the clean minimum wage increase, but 60 votes are necessary to end a filibuster. For 134 days (over four months) following passage of the House bill, the legislation was held hostage to demands by Senate Republicans for more business tax breaks, a delay that end up costing minimum wage workers over $750 million (R: 5-43; D: 47-0; I: 2-0). Y=R, N=W.",senate_2007.csv,
2007,Senate,110,1,2,H.R.,2,HR2-110,Minimum Wage / Effective Repeal,amendment,2007-01-24,Rejected,28,69,N,Y=Wrong; N=Right,24,https://voteview.com/rollcall/RS1100024,"tally corrected from the printed 69-28: roll 24 is 28-69 and the Allard amendment was rejected, so the card printed it prevailing-side-first. The card's own party split in the same sentence, (R: 28-20; D: 0-47; I: 0-2), sums to 28-69 and refutes the printed tally; the corrected key 24 Jan at 28-69 forces roll 24 alone",23,"H.R. 2—The minimum wage is a minimum national standard designed to keep states from competing with each other in a race to the bottom to pay the lowest wages possible. Yet Sen. Wayne Allard (R-Colo.) offered an amendment that was a thinly veiled attempt to repeal the minimum wage. The Allard amendment would have nullified the federal minimum wage in the 45 states that have their own minimum wage laws and allow the remaining five states to opt out of any future minimum wage increases above $5.15 an hour. The Senate rejected the Allard amendment Jan. 24 by 69-28 (R: 28-20; D: 0-47; I: 0-2). Y=W, N=R.",senate_2007.csv,
2007,Senate,110,1,3,S.,4,S4-110,9/11 Commission Recommendations / Collective Bargaining,amendment,2007-03-07,Adopted,51,48,Y,Y=Right; N=Wrong,64,https://voteview.com/rollcall/RS1100064,,23,"S. 4—In 2003, the Bush administration, citing so called “national security” concerns, terminated the collective bargaining rights for the airport screeners of the Transportation Security Administration (TSA). Sen. Claire McCaskill (D-Mo.) offered an amendment to the bill implementing the recommendations of the 9/11 Commission. The amendment would grant the 43,000 airport screeners limited collective bargaining rights, but would not allow them to strike or negotiate for higher pay. The McCaskill amendment passed March 7 by 51-48 (R: 1-48; D: 48-0; I: 2-0). Y=R N=W",senate_2007.csv,
2007,Senate,110,1,4,S.,3,S3-110,Medicare Prescription Drug Negotiation / Cloture,cloture,2007-04-18,Rejected,55,42,Y,Y=Right; N=Wrong,132,https://voteview.com/rollcall/RS1100132,,23,"S. 3— Millions of seniors rely on the Medicare Part D prescription drug program, but they face soaring prices while the pharmaceutical industry pockets billions in profits. In the first six months after the drug program went into effect in 2006, drug company profits increased by more than $8 billion. A Bush-backed provision in the 2003 bill that established the prescription drug program prohibited Medicare from using its purchasing power to negotiate with drug makers for lower prices. S. 3 would allow Medicare to negotiate with the drug makers. Republicans filibustered the bill. It requires 60 votes to end a filibuster, and a cloture motion to end the filibuster failed April 18 by 55-42 (R: 6-41; D: 47-1; I: 2-0). Y=R, N= W.",senate_2007.csv,
2007,Senate,110,1,5,S.,1082,S1082-110,Food and Drug Administration Overhaul / Drug Reimportation,cloture,2007-05-03,Agreed to,63,28,Y,Y=Right; N=Wrong,150,https://voteview.com/rollcall/RS1100150,,24,"S. 1082—One way seniors and working families could rein in the soaring costs of prescriptions would be by allowing the importation of prescription drugs from Canada and other countries, where drugs sell for a fraction of the prices charged in the United States. An amendment to the FDA reauthorization bill to allow the importations of prescription drugs was offered by Sen. Byron Dorgan (D-N.D.) A motion to end a filibuster against the amendment passed May 3 by 63-28 (R: 16-28; D: 45-0; I: 2-0). Y=R, N=W",senate_2007.csv,
2007,Senate,110,1,6,S.Con.Res.,21,SCONRES21-110,Budget Resolution,conference report,2007-05-17,Adopted,52,40,Y,Y=Right; N=Wrong,172,https://voteview.com/rollcall/RS1100172,,24,"S.Con.Res. 21—The conference agreement on the overall budget for fiscal year 2008 provided $50 billion to expand the State Children’s Health Insurance Program (SCHIP) and rejected Bush's proposed cuts in health, education and training. The agreement allocated $9.5 billion for increases in programs such as No Child Left Behind, Pell Grants and the Individuals with Disabilities Education Act (IDEA). It also provided essential funding for veterans health care. The bill passed May 17 by 52-40 (R: 2-40; D: 48-0; I: 2-0). Y=R, N=W",senate_2007.csv,
2007,Senate,110,1,7,S.,1348,S1348-110,Immigration / Guest Worker Program,amendment,2007-05-22,Rejected,31,64,Y,Y=Right; N=Wrong,174,https://voteview.com/rollcall/RS1100174,,24,"S. 1348—A provision of the comprehensive immigration reform bill creates a new Y-visa guest worker program that would allow employers to import up to 400,000 truly temporary workers every year to perform permanent jobs throughout the U.S. economy. An amendment by Sen. Byron Dorgan (D-N.D.) to eliminate the program was rejected May 22 by 31-64 (R: 2-46; D: 28-17; I: 1-1). Y=R, N=W",senate_2007.csv,
2007,Senate,110,1,8,S.,1348,S1348-110,Immigration / Guest Worker Visa Reduction,amendment,2007-05-23,Adopted,74,24,Y,Y=Right; N=Wrong,175,https://voteview.com/rollcall/RS1100175,,24,"S.1348—An amendment by Sen. Jeff Bingaman (D-N.M.) to the comprehensive immigration reform bill would reduce the annual cap for the bill’s newly created Y-visa guest worker program from 400,000 to 200,000 workers per year. The amendment eliminates the escalator in the bill that would have allowed the Y-visa program to grow to as many as 600,000 guest workers a year, based on demand. The amendment was adopted May 23 by 74-24 (R: 27-21; D: 46-2; I: 1-1). Y=R, N=W",senate_2007.csv,
2007,Senate,110,1,9,H.R.,800,HR800-110,Employee Free Choice Act,cloture,2007-06-26,Rejected,51,48,Y,Y=Right; N=Wrong,227,https://voteview.com/rollcall/RS1100227,,24,"H.R. 800—The Employee Free Choice Act would restore workers' freedom to form unions and bargain for better wages, benefits and working conditions without employer harassment. When workers try to form unions, employers routinely harass, intimidate and even fire them. H.R. 800 would free workers from employer intimidation by allowing employees to sign authorization cards seeking union representation and recognizing the workers' union when a majority signs cards. It would establish a system of mediation and arbitration that would apply to an employer and union that are unable to agree on their first contract. It also would require the employer to pay three times the amount of back pay that an employee is due if the employee is illegally fired or discriminated against during an organizational or first-contract drive. A majority of the Senate voted to move forward with the bill, but the vote fell short of the 60 votes needed to overcome the Republican filibuster. The motion to end the filibuster failed June 26 by 51-48 (R: 1-48; D: 48-0; I: 2-0). Y=R, N=W.",senate_2007.csv,
2007,Senate,110,1,10,H.R.,2669,HR2669-110,Majority Sign-Up,motion,2007-07-19,Rejected,42,54,N,Y=Wrong; N=Right,260,https://voteview.com/rollcall/RS1100260,"match: not forced by the (date, tally) key - 19 July at 42-54 is two rolls of the 110th, 260 and 269, both on H.R. 2669 and both On the Motion / Motion Rejected. Voteview's descriptions separate them: roll 260 is the secret-ballot election amendment to the National Labor Relations Act the card describes, roll 269 a photo-identification amendment to the Help America Vote Act. The card prints 260. Party split: the card gives (R: 42-5; D: 0-47; I: 0-2), where the member file gives R 42-6 and D 0-46 counting Lieberman as an Independent as the card does - one nay is in the wrong party column. The tally is right either way and party columns are excluded from the schema",25,"H.R. 2669—An amendment by Sen. Jim DeMint (R-S.C.) to the budget reconciliation bill would have prohibited workers from forming unions—and employers from recognizing those unions—by majority sign-up procedures. Majority sign-up has been legal under the National Labor Relations Act (NLRA) since 1935. Forward-looking employers such as Cingular Wireless and Kaiser Permanente have voluntarily recognized their employees' union based on authorization cards signed by a majority of employees. Majority sign-up also is a major feature of the Employee Free Choice Act. The amendment failed July 19 by 42-54 (R: 42-5; D: 0-47; I: 0-2). Y=W, N=R",senate_2007.csv,
2007,Senate,110,1,11,H.R.,3074,HR3074-110,Davis Bacon / Prevailing Wages,motion to table,2007-09-12,Agreed to,56,37,Y,Y=Right; N=Wrong,334,https://voteview.com/rollcall/RS1100334,"position: the printed marker 'Y=W, N=R' describes the underlying DeMint amendment, but roll 334 is the MOTION TO TABLE it, so a Yea killed the amendment the AFL-CIO opposed. The grid's Favorable Position row prints Y and all 101 roster cells of column 11 reproduce from the member file under Y and under no other reading, the column printing 56-37, which is the roll call; position set to Y. Party split: the card gives (R: 9-37; D: 47-0; I: 2-0), which sums to 58-37 beside its own printed 56-37 - the member file gives D 45-0 counting Lieberman as an Independent as the card does. The tally is right",25,"H.R. 3074—The Davis-Bacon Act requires that construction workers on federal projects be paid prevailing wages. It ensures high-quality work standards and decent living standards for workers and their communities. During Senate consideration of the funding bill for the departments of Transportation and Housing and related agencies, Sen. Jim DeMint (R-S.C.) offered an amendment to strip the requirement that prevailing wages be paid on bridge projects funded by the bill. The amendment failed Sept. 12 by 56-37 (R: 9-37; D: 47-0; I: 2-0). Y=W, N=R",senate_2007.csv,
2007,Senate,110,1,12,S.,1257,S1257-110,District of Columbia Voting Rights,cloture,2007-09-18,Rejected,57,42,Y,Y=Right; N=Wrong,339,https://voteview.com/rollcall/RS1100339,,25,"S. 1257—District of Columbia residents still suffer from taxation without representation because they have no voting representative in Congress. S. 1257 would give Washington, D.C., residents a voice and a vote in the House. The bill would allow the current nonvoting delegate from the District of Columbia to vote in the House. The bill fell victim to a Republican-led filibuster. Sixty votes were needed to cut off the debate, and the measure failed Sept.18 by a 57-42 vote (R: 8-41; D: 47-1; I: 2-0). Y= R, N=W",senate_2007.csv,
2007,Senate,110,1,13,H.R.,976,HR976-110,SCHIP / Passage of Compromise Bill,passage,2007-09-27,Passed,67,29,Y,Y=Right; N=Wrong,353,https://voteview.com/rollcall/RS1100353,,25,"H.R. 976—The State Children's Health Insurance Program (SCHIP), which provides health coverage for more than 6 million low-income children, needed to be reauthorized in 2007. The House and Senate reached a compromise on an SCHIP bill that would renew the program and add $35 billion in funding to expand coverage to an additional 4 million children who lack health insurance. The bill passed Sept. 27 on a 67-29 vote, but on Oct. 3, Bush vetoed the compromise bill (R:18-29; D: 47-0; I: 2-0). Y=R; N=W",senate_2007.csv,
2007,Senate,110,1,14,H.R.,3043,HR3043-110,"Labor, HHS and Education Appropriations / OLMS",amendment,2007-10-18,Rejected,46,47,N,Y=Wrong; N=Right,380,https://voteview.com/rollcall/RS1100380,"bill from the roll call: the card prints S. 1710, the Senate's own Labor-HHS appropriations bill, but roll 380 is on H.R. 3043, the House bill the Senate actually took up and amended",25,"S. 1710—During Senate consideration of the funding bill for the departments of Labor, Health and Human Services, and Education, Sen. Jeff Sessions (R-Ala.) offered an amendment to add $5 million to the Labor Department's Office of Labor Management Standards (OLMS), the agency that investigates unions for violating financial disclosure rules. Since President Bush took office, the OLMS budget has grown by more than 30 percent. But the budgets for agencies that offer real protection to workers—including workplace health and safety, mine safety and wage and hour enforcement—have either declined or remained flat. The Sessions amendment was defeated Oct. 18 by on a 46-47 vote (R: 46-2; D: 0-43; I: 0-2). Y=W, N=R",senate_2007.csv,
2007,Senate,110,1,15,H.R.,3043,HR3043-110,"Labor, HHS and Education Appropriations / Final Passage",passage,2007-10-23,Passed,75,19,Y,Y=Right; N=Wrong,391,https://voteview.com/rollcall/RS1100391,"bill from the roll call: the card prints S. 1710, the Senate's own Labor-HHS appropriations bill, but roll 391 is on H.R. 3043, the House bill the Senate actually took up and amended",26,"S. 1710—The Labor, Health and Human Services and Education appropriations bill for fiscal 2008 makes modest increases in spending levels for programs representing core American values—education, health care, safe workplaces—and providing funding to help the most vulnerable of the nation’s citizen’s, especially children, individuals with disabilities and the elderly. It also reverses a 12-year decline that began with the 1994 Republican takeover of Congress in funding for those programs that help workers and middle-income families. The bill exceeded the Bush administration's request by $11 billion, which is less than 0.01 percent of the total budget. The bill passed Oct. 23 by 75-19 (R: 29-19; D: 44-0; I: 2-0). Y=R; N=W",senate_2007.csv,
2007,Senate,110,1,16,,,,Nomination of Southwick,cloture,2007-10-24,Agreed to,62,35,N,Y=Wrong; N=Right,392,https://voteview.com/rollcall/RS1100392,,26,"President Bush nominated Mississippi Judge Leslie Southwick to a lifetime seat on the Fifth Circuit Court of Appeals, which has jurisdiction over Louisiana, Mississippi, and Texas. Southwick’s record on the bench is well outside the mainstream on labor and employment issues, and he has been especially harsh in his rulings against workers seeking compensation for injuries suffered on the job. The Senate confirmed Southwick on Oct. 24 after a motion to invoke cloture and end debate was approved on a 62-35 vote (R: 49-0; D: 12-34; I: 1-1). Y=W; N=R",senate_2007.csv,
2007,Senate,110,1,17,S.,2205,S2205-110,DREAM Act,cloture,2007-10-24,Rejected,52,44,Y,Y=Right; N=Wrong,394,https://voteview.com/rollcall/RS1100394,,26,"S. 2205—The Dream Act would have granted permanent resident status to undocumented children who have lived in the United States for more than five years, demonstrated good moral character and graduated from a U.S. high school and continued on to college or military service. Sixty votes were needed to end a filibuster against the bill, and the legislation failed Oct. 24 on a 52-44 vote (R: 12-36; D: 38-8; I: 2-0). Y=R; N=W",senate_2007.csv,
2007,Senate,110,1,18,H.R.,3963,HR3963-110,SCHIP / Passage of Compromise Bill,passage,2007-11-01,Passed,64,30,Y,Y=Right; N=Wrong,403,https://voteview.com/rollcall/RS1100403,,26,"H.R. 3963—President Bush vetoed the first SCHIP bill (H.R. 976) and the veto override failed. Following the failed override, House and Senate leaders made changes to the bill to address concerns raised by Republicans who were withholding their support. The revised bill passed Nov. 1 on a 64-30 vote. Bush vetoed that SCHIP compromise bill Dec. date to come (R: 17-30; D: 45-0; I: 2-0). Y=R; N=W",senate_2007.csv,
2007,Senate,110,1,19,H.R.,3996,HR3996-110,Temporary Tax Relief Act of 2007,cloture,2007-12-06,Rejected,46,48,Y,Y=Right; N=Wrong,414,https://voteview.com/rollcall/RS1100414,"party split: the card gives (R: 0-48; D: 44-0; I: 2-0), where the member file gives R 0-47 and D 44-1 counting Lieberman as an Independent as the card does - one nay is in the wrong party column. The tally, 46-48, is right either way and party columns are excluded from the schema",26,"H. R. 3996— The bill, passed by the House in November, would have provided 23 million middle-class families with more than $50 billion in tax relief by protecting them from paying the Alternative Minimum Tax (AMT), that was originally designed to ensure that high-income taxpayers pay their fair share. The bill included a number of one-year tax extenders, including an extension of a tax deduction for expenses paid by teachers for school supplies. The cost of providing relief from the AMT was offset by closing the so-called ""carried interest"" loophole that allows a small group of Wall Street millionaires to pay a 15 percent capital gains tax rate on earnings from managing certain hedge funds, instead of the 35 percent rate that is paid by most workers. Sixty votes were needed to end a filibuster against the bill, and the legislation failed Dec. 6 on a 46-48 vote (R: 0-48; D: 44-0; I: 2-0). Y=R, N=W",senate_2007.csv,
2008,Senate,110,2,1,H.R.,5140,HR5140-110,Economic Stimulus,cloture,2008-02-06,Rejected,58,41,Y,Y=Right; N=Wrong,450,https://voteview.com/rollcall/RS1100450,,14,"H.R. 5140—When the Senate took up the House-passed economic stimulus bill, Majority Leader Harry Reid proposed adding 13 weeks of extended Unemployment Insurance (UI) benefits in all states for workers who have exhausted their 26 weeks of state UI benefits, plus an additional 26 weeks in high-unemployment states. The Republican minority filibustered the amendment, and Reid’s effort to invoke cloture and end the filibuster (60 votes are required to end a filibuster) failed February 6 by a vote of 58-41 (R: 8-40; D: 48-1; I: 2-0). Y=R, N=W",senate_2008.csv,
2008,Senate,110,2,2,S.Con.Res.,70,SCONRES70-110,Senate Budget Resolution,budget resolution,2008-03-14,Passed,51,44,Y,Y=Right; N=Wrong,527,https://voteview.com/rollcall/RS1100527,,14,"S.Con.Res 70—The Senate passed a budget blueprint for fiscal year 2009 that rejected most of President Bush’s proposed cuts in important domestic programs, including Medicaid and Medicare, education and training and Head Start. The Democratic plan added $8.8 billion above the president's request for education and training and an additional $500 million for the Low Income Heating Energy Assistance Program (LIHEAP). It also included funding for expansion of the State Children’s Health Insurance Program (SCHIP). Finally, the budget contained $35 billion for a second economic stimulus package that could include extended unemployment benefits, a temporary increase in food stamp benefits and state fiscal relief. The bill passed March 14 by a vote of 51-44 (R: 2-43; D: 47-1; I: 2-0). Y=R, N=W",senate_2008.csv,
2008,Senate,110,2,3,H.R.,2831,HR2831-110,Lilly Ledbetter Fair Pay Act/Pay Discrimination,cloture,2008-04-23,Rejected,56,42,Y,Y=Right; N=Wrong,552,https://voteview.com/rollcall/RS1100552,,14,"H.R. 2831—The Senate rejected the Fair Pay Restoration Act, a bill that would have restored longstanding protections against pay discrimination that were eliminated by the U.S. Supreme Court in its 2007 Ledbetter v. Goodyear Tire and Rubber decision. Lilly Ledbetter, a Goodyear supervisor, did not learn that she was being paid substantially less than her male colleagues, in violation of the Civil Rights Act of 1964, until she retired after 19 years on the job. The Supreme Court ruled that Ledbetter lost the right to sue 180 days after she received her first paycheck. Prior to this decision, other courts had ruled that each paycheck started the 180-day clock over because each check was fresh evidence of discrimination. The motion to invoke cloture and end a Republican filibuster (60 votes are required to end a filibuster) against the Fair Pay bill failed April 23 by a vote of 56-42 (R: 6-41; D: 48-1; I: 2-0). Y=R, N=W",senate_2008.csv,
2008,Senate,110,2,4,H.R.,980,HR980-110,Collective Bargaining for Public Safety Workers,cloture,2008-05-13,Agreed to,69,29,Y,Y=Right; N=Wrong,568,https://voteview.com/rollcall/RS1100568,,14,"H.R. 980—The Senate voted to end a Republican filibuster against a bill expanding collective bargaining rights for public safety employees. The bill would provide firefighters, police officers and emergency medical personnel with the right to bargain over wages, hours and working conditions; a right denied them in nearly half the states. The motion to invoke cloture and end the filibuster (60 votes are required to end a filibuster) passed May 13 by a vote of 69-29. (R: 18-29; D: 49-0; I: 2-0). Y=R, N=W",senate_2008.csv,
2008,Senate,110,2,5,H.R.,2642,HR2642-110,Unemployment Benefits Extension,passage,2008-05-22,Passed,75,22,Y,Y=Right; N=Wrong,579,https://voteview.com/rollcall/RS1100579,,14,"H.R. 2642—Earlier in the year, Senate Republicans successfully blocked efforts to include an extension of unemployment benefits as part of the economic stimulus package. An amendment that would provide 13 additional weeks of unemployment benefits for jobless workers in every state, plus another 13 weeks of additional benefits for jobless workers in “high unemployment” states with at least 6 percent unemployment was approved as part of the legislation funding the wars in Iraq and Afghanistan. The amendment passed May 22 by a vote of 75-22 (R: 25-22; D: 48-0; I: 2-0). Y=R, N=W",senate_2008.csv,
2008,Senate,110,2,6,H.R.,6331,HR6331-110,Medicare Improvements,cloture,2008-06-26,Rejected,58,40,Y,Y=Right; N=Wrong,602,https://voteview.com/rollcall/RS1100602,,14,"H.R. 6331—Senate Republican leaders staged a filibuster against legislation that that would have strengthened Medicare by updating asset levels that have prevented many low-income seniors from obtaining affordable health care; added benefits for preventative care and mental health services; and allowed many enrollees in private-fee-for-service plans to maintain access to their existing doctor or hospital. It also would have stopped pending cuts in payments to doctors who treat Medicare patients. The motion to end the filibuster (60 votes are required to end a filibuster) failed June 26 by a vote of 58-40 (R: 9-39; D: 47-1; I: 2-0). Y=R, N=W",senate_2008.csv,
2008,Senate,110,2,7,H.R.,2642,HR2642-110,Unemployment Benefits Extension,passage,2008-06-26,Passed,92,6,Y,Y=Right; N=Wrong,604,https://voteview.com/rollcall/RS1100604,,15,"H.R. 2642—The Bush administration threatened to veto the legislation funding the wars in Iraq and Afghanistan. Bush objected to an earlier amendment that would provide 13 additional weeks of unemployment benefits for jobless workers in every state, plus another 13 weeks of additional benefits for jobless workers in “high unemployment” states. Bush dropped his veto threat after Senate leaders agreed to introduce a new extended benefits amendment without the additional 13 weeks for workers in “high unemployment” states. The amendment passed June 26 by a vote of 92-6 (R: 42-6; D: 48-0; I: 2-0). Y=R, N=W",senate_2008.csv,
2008,Senate,110,2,8,S.,3268,S3268-110,Energy Speculation,cloture,2008-07-25,Rejected,50,43,Y,Y=Right; N=Wrong,626,https://voteview.com/rollcall/RS1100626,,15,"S. 3268—The Stop Excessive Energy Speculation Act of 2008 would have reduced excessive speculation in the oil markets by increasing resources and authority needed by the Commodity Futures Trading Commission (CFTC) to detect, prevent and punish price speculation with respect to energy commodities. According to recent testimony before Congress, as much as 33 percent to 45 percent of the increase is gas prices is related to excessive speculation. Republicans filibustered the bill, and the motion to end the filibuster (60 votes are required) failed July 25 by a vote of 50-43 (R: 2-42; D: 46-1: I: 2-0). Y=R, N=W",senate_2008.csv,
2008,Senate,110,2,9,S.,3604,S3604-110,Economic Stimulus,cloture,2008-09-26,Rejected,52,42,Y,Y=Right; N=Wrong,648,https://voteview.com/rollcall/RS1100648,,15,"S. 3604—As Congress considered a $700 billion bailout for Wall Street, the House also passed an economic recovery and jobs package that included an extension of unemployment insurance for seven weeks in all states and 13 weeks in “high unemployment” states, fiscal relief for state and local governments, and a major investment in our nation’s crumbling infrastructure. In the Senate, however, the motion to end the filibuster (60 votes are required) led by Republicans failed September 26 by a vote of 52-42 (R: 6-40; D: 44-2; I: 2-0). Y=R, N=W",senate_2008.csv,
2008,Senate,110,2,10,H.R.,7005,HR7005-110,Auto Industry Bridge Loan,cloture,2008-12-11,Rejected,52,35,Y,Y=Right; N=Wrong,657,https://voteview.com/rollcall/RS1100657,,15,"H.R. 7005— The rapidly worsening economy in 2008, growing joblessness, plus the credit and mortgage foreclosure crisis hit the nation's Big Three automakers hard and sales plummeted. The collapse of the three domestic auto companies would be catastrophic for millions of workers and retirees, for the entire U.S. economy, and for countless communities across the nation. In addition to the jobs that would be directly eliminated at GM, Ford and Chrysler, jobs would be lost at dealers and suppliers, manufacturers of steel, glass, plastics, textiles, tires and computer chips, and transportation providers, as well as jobs at retail stores, restaurants, hair salons and local grocery stores. 3 The bill would have authorized emergency bridge loans to the domestic auto companies, in order to prevent a collapse. Senate Republicans mounted a filibuster against the legislation. A motion to end the filibuster (it takes 60 votes to end a filibuster) failed December 11 by a vote of 52-35. (R:10-31; D: 40-4; I-2-0). Y=R, N=W",senate_2008.csv,
2009,Senate,111,1,1,S.,181,S181-111,Amendment to Enact a National Right to Work Law,motion to table,2009-01-22,Agreed to,66,31,Y,Y=Right; N=Wrong,11,https://voteview.com/rollcall/RS1110011,"the printed key matches nothing: no Senate roll call of 22 Jan 2009 is 67-30. The DeMint national right-to-work amendment to S. 181 is roll 11, a motion to table at 66-31 whose own description is 'To preserve and protect the free choice of individual employees to form, join, or assist labor organizations, or to refrain from such activities' - the amendment this record describes. Tally 67-30 -> 66-31: one vote moved from the nay side to the yea side; tally 67-30 -> 66-31 per Voteview roll 11; vote_question 'amendment' -> 'motion to table': the roll call's own question is 'On the Motion to Table'. The scorecard's value was inferred from its prose, which the 11 Aug 2026 review measured at ~8% wrong; result 'Adopted' -> 'Agreed to', which follows the roll call ('Motion to Table Agreed to') and the collection's convention for a motion to table",5,"Sen. Jim Demint (R-S.C.) offered an amendment to the Lilly Ledbetter Fair Pay Act that would have enacted a national ""right-to-work"" law, blocking union-security clauses which ensure that all workers who receive the benefits of union representation and collective bargaining agreements share the costs of maintaining the union. A motion to table (kill) the amendment was agreed to on Jan. 22, 2010.",senate_2009.csv,
2009,Senate,111,1,2,S.,181,S181-111,Amendment to Prohibit Project Labor Agreements,motion to table,2009-01-22,Agreed to,59,38,Y,Y=Right; N=Wrong,13,https://voteview.com/rollcall/RS1110013,"not forced by the (date, tally) key: rolls 12 and 13 are both 59-38 motions to table on S. 181 that day. Roll 13's own description - 'To preserve open competition and Federal Government neutrality towards the labor relations of Federal Government contractors on Federal and federally funded construction projects' - is the Vitter project labor agreement amendment this record describes; roll 12 is about the date of enactment; vote_question 'amendment' -> 'motion to table': the roll call's own question is 'On the Motion to Table'. The scorecard's value was inferred from its prose, which the 11 Aug 2026 review measured at ~8% wrong; result 'Adopted' -> 'Agreed to', which follows the roll call ('Motion to Table Agreed to') and the collection's convention for a motion to table",5,"Sen. David Vitter (R-La.) offered an amendment to the Lilly Ledbetter Fair Pay Act that would have codified President George W. Bush's Executive Order prohibiting the use of project labor agreements (PLA's) on federally assisted construction projects. If the amendment had passed it would have pre-empted President Barack Obama's Executive Order encouraging the use of PLA's. A motion to table (kill) the amendment was agreed to on Jan. 22, 2010.",senate_2009.csv,
2009,Senate,111,1,3,S.,181,S181-111,The Lilly Ledbetter Fair Pay Act,passage,2009-01-22,Passed,61,36,Y,Y=Right; N=Wrong,14,https://voteview.com/rollcall/RS1110014,,5,"The Lilly Ledbetter Fair Pay Act restores longstanding protections against pay discrimination that were eliminated by the U.S. Supreme Court in its 2007 decision, Ledbetter v. Goodyear Tire and Rubber. Lilly Ledbetter, a Goodyear Tire Co. supervisor, did not learn that she was being paid substantially less than her male colleagues, in violation of the Civil Rights Act of 1964, until she retired after 19 years on the job. The Supreme Court ruled that Ledbetter lost the right to sue 180 days after she received her first paycheck. Prior to this decision, other courts had ruled that each paycheck started the 180-day clock over because each check was fresh evidence of discrimination.",senate_2009.csv,
2009,Senate,111,1,4,H.R.,2,HR2-111,Children's Health Insurance Program Reauthorization Act of 2009,passage,2009-01-29,Passed,66,32,Y,Y=Right; N=Wrong,31,https://voteview.com/rollcall/RS1110031,,5,"Since the Children's Health Insurance Program (CHIP) was enacted in 1997 with broad bipartisan support, the number of uninsured children has dropped by one-third, even as the rate of uninsured adults has increased steadily. The CHIP reauthorization bill preserves coverage for more than 6 million children while extending coverage to nearly 4 million more uninsured children.",senate_2009.csv,
2009,Senate,111,1,5,H.R.,1,HR1-111,American Recovery and Reinvestment Act of 2009,passage,2009-02-10,Passed,61,37,Y,Y=Right; N=Wrong,61,https://voteview.com/rollcall/RS1110061,"match not forced by the (date, tally) key alone; the rivals were separated by the kind of vote the scorecard describes, and only one of them is that kind",5,"As a first priority of the Obama administration and a key step toward rebuilding an economy that works for all Americans, the Senate passed the American Recovery and Reinvestment Act. The investment provisions of the bill are specifically targeted to creating and maintaining jobs, and make major investments in transportation, infrastructure, state Medicaid and other health care programs, education and housing assistance, and energy-efficiency projects.",senate_2009.csv,
2009,Senate,111,1,6,S.,160,S160-111,District of Columbia House Voting Rights Act of 2009,cloture,2009-02-24,Agreed to,62,34,Y,Y=Right; N=Wrong,65,https://voteview.com/rollcall/RS1110065,"result 'Rejected' -> 'Agreed to', which follows the roll call ('Cloture on the Motion to Proceed Agreed to') and the collection's convention for a cloture",6,"Republicans filibustered the District of Columbia House Voting Rights Act, which would allow the delegate elected by the citizens of Washington, D.C., to vote in the House of Representatives. S. 160 would also increase the number of U.S. representatives from the state of Utah. U.S. citizens who live in the nation's capital serve in the armed forces, pay federal taxes and sit on federal juries, yet they have no voting representation in the U.S. Congress. The Senate voted to invoke cloture and end the filibuster.",senate_2009.csv,
2009,Senate,111,1,7,,,,Confirmation of Hilda Solis for Secretary of Labor,confirmation,2009-02-24,Passed,80,17,Y,Y=Right; N=Wrong,66,https://voteview.com/rollcall/RS1110066,,6,"More than two months after being nominated, the Senate held a vote to confirm Hilda Solis as Secretary of Labor.",senate_2009.csv,
2009,Senate,111,1,8,H.R.,1105,HR1105-111,Amendment to Prohibit Employee Notice of Rights,amendment,2009-03-10,Rejected,38,59,N,Y=Wrong; N=Right,91,https://voteview.com/rollcall/RS1110091,,6,"During the debate on the omnibus spending bill, the Senate rejected an amendment by Sen. John Cornyn (R-Texas) that would have blocked an Obama Administration directive requiring federal contractors to post notices in their workplace explaining workers' rights.",senate_2009.csv,
2009,Senate,111,1,9,H.R.,1105,HR1105-111,"Omnibus Appropriations Act, 2009",cloture,2009-03-10,Agreed to,62,35,Y,Y=Right; N=Wrong,96,https://voteview.com/rollcall/RS1110096,,6,"The omnibus spending bill combined nine funding bills for several federal agencies, including the Department of Labor and Department of Education. The bill included funding for critical labor, health and safety programs and would fund government operations through Sept. 30, 2009. The Senate voted to end a Republican filibuster.",senate_2009.csv,
2009,Senate,111,1,10,S.Con.Res.,13,SCONRES13-111,"Amendment to Establish a Task Force to Cut Social Security, Medicare and Medicaid",amendment,2009-04-01,Rejected,44,54,N,Y=Wrong; N=Right,123,https://voteview.com/rollcall/RS1110123,"not forced by the (date, tally) key: rolls 123 and 127 are both 44-54 amendments to S.Con.Res. 13 that day. Roll 123 is 'To establish a deficit-neutral reserve fund to address our Nations long term fiscal problems' - the Gregg fiscal task force this record describes; roll 127 is about comparative effectiveness research",6,"During the budget debate, the Senate rejected an amendment by Sen. Judd Gregg (R-N.H.) to establish a task force to review our country's ""long-term fiscal imbalances."" The premise of this amendment was that entitlement programs, like Social Security, must be cut. Furthermore, Congress would be forced to consider any task force recommendations from the task force under Fast Track procedures (without any amendments), effectively outsourcing significant legislative recommendations to an outside body without accountability.",senate_2009.csv,
2009,Senate,111,1,11,S.Con.Res.,13,SCONRES13-111,FY2010 Budget Resolution,budget resolution,2009-04-02,Passed,55,43,Y,Y=Right; N=Wrong,154,https://voteview.com/rollcall/RS1110154,,6,"The Senate budget resolution increased discretionary spending by $490 billion over five years—restoring funding to housing, education, job training, and safety and health care programs that had been consistently cut during the past eight years. The resolution also provided a reserve fund for health care reform, education reform and a ""cap-and-trade"" program to cut the nation's emissions of carbon dioxide and other greenhouse gases.",senate_2009.csv,
2009,Senate,111,1,12,S.,896,S896-111,Amendment to Provide Foreclosure Relief,amendment,2009-04-30,Rejected,45,51,Y,Y=Right; N=Wrong,174,https://voteview.com/rollcall/RS1110174,,7,"During the debate on the Helping Families Save Their Homes Act, Sen. Richard Durbin (D-Ill.) offered an amendment that would have allowed bankruptcy judges to modify home mortgages on terms that could allow thousands of homeowners facing foreclosure to keep their homes. Many mortgage lenders have been slow or failed to modify existing loans, despite many borrowers receiving loans based on false, misleading and predatory lending practices.",senate_2009.csv,
2009,Senate,111,1,13,H.R.,627,HR627-111,Credit CARD Act of 2009,passage,2009-05-19,Passed,90,5,Y,Y=Right; N=Wrong,194,https://voteview.com/rollcall/RS1110194,,7,"The legislation would impose restrictions on credit card company lending practices, including when companies could increase annual percentage interest rates retroactively on an existing balance. It expands a number of disclosure requirements for credit card companies and restricts the ability of credit card companies to change the terms of an account after it has been established.",senate_2009.csv,
2009,Senate,111,1,15,,,,Confirmation of Sonia Sotomayor to the U.S. Supreme Court,confirmation,2009-08-06,Passed,68,31,Y,Y=Right; N=Wrong,262,https://voteview.com/rollcall/RS1110262,,7,"President Barack Obama nominated federal judge Sonia Sotomayor to be a U.S. Supreme Court associate justice. During her time on the federal bench, she demonstrated her understanding of the impact of the law on working families and consistently interpreted labor laws in the manner in which they were intended. As a federal judge, she enforced the rights of workers to be paid correct wages, to receive the health care benefits to which they were entitled and to be free from all types of discrimination. She also recognized that persecution for union activity can be a basis for granting asylum.",senate_2009.csv,
2009,Senate,111,1,14,H.R.,3435,HR3435-111,Supplemental Appropriations for FY2009 for the Consumer Assistance to Recycle and Save Program,passage,2009-08-06,Passed,60,37,Y,Y=Right; N=Wrong,270,https://voteview.com/rollcall/RS1110270,"the (date, tally) key forced the WRONG roll call: 68-31 on 6 Aug 2009 is the Sotomayor confirmation (roll 262), not H.R. 3435. The cash-for-clunkers bill passed the Senate that day at 60-37. Tally 68-31 -> 60-37. This is why a forced key still has to be checked against the measure the roll call names. AND THE CORRECTED KEY IS ITSELF NOT FORCED - the 1995 House 1 shape: rolls 269 and 270 are both 60-37 on H.R. 3435 that day and Voteview describes them in identical words. Roll 269 is 'On the Motion' and roll 270 'On Passage of the Bill'; the scorecard records the measure as Passed and its text is about the bill itself, so it is roll 270. Do not stop searching once a correction produces a match; tally 68-31 -> 60-37 per Voteview roll 270",7,"The ""cash-for-clunkers"" bill provided an additional $2 billion for the vehicle trade-in program, which offers vouchers worth up to $4,500 toward the purchase of new vehicles to consumers who trade in their older, less-efficient models. The program triggered a major surge in new car sales, and helped hard-pressed dealers, manufacturers, suppliers and their workers. At the same time, the program will reduce oil consumption and greenhouse gas emissions by removing older, less efficient vehicles from the road and replacing them with new, higher-mileage vehicles.",senate_2009.csv,
2009,Senate,111,1,16,H.R.,3590,HR3590-111,Cloture Motion: Patient Protection and Affordable Care Act,cloture,2009-11-21,Agreed to,60,39,Y,Y=Right; N=Wrong,353,https://voteview.com/rollcall/RS1110353,,7,"The Patient Protection and Affordable Care Act expands coverage to more than 30 million Americans, puts new rules on insurance companies and provides subsidies to help middle- and low- income families and small business to purchase coverage through market exchanges. However, it falls short in several critical areas, including lacking a public health insurance plan option and a requirement that businesses pay their fair share. It also imposed a new tax on working families' benefits. (A corrections bill passed in March 2010 strengthened the fair share for business requirements and eliminated 85% of the tax on benefits.) Republicans filibustered the bill. On Nov. 21, 2009, the Senate invoked cloture on the motion to proceed.",senate_2009.csv,
2009,Senate,111,1,17,H.R.,3590,HR3590-111,Amendment to Reimport FDA-Approved Medicines,amendment,2009-12-15,Rejected,51,48,Y,Y=Right; N=Wrong,377,https://voteview.com/rollcall/RS1110377,,8,"An amendment to the health care reform bill would give American consumers, pharmacists and drug wholesalers access to U.S. Food and Drug Administration-approved medicines currently sold in other major industrialized countries at a fraction of the U.S. price. The amendment needed 60 votes to pass but fell shy by nine votes.",senate_2009.csv,
2009,Senate,111,1,18,H.R.,3326,HR3326-111,Amendment Extending Unemployment Benefits and COBRA Health Insurance Subsidies,passage,2009-12-19,Passed,88,10,Y,Y=Right; N=Wrong,384,https://voteview.com/rollcall/RS1110384,"vote_question amendment -> passage: senate.gov gives roll 384 of the 111th the question text 'On the Motion (Motion To Concur In The House Amdt. To The Senate Amdt.)'. That is the concur family, which 34 rows of the collection store as `passage`, and the House twin of this posture is 2008 House 9 on H.R. 2642. The scorecard heads the record 'Amendment Extending Unemployment Benefits', which is what produced `amendment`",8,"This amendment to the Department of Defense Appropriations Act, 2010 (H.R. 3326) continued extended unemployment benefits and COBRA health insurance subsidies for the long-term jobless through Feb. 28, 2010. The programs were due to expire Dec. 31, 2009.",senate_2009.csv,
2010,Senate,111,2,1,,,,Cloture Motion to End Filibuster: Craig Becker NLRB Confirmation,cloture,2010-02-09,Rejected,52,33,Y,Y=Right; N=Wrong,419,https://voteview.com/rollcall/RS1110419,,3,"President Obama nominated the highly qualified and respected labor lawyer Craig Becker to the National Labor Relations Board. Republican senators, with the backing of the U.S. Chamber of Commerce and other Big Business interests, filibustered his nomination. A cloture motion to end the filibuster failed Feb. 9 by a vote of 52–33 (60 votes were needed). In March, Obama used a recess appointment to put Becker on the NLRB.",senate_2010.csv,
2010,Senate,111,2,2,H.R.,2847,HR2847-111,Hiring Incentives to Restore Employment Act,cloture,2010-02-22,Agreed to,62,30,Y,Y=Right; N=Wrong,420,https://voteview.com/rollcall/RS1110420,,4,"The bill provides employers with incentives to hire and retain new employees, including extending enhanced small business expensing and providing state and local governments with the ability to issue special purpose tax credit bonds for school construction, energy conservation and renewable energy. It extends the Surface Transportation Act until Dec. 31, 2010. The Senate voted to invoke cloture to limit debate.",senate_2010.csv,
2010,Senate,111,2,3,H.R.,4213,HR4213-111,Amendment to Repeal Prevailing Wage Laws,motion,2010-03-03,Rejected,38,61,N,Y=Wrong; N=Right,430,https://voteview.com/rollcall/RS1110430,"vote_question amendment -> motion: senate.gov gives roll 430 of the 111th the question text 'On the Motion (Motion to Waive CBA Thune Amdt No. 3338, As Further Amended)' with a `majority_requirement` of 3/5. A Congressional Budget Act waiver does not dispose of the bill, so it takes the residual `motion`, as all 14 of the collection's printed-era waiver rows do. The scorecard describes the underlying Thune amendment, which is what produced `amendment`",4,This amendment by Sen. John Thune (R-S.D.) to the Unemployment Compensation Extension Act of 2010 (H.R. 4213) would have repealed Davis-Bacon coverage for projects funded under this bill. The Davis-Bacon Act requires companies to pay construction workers locally prevailing wages on federally funded projects. The amendment failed.,senate_2010.csv,
2010,Senate,111,2,4,H.R.,1586,HR1586-111,FAA Air Transportation Modernization and Safety Improvement Act,passage,2010-03-22,Passed,93,0,Y,Y=Right; N=Wrong,458,https://voteview.com/rollcall/RS1110458,,4,"This bill provides $34 billion of funding over two years, which will create 150,000 jobs per year, according to the DPC. The bill modernizes the air traffic control system and improves the safety, reliability and availability of U.S. air transportation.",senate_2010.csv,
2010,Senate,111,2,5,H.R.,4872,HR4872-111,Health Care and Education Reconciliation Act of 2010,passage,2010-03-25,Passed,56,43,Y,Y=Right; N=Wrong,502,https://voteview.com/rollcall/RS1110502,"not forced by the (date, tally) key: rolls 497 and 502 are both 56-43 on H.R. 4872 that day. The record says the Act 'makes substantial improvements' and the scorecard records it as Passed, so it is roll 502, On Passage of the Bill, not roll 497, a motion to table; vote_question 'cloture' -> 'passage': the roll call's own question is 'On Passage of the Bill'. The scorecard's value was inferred from its prose, which the 11 Aug 2026 review measured at ~8% wrong; result 'Agreed to' -> 'Passed', which follows the roll call ('Bill Passed') and the collection's convention for a passage",4,"The Health Care and Education Reconciliation Act of 2010 makes substantial improvements to the Senate-passed health reform bill, H.R. 3590. It closes the Medicare prescription drug ""donut hole"" and improves the affordability provisions for low- and moderate-income families. It increases federal support to help states expand their Medicaid programs to cover the most needy and makes fairer the penalty on employers who fail to offer coverage to their workers. It also eliminates 85 percent of the excise tax on premiums and instead makes the Medicare payroll tax fairer to working families by applying it to unearned income. The Senate took up the bill under reconciliation rules, which make the bill filibuster-proof and require only a simple majority to pass the bill.",senate_2010.csv,
2010,Senate,111,2,6,S.,3217,S3217-111,Amendment to Reduce the Concentration of Financial Institution Power,amendment,2010-05-06,Rejected,33,61,Y,Y=Right; N=Wrong,533,https://voteview.com/rollcall/RS1110533,,4,"Sen. Sherrod Brown (D-Ohio) offered an amendment to the Restoring American Financial Stability Act of 2010 to address the domination of the financial system by institutions that are deemed ""too big to fail."" The Brown amendment would reduce the concentration of financial power and the risk many of these institutions pose to the economy and restore an even playing field for community banks by imposing leverage and liability limits on bank holding companies and financial companies. It would have imposed a strict cap (ten percent of insured depository institutions total U.S. deposits) on the amount of deposits held by any bank or thrift and would have limited the non-deposit liabilities of a bank. The amendment needed 60 votes to pass.",senate_2010.csv,
2010,Senate,111,2,7,H.R.,4173,HR4173-111,Dodd-Frank Wall Street Reform and Consumer Protection Act,passage,2010-05-20,Passed,59,39,Y,Y=Right; N=Wrong,559,https://voteview.com/rollcall/RS1110559,,5,"The Restoring American Financial Stability Act of 2010 reins in Wall Street's and Big Bank's dangerous practices and products that crashed the economy. Among other provisions, the bill improves accountability and transparency in the financial system, brings to an end ""too big to fail"" institutions, protects American taxpayers by ending bailouts and protects consumers from abusive financial services practices.",senate_2010.csv,
2010,Senate,111,2,8,H.R.,4213,HR4213-111,Amendment to Limit Federal Employee Pay and Cut Discretionary Spending,motion,2010-06-17,Rejected,41,57,N,Y=Wrong; N=Right,590,https://voteview.com/rollcall/RS1110590,"vote_question amendment -> motion: senate.gov gives roll 590 of the 111th the question text 'On the Motion (Motion to Waive All Applicable Budgetary Discipline Re: Thune Amdt. No. 4376 As Modified)' with a `majority_requirement` of 3/5 - a budget waiver, not a vote on the amendment",5,"Sen. John Thune (R-S.D.) proposed an amendment to the ""Jobs Bill"" to freeze federal employee pay for one year, cap the number of federal workers and cut discretionary spending by 5 percent across the board for all federal agencies except the departments of Defense and Veterans Affairs.",senate_2010.csv,
2010,Senate,111,2,9,H.R.,4173,HR4173-111,Conference Report: Dodd-Frank Wall Street Reform and Consumer Protection Act,conference report,2010-07-15,Adopted,60,39,Y,Y=Right; N=Wrong,605,https://voteview.com/rollcall/RS1110605,"match not forced by the (date, tally) key alone; the rivals were separated by the kind of vote the scorecard describes, and only one of them is that kind",5,"The Senate and House both passed legislation to rein in Wall Street's and Big Banks' dangerous practices and products that crashed the economy. The conference report that melded the two bills creates a new federal agency to oversee consumer financial products, brings the derivatives market under significant federal regulation for the first time and gives company shareholders and regulators greater say on executive pay packages.",senate_2010.csv,
2010,Senate,111,2,10,H.R.,4213,HR4213-111,Cloture Motion: Unemployment Compensation Extension Act of 2010,cloture,2010-07-20,Agreed to,60,40,Y,Y=Right; N=Wrong,606,https://voteview.com/rollcall/RS1110606,,5,"During the first part of 2010, Senate Republicans mounted several filibusters against extending the federal unemployment insurance (UI) program for long-term jobless workers. A motion to invoke cloture and end the filibuster against the bill that extended the UI program to Nov 30 and made it retroactive to June 2 was approved.",senate_2010.csv,
2010,Senate,111,2,11,H.R.,1586,HR1586-111,Cloture Motion: Senate Substitute of the FAA Air Transportation Modernization and Safety Improvement Act,cloture,2010-08-04,Agreed to,61,38,Y,Y=Right; N=Wrong,621,https://voteview.com/rollcall/RS1110621,"match not forced by the (date, tally) key alone; the rivals were separated by the kind of vote the scorecard describes, and only one of them is that kind",5,The amended Senate bill would provide $16.1 billion in Federal Medical Assistance Percentages (FMAP) funding for state Medicaid programs and $10 billion to states for teacher funding to preserve jobs. The funds would help states avert massive layoffs because of budget shortfalls. Republicans filibustered the state aid and teachers' jobs bill. A cloture vote to break the filibuster passed.,senate_2010.csv,
2010,Senate,111,2,12,,,,Confirmation of Elena Kagan to the U.S. Supreme Court,confirmation,2010-08-05,Passed,63,37,Y,Y=Right; N=Wrong,626,https://voteview.com/rollcall/RS1110626,,5,Confirmation of President Obama's nomination of Elena Kagan of Massachusetts to be an associate justice of the U.S. Supreme Court.,senate_2010.csv,
2010,Senate,111,2,13,S.J.Res.,30,SJRES30-111,Resolution Overturning Modernized Union Election Rules for Airline and Rail Workers,motion,2010-09-23,Rejected,43,56,N,Y=Wrong; N=Right,636,https://voteview.com/rollcall/RS1110636,"vote_question cloture -> motion: senate.gov gives roll 636 of the 111th a `majority_requirement` of 1/2, so no cloture was involved - S.J.Res. 30 is a Congressional Review Act disapproval resolution, whose motion to proceed is privileged and non-debatable. It drew no other roll call in the Congress, so there was no vote on passage, and a motion to proceed does not dispose of the measure. The record's own text says so: 'The motion to proceed to consider the measure was rejected in the Senate'",6,"The National Mediation Board issued a new rule in May 2010 that calls for the majority of votes cast to determine the outcome of union representation elections for airline and rail workers—in the same way elections are decided in congressional and other democratic elections. Previously, a worker who did not cast a vote was instead counted as ""No"" vote. This resolution of disapproval would roll back the NMB's democratic, union representation election rule. The motion to proceed to consider the measure was rejected in the Senate.",senate_2010.csv,
2010,Senate,111,2,14,S.,3816,S3816-111,Creating American Jobs and Ending Offshoring Act,cloture,2010-09-28,Rejected,53,45,Y,Y=Right; N=Wrong,639,https://voteview.com/rollcall/RS1110639,"vote_question 'passage' -> 'cloture': the roll call's own question is 'On the Cloture Motion'. The scorecard's value was inferred from its prose, which the 11 Aug 2026 review measured at ~8% wrong",6,"To encourage U.S. firms to keep jobs in America and discourage companies for exporting U.S. jobs, the bill would provide U.S. companies a two-year reduction in their share of Social Security payroll taxes for new employees hired to replace workers performing similar duties overseas. It would be paid for by repealing various tax breaks for companies that close plants in the U.S. and move operations overseas. The motion failed by a 53-45 vote (60 votes were needed to pass).",senate_2010.csv,
2010,Senate,111,2,15,S.,3991,S3991-111,Public Safety Employer-Employee Cooperation Act of 2010,cloture,2010-12-08,Rejected,55,43,Y,Y=Right; N=Wrong,663,https://voteview.com/rollcall/RS1110663,,6,The legislation would extend bargaining rights to police and firefighters in states that do not allow such public safety workers to join unions. More than 20 states do not fully protect those bargaining rights and Virginia and North Carolina prohibit public safety employees from collective bargaining. A motion to end a Republican filibuster against public safety workers' rights bill failed by a 55-43 vote (60 votes were needed to pass).,senate_2010.csv,
2011,Senate,112,1,1,S.,223,S223-112,Amendment to Repeal Prevailing Wage Laws,motion to table,2011-02-03,Agreed to,55,42,Y,Y=Right; N=Wrong,11,https://voteview.com/rollcall/RS1120011,"vote_question 'amendment' -> 'motion to table': the roll call's own question is 'On the Motion to Table'. The scorecard's value was inferred from its prose, which the 11 Aug 2026 review measured at ~8% wrong; result 'Adopted' -> 'Agreed to', which follows the roll call ('Motion to Table Agreed to') and the collection's convention for a motion to table",6,This amendment by Sen. Rand Paul (R-Ky.) to the FAA Air Transportation Modernization and Safety Improvement Act (S. 223) would have repealed Davis-Bacon coverage for projects funded under this bill. The Davis-Bacon Act requires companies to pay construction workers locally prevailing wages on federally funded projects. A motion to table the amendment passed.,senate_2011.csv,
2011,Senate,112,1,2,S.,223,S223-112,Amendment to Repeal TSA Employees' Collective Bargaining Rights,amendment,2011-02-15,Rejected,47,51,N,Y=Wrong; N=Right,17,https://voteview.com/rollcall/RS1120017,,6,"After a 10 year struggle, airport screeners with the Transportation Security Administration (TSA) won collective bargaining rights in January. However, during consideration of the FAA reauthorization bill, Sen. Roger Wicker (R-Miss.) offered an amendment to strip TSA worker of those rights. The amendment failed.",senate_2011.csv,
2011,Senate,112,1,3,S.,223,S223-112,Amendment to Eliminate Airline Flight Crew Health and Safety Protections,motion to table,2011-02-17,Agreed to,52,47,Y,Y=Right; N=Wrong,22,https://voteview.com/rollcall/RS1120022,"vote_question 'amendment' -> 'motion to table': the roll call's own question is 'On the Motion to Table'. The scorecard's value was inferred from its prose, which the 11 Aug 2026 review measured at ~8% wrong; result 'Adopted' -> 'Agreed to', which follows the roll call ('Motion to Table Agreed to') and the collection's convention for a motion to table",6,Flight crews have lacked the protection of the Occupational Safety and Health Administration (OSHA). But the FAA OSHA reached a memorandum of understanding that provides some OSHA protections to flight crews. Sen. Rand Paul (R-Ky.) offered an amendment to eliminate those workplace protections. A motion to table amendment was passed.,senate_2011.csv,
2011,Senate,112,1,4,H.R.,1,HR1-112,"Disaster Relief Appropriations Act, 2013",passage,2011-03-09,Rejected,44,56,N,Y=Wrong; N=Right,36,https://voteview.com/rollcall/RS1120036,,6,"The bill would provide continuing appropriations for all government agencies, except the Defense Department, through the remainder of fiscal year 2011. It would cut more than $61 billion including: cuts to the Occupational Safety and Health Administration (OSHA) and Mine Safety and Health Administration (MSHA) that will eliminate job safety enforcement and investigations; cuts to job training and Employment Services; cuts to the National Labor Relations Board (NLRB) which would undermine workers' ability to have a voice on the job; and cuts to Head Start which will result in 218,000 fewer kids in the program. Overall, H.R. 1 would destroy hundreds of thousands of jobs. It also would bar the use of funds made available in the bill for a variety of executive branch regulatory activities and implementation of several provisions of the Affordable Care Act. The bill, not receiving at least 60 votes, failed the Senate.",senate_2011.csv,
2011,Senate,112,1,5,S.,782,S782-112,Amendment to Restrict the Regulatory Process,amendment,2011-06-09,Rejected,53,46,N,Y=Wrong; N=Right,87,https://voteview.com/rollcall/RS1120087,,6,"Instead of focusing on job creation, congressional Republicans moved to roll back and limit vital safety, health, environmental, and other rules. During consideration of the Economic Development Administration reauthorization bill, Sen. Olympia Snowe (R-Maine) offered an amendment that would add new costly and burdensome requirements on the regulatory authority of government departments and agencies. The amendment would stall the regulatory process and make it difficult or delay government agencies, like Occupational Safety and Health Administration from issuing new regulations designed to protect workers, consumers, and the public. The bill was defeated.",senate_2011.csv,
2011,Senate,112,1,6,S.,1660,S1660-112,Cloture Motion: American Jobs Act of 2011,cloture,2011-10-11,Rejected,50,49,Y,Y=Right; N=Wrong,160,https://voteview.com/rollcall/RS1120160,,7,"In an effort to promote job creation and boost the economy President Obama proposed the American Jobs Act that would create as many as 2 million new jobs and keep 280,000 teachers from being laid off. It also protected the unemployment insurance benefits of more than 5 million jobless workers, invested in badly needed infrastructure repair and was paid for by a small surtax on incomes over $1 million a year. Republicans filibustered the bill and a motion to end the filibuster failed to gain the 60 votes needed.",senate_2011.csv,
2011,Senate,112,1,7,H.R.,3080,HR3080-112,United States-Korea Free Trade Agreement,passage,2011-10-12,Passed,83,15,N,Y=Wrong; N=Right,161,https://voteview.com/rollcall/RS1120161,,7,"The South Korea Trade Agreement, like the Panama and Colombia trade agreements, was negotiated by the Bush administration and continues the flawed trade policies of the past rather than laying out a new and progressive vision for the future that strengthens labor rights protections for all workers, safeguards domestic laws and regulations, and promotes the export of U.S. goods rather than jobs. The agreement was approved.",senate_2011.csv,
2011,Senate,112,1,8,H.R.,3079,HR3079-112,United States-Panama Trade Agreement,passage,2011-10-12,Passed,77,22,N,Y=Wrong; N=Right,162,https://voteview.com/rollcall/RS1120162,,7,"The Panama trade agreement, like the Colombia and South Korea agreements, was negotiated by the Bush administration and continues the flawed trade policies of the past rather than laying out a new and progressive vision for the future that strengthens labor rights protections for all workers, safeguards domestic laws and regulations, and promotes the export of U.S. goods rather than jobs. The agreement was approved.",senate_2011.csv,
2011,Senate,112,1,9,H.R.,3078,HR3078-112,United States-Colombia Trade Agreement,passage,2011-10-12,Passed,66,33,N,Y=Wrong; N=Right,163,https://voteview.com/rollcall/RS1120163,,7,"Colombia is the most dangerous country in which to be a trade unionist. In 2010, 51 labor leaders were killed in Colombia, an increase over 2009 and more than the rest of the world combined. The Colombia free trade agreement—negotiated by the Bush administration—continues the flawed trade policies of the past rather than laying out a new and progressive vision for the future that strengthens labor rights protections for all workers, safeguards domestic laws and regulations, and promotes the export of U.S. goods rather than job.",senate_2011.csv,
2011,Senate,112,1,10,S.,1723,S1723-112,Cloture Motion: Teachers and First Responders Back to Work Act of 2011,cloture,2011-10-20,Rejected,50,50,Y,Y=Right; N=Wrong,177,https://voteview.com/rollcall/RS1120177,,7,"After Senate Republicans filibustered the American Jobs Act, Democrats introduced the Teachers and First Responders Back to Work Act that would provide $35 billion in aid to state and local governments for teachers and public safety workers. It would be paid for by a small surtax on incomes of $1 million a year. Republicans filibustered the bill and motion to end the filibuster failed.",senate_2011.csv,
2011,Senate,112,1,11,S.,1769,S1769-112,Rebuild America Jobs Act,cloture,2011-11-03,Rejected,51,49,Y,Y=Right; N=Wrong,195,https://voteview.com/rollcall/RS1120195,"vote_question passage -> cloture: senate.gov gives roll 195 of the 112th a `majority_requirement` of 3/5, so the 51-49 rejection is a cloture vote in substance - a majority can only be defeated against a supermajority bar. S. 1769 drew no other roll call in the Congress, so there was no vote on passage to score. Roll 196, the Republican bill taken up the same afternoon under the same 3/5 agreement, already stores `cloture` as record 12",7,Provides $50 billion for spending on transportation and infrastructure systems and an additional $10 billion for the establishment of a national infrastructure bank. The cost would be offset with a 0.7% surtax on individuals with annual incomes exceeding $1 million. It was rejected.,senate_2011.csv,
2011,Senate,112,1,12,S.,1786,S1786-112,Motion to Proceed: Long-Term Surfacr Transportation Extension Act of 2011,cloture,2011-11-03,Rejected,47,53,N,Y=Wrong; N=Right,196,https://voteview.com/rollcall/RS1120196,,8,"Part of the Republicans so-called ""jobs"" plan, this legislation would undermine key public health and worker protections and seriously disrupt federal services. The so called ""regulatory reform"" measures contained in this bill have nothing to do with creating jobs, but are simply an attempt to roll back 40 years of progress in protecting the public from harm and stopping corporate abuses. A Republican motion to proceed to the bill failed.",senate_2011.csv,
2011,Senate,112,1,13,H.R.,674,HR674-112,Amendment to Repeal Withholding Certain Payments to Contractors,amendment,2011-11-10,Rejected,40,56,N,Y=Wrong; N=Right,202,https://voteview.com/rollcall/RS1120202,,8,"As part of the Republican attack on workplace, safety, environmental, and consumer protections, Sen. John McCain (R-Ariz.) offered an amendment to the bill that would roll back or weaken many federal regulations, including a provision that would bar the Environmental Protection Agency from regulating greenhouse gases under the Clean Air Act. It also would express the sense of Congress in support of a balanced-budget constitutional amendment.",senate_2011.csv,
2011,Senate,112,1,14,,,,Motion to End Filibuster: Richard Cordray CFPB Confirmation,cloture,2011-12-08,Rejected,53,45,Y,Y=Right; N=Wrong,223,https://voteview.com/rollcall/RS1120223,,8,Republicans filibustered President Obama's of Richard Cordray to be director of the Consumer Financial Protection Bureau. A motion to invoke cloture and end the filibuster fell short of the 60 votes needed and failed.,senate_2011.csv,
2011,Senate,112,1,15,S.,1944,S1944-112,Motion to End Filibuster: Democratic Payroll Tax Holiday Extension,cloture,2011-12-08,Rejected,50,48,Y,Y=Right; N=Wrong,224,https://voteview.com/rollcall/RS1120224,,8,The bill would extend and expand a reduction in payroll tax rates for employees and would also extend the unemployment insurance (UI) program for the long-term jobless due to expire at the end of December. It would be paid for in part with a 1.9 percent surtax on annual incomes over $1 million. A motion to end the Republican filibuster did not receive the 60 votes needed and failed.,senate_2011.csv,
2011,Senate,112,1,16,S.,1931,S1931-112,Temporary Tax Holiday and Government Reduction Act,cloture,2011-12-08,Rejected,22,76,N,Y=Wrong; N=Right,225,https://voteview.com/rollcall/RS1120225,"vote_question passage -> cloture: senate.gov gives roll 225 of the 112th a `majority_requirement` of 3/5. It is the second of a paired set taken on 8 Dec 2011 under one unanimous consent agreement - roll 224, the Democratic payroll-tax bill, already stores `cloture` as record 15 - and the two must take the same type. S. 1931 drew only motions to proceed, never a vote on passage",8,"This Republican measure would extend the current payroll tax rates for individuals through 2012. It would be paid for by requiring increased Medicare payments from higher-income earners, and in another Republican attack on workers, it would extend the current pay freeze for federal workers for three years and reduce the federal civilian work force through attrition. The motion failed.",senate_2011.csv,
2011,Senate,112,1,17,S.J.Res.,24,SJRES24-112,Resolution Proposing a Balanced Budget Constitutional Amendment,passage,2011-12-14,Rejected,21,79,N,Y=Wrong; N=Right,228,https://voteview.com/rollcall/RS1120228,"vote_question 'amendment' -> 'passage': the roll call's own question is 'On the Joint Resolution'. The scorecard's value was inferred from its prose, which the 11 Aug 2026 review measured at ~8% wrong",8,"The joint resolution proposed a constitutional amendment that would require a balanced budget. Under the proposal, three-fifths of the entire House and Senate would be required to approve deficit spending, except in times of congressionally declared war or in the face of a serious military threat. The proposal would not count the Social Security trust fund in calculating overall receipts or outlays. The amendment was rejected.",senate_2011.csv,
2011,Senate,112,1,18,S.J.Res.,10,SJRES10-112,Resolution Proposing a Balanced Budget Constitutional Amendment,passage,2011-12-14,Rejected,47,53,N,Y=Wrong; N=Right,229,https://voteview.com/rollcall/RS1120229,"vote_question 'amendment' -> 'passage': the roll call's own question is 'On the Joint Resolution'. The scorecard's value was inferred from its prose, which the 11 Aug 2026 review measured at ~8% wrong",9,"The joint resolution proposed a constitutional amendment that would require a balanced budget. The proposal would require that total outlays could not exceed 18% of the gross domestic product. Under the proposal, three-fifths of the entire House and Senate would be required to approve an increase in the public debt limit. In addition, tax increases would require the affirmative vote of two-thirds in both chambers. A simple majority could waive the balanced-budget requirement in times of congressionally declared war or in the face of a serious military threat. The amendment was rejected.",senate_2011.csv,
2011,Senate,112,1,19,H.R.,3630,HR3630-112,Amendment to Extend Unemployment Insurance and Payroll Holiday Tax Rate,amendment,2011-12-17,Adopted,89,10,Y,Y=Right; N=Wrong,232,https://voteview.com/rollcall/RS1120232,,9,The amendment extends the 4.2% employee payroll tax rate; extends Medicare payments rates to doctors and extends unemployment insurance (UI) program for the long-term jobless. It is offset by an increase in loan fees levied by government-backed mortgage lenders Fannie Mae and Freddie Mac for guaranteeing loans purchased in the secondary mortgage market. The amendment was approved.,senate_2011.csv,
2012,Senate,112,2,1,S.,1813,S1813-112,Moving Ahead for Progress in the 21st Century Act,passage,2012-03-14,Passed,74,22,Y,Y=Right; N=Wrong,283,https://voteview.com/rollcall/RS1120283,,5,"The bipartisan Moving Ahead for Progress in the 21st Century Act would create millions of transportation infrastructure jobs, boost the economy and fix the nation's crumbling transportation systems. It authorizes $109 billion over two years for highway, highway safety and public transit programs. The bill passed.",senate_2012.csv,
2012,Senate,112,2,2,H.R.,3606,HR3606-112,Jumpstart Our Business Startups,passage,2012-03-22,Passed,73,26,N,Y=Wrong; N=Right,290,https://voteview.com/rollcall/RS1120290,,5,"The ""Jumpstart Our Business Startups (JOBS) Act"" would reduce critical regulatory protections for investors that are essential to safeguarding the retirement savings of America's workers from fraud and other risks. The so-called ""Jobs Act"" would create few jobs and would instead inevitably weaken investor confidence in our capital markets by creating new and expanded loopholes in our securities laws. Weakened securities regulations increase the danger of fraud and speculation. The bill passed.",senate_2012.csv,
2012,Senate,112,2,3,S.,2230,S2230-112,Paying a Fair Share Act of 2012,cloture,2012-04-16,Rejected,51,45,Y,Y=Right; N=Wrong,300,https://voteview.com/rollcall/RS1120300,"vote_question 'passage' -> 'cloture': the roll call's own question is 'On Cloture on the Motion to Proceed'. The scorecard's value was inferred from its prose, which the 11 Aug 2026 review measured at ~8% wrong",5,"The ""Paying a Fair Share Act of 2012"", sponsored by Sen. Sheldon Whitehouse (D-R.I.), would implement the so-called ""Buffett Rule""--a common sense proposition that the effective federal income tax rate for people who make more than $1 million should be at least 30 percent. This is an extremely modest first step towards restoring fairness to the tax code. The measure was rejected.",senate_2012.csv,
2012,Senate,112,2,4,S.J.Res.,36,SJRES36-112,Repeal of NLRB's Fair Election Rules,motion,2012-04-24,Rejected,45,54,N,Y=Wrong; N=Right,303,https://voteview.com/rollcall/RS1120303,"vote_question passage -> motion: senate.gov gives roll 303 of the 112th a `majority_requirement` of 1/2 - S.J.Res. 36 is a Congressional Review Act disapproval resolution, whose motion to proceed is privileged and non-debatable - so it is neither cloture nor passage. The resolution drew no other roll call in the Congress, so the Senate never voted on it, and the record's own text closes 'The motion was rejected'",5,"Last year the National Labor Relations Board (NLRB) implemented new democratic union election rules that limited the ability of employers to unfairly delay elections, especially through frivolous and duplicative litigation that previously allowed employers game the system and forced workers to wait months, or even years, before being allowed to vote on joining a union. Sen. Mike Enzi (R-Wyo.) introduced a resolution to prevent the NLRB from implementing the new fair union election rules. The motion was rejected.",senate_2012.csv,
2012,Senate,112,2,5,S.,1789,S1789-112,Amendment to Limit Union Representation Rights in the Workplace,amendment,2012-04-25,Rejected,46,53,N,Y=Wrong; N=Right,316,https://voteview.com/rollcall/RS1120316,,5,"Sen. Jim DeMint (R-S.C) offered an amendment to the ""21st Century Postal Service Act"" that would weaken union representation rights in the workplace. The DeMint amendment would create huge financial burdens on unions by forcing them to spend significant funds on obtaining members signed authorization before participating in worker issue, organizing campaigns and legislative activities at the local, state and national levels. The amendment was rejected.",senate_2012.csv,
2012,Senate,112,2,6,S.,3240,S3240-112,Amendment to Circumvent Collective Bargaining Agreements,amendment,2012-06-21,Rejected,45,54,N,Y=Wrong; N=Right,398,https://voteview.com/rollcall/RS1120398,,6,"Under the guise of ""strengthening"" workers' collective bargaining rights, Sen. Marco Rubio (R-Fla.) offered an amendment to the Farm Bill that would give employers the right to circumvent provisions on wage increases in collective bargaining agreements, supposedly to allow for merit raises. But under current law, unions and employees can and often do link pay increases and performance as merit-based increases. Nothing in the RAISE Act links pay or benefit improvements to individual achievement or success; rather it eliminates current built-in protections against favoritism, cronyism, and arbitrary action by employers. The amendment was defeated.",senate_2012.csv,
2012,Senate,112,2,7,S.,3364,S3364-112,Bring Jobs Home Act,cloture,2012-07-19,Rejected,56,42,Y,Y=Right; N=Wrong,416,https://voteview.com/rollcall/RS1120416,,6,"With American companies shipping more and more jobs overseas, the United States has lost 6 million manufacturing jobs and seen 50,000 manufacturing plants close in the past decade. The Bring Jobs Home Act would cut taxes for U.S. companies that move jobs and business operations back to the United States, and end tax loopholes that reward companies that ship jobs overseas. Senate Republicans mounted a filibuster against the bill, however, and a motion to invoke cloture and break the filibuster did not receive 60 votes and failed.",senate_2012.csv,
2012,Senate,112,2,8,S.,3412,S3412-112,Amendment to Extend the Bush Tax Cuts for the Wealthy,amendment,2012-07-25,Rejected,45,54,N,Y=Wrong; N=Right,418,https://voteview.com/rollcall/RS1120418,,6,"Legislation from Senate Democrats would allow the Bush tax cuts for the wealthy to expire, while preserving breaks for the middle class. Sen. Mitch McConnell (R-Ky.) offered an amendment to the bill that not only would extend the Bush tax cuts for the top 2 percent but also would extend estate tax cuts for estates worth more than $5 million. The McConnell substitute was rejected.",senate_2012.csv,
2012,Senate,112,2,9,S.,3412,S3412-112,Middle Class Tax Cuts Act,passage,2012-07-25,Passed,51,48,Y,Y=Right; N=Wrong,419,https://voteview.com/rollcall/RS1120419,,6,"This Democratic legislation would extend tax cuts on income under $250,000 for joint filers ($200,000 for individuals) or about 98% of taxpayers as well as 97% of small business owners. It would end the Bush tax breaks for the richest 2 percent and save the federal government nearly $1 trillion over the next 10 years; revenue that could be invested in jobs, infrastructure improvements, education, and protecting programs like Medicare and Medicaid, as well as reducing the deficit. The middle class tax cut was passed.",senate_2012.csv,
2012,Senate,112,2,10,H.R.,1,HR1-112,Amendment to Repeal Prevailing Wage Laws,amendment,2012-12-28,Rejected,42,52,N,Y=Wrong; N=Right,478,https://voteview.com/rollcall/RS1120478,,6,"This amendment by Sen. Rand Paul (R-Ky.) to the Disaster Relief Appropriations Act, 2013 (H.R. 1) would have repealed Davis-Bacon coverage for projects funded under this bill. The Davis-Bacon Act requires companies to pay construction workers locally prevailing wages on federally funded projects. The amendment failed.",senate_2012.csv,
2012,Senate,112,2,11,H.R.,1,HR1-112,"Disaster Relief Appropriations Act, 2013",passage,2012-12-28,Passed,62,32,Y,Y=Right; N=Wrong,483,https://voteview.com/rollcall/RS1120483,,7,"Passage of the bill that would provide $60.4 billion in emergency spending for communities hit by Hurricane Sandy. The bill passed on Dec. 28, but House Speaker John Boehner (R-Ohio) delayed final House action on the relief measure which delayed for more than a month most funds for rebuilding the homes and businesses destroyed by the storm, including funding for rebuilding and improving the transportation systems ravaged by Sandy or help for flood control and shore strengthening projects.",senate_2012.csv,
2013,Senate,113,1,1,H.R.,152,HR152-113,Supplemental Appropriations for FY2013 for Superstorm Sandy Recovery,passage,2013-01-28,Passed,62,36,Y,Y=Right; N=Wrong,4,https://voteview.com/rollcall/RS1130004,,5,"Superstorm Sandy ravaged the East Coast in November 2012. While the Senate passed a relief bill in December, House Speaker John Boehner (R-Ohio) cancelled a vote on the Senate bill. Finally in late January the House passed a disaster relief bill (H.R. 152). It provided more than $50 billion for communities hit by Sandy. Most of the funds were to rebuild the homes and businesses destroyed by the storm, including funding for rebuilding and improving the transportation systems or help for flood control and shore strengthening projects. The bill passed.",senate_2013.csv,
2013,Senate,113,1,2,,,,Confirmation of Caitlin J. Halligan to the U.S. Circuit Court of Appeals,cloture,2013-03-06,Rejected,51,41,Y,Y=Right; N=Wrong,30,https://voteview.com/rollcall/RS1130030,"vote_question 'confirmation' -> 'cloture': the roll call's own question is 'On the Cloture Motion'. The scorecard's value was inferred from its prose, which the 11 Aug 2026 review measured at ~8% wrong",5,During the past several years Senate Republicans engaged in obstruction tactics that blocked votes on several of President Obama's nominees for key cabinet and agency posts and many judicial nominations. One of those nominations was Obama's choice of Caitlin J. Halligan to be a judge for the U.S. Circuit Court of Appeals for the District of Columbia. A motion to invoke cloture (which requires 60 votes) and end the filibuster against Halligan failed.,senate_2013.csv,
2013,Senate,113,1,3,S.,743,S743-113,Marketplace Fairness Act of 2013,passage,2013-05-06,Passed,69,27,Y,Y=Right; N=Wrong,113,https://voteview.com/rollcall/RS1130113,,5,The bill grants states the authority to require remote sellers (out of state internet and mail order) to collect sales tax. It's estimated that states and localities lose as much as $23 billion a year in uncollected tax revenue on internet sales. The bill passed.,senate_2013.csv,
2013,Senate,113,1,4,S.,601,S601-113,Amendment to Include Buy American Provisions,amendment,2013-05-15,Adopted,60,36,Y,Y=Right; N=Wrong,123,https://voteview.com/rollcall/RS1130123,,5,"Sen. Jeff Merkley (D-Ore.) offered an amendment to the Water Resources Development Act Reauthorization to require the use of American iron, steel and manufactured goods for projects funded by the bill. Buy American provisions help create American jobs, especially in the manufacturing sector. The amendment allowed some exemptions, such as if those materials are not available or would increase the cost of the project by more than 25 percent. The amendment passed.",senate_2013.csv,
2013,Senate,113,1,5,S.,601,S601-113,Water Resources Development Act of 2013,passage,2013-05-15,Passed,83,14,Y,Y=Right; N=Wrong,124,https://voteview.com/rollcall/RS1130124,,6,"The bill authorizes the Army Corps of Engineers projects, including dredging harbors and protecting waterways from storm damage. It would also modernize locks and dams, provide upkeep for rivers and assist with flood protection. It would also create national levee safety program. The bill also sets a 10-year sunset date on provisions that would expedite the environmental permitting process for water projects. The bill passed.",senate_2013.csv,
2013,Senate,113,1,6,S.,744,S744-113,Amendment to Limit Border Security Contractor Pay,amendment,2013-06-19,Adopted,72,26,Y,Y=Right; N=Wrong,155,https://voteview.com/rollcall/RS1130155,,6,"A study by the Government Accountability Office (GAO) on excessive pay for federal contractors found that if all federal contractor pay was capped at the same salary that the Vice President of the United States earns ($230,700) it would save the nation at least $50 billion over the next decade. An amendment by Senator Joe Manchin (D-W.Va.) to the Border Security, Economic Opportunity, and Immigration Modernization Act (S. 744) limited private contractor abuse by capping federal border security contractors' compensation to no more than the vice president's. The amendment was approved.",senate_2013.csv,
2013,Senate,113,1,7,S.,744,S744-113,"Border Security, Economic Opportunity, and Immigration Modernization Act",passage,2013-06-27,Passed,68,32,Y,Y=Right; N=Wrong,168,https://voteview.com/rollcall/RS1130168,"match not forced by the (date, tally) key alone; the rivals were separated by the kind of vote the scorecard describes, and only one of them is that kind",6,"The bill provides a roadmap to citizenship for millions of aspiring citizens currently living and working in the U.S. and a new employment-based visa program (the W Visa) for lesser skilled, non-seasonal, and non-agricultural workers that reflects a blueprint developed by the AFL-CIO and the U.S. Chamber of Commerce. The new visa program will not keep workers in a permanent temporary status and provides workers the chance to leave abusive employers. It also allows workers to self-petition for a path to citizenship and it automatically adjusts as the American economy expands and contracts. The bill passed.",senate_2013.csv,
2013,Senate,113,1,8,,,,Confirmation of Richard Cordray for Consumer Financial Protection Bureau Secretary,confirmation,2013-07-16,Passed,66,34,Y,Y=Right; N=Wrong,174,https://voteview.com/rollcall/RS1130174,,6,"In 2011, President Obama nominated Richard Cordray to head the the Consumer Financial Protection Bureau (CFPB), the agency created under the Dodd-Frank Wall Street Reform bill to police non-bank financial institutions, including firms such as pay day lenders and mortgage companies that have histories of exploiting working people. But Republican obstructionist tactics blocked action on Cordray and other Obama nominations for almost two years. With Senate Democrats on the verge of changing Senate rules to block filibusters of executive branch nominees, Senate Republicans backed down and allowed as vote on the Cordray nomination. He was confirmed.",senate_2013.csv,
2013,Senate,113,1,9,,,,Confirmation of Thomas E. Perez for Labor Secretary,confirmation,2013-07-18,Passed,54,46,Y,Y=Right; N=Wrong,178,https://voteview.com/rollcall/RS1130178,,6,"For the past several years, Senate Republicans engaged in obstruction tactics that blocked votes on many of President Obama's nominees for key cabinet and agency posts. In July, with Senate Democrats on the verge of changing Senate rules to block filibusters on executive branch nominees, Republicans relented and agreed to allow votes on the nominees, including the nomination of Thomas E. Perez to be Labor Secretary. He was confirmed on July 18.",senate_2013.csv,
2013,Senate,113,1,10,,,,Confirmation of Kent Hirozawa for the National Labor Relations Board,confirmation,2013-07-30,Passed,54,44,Y,Y=Right; N=Wrong,190,https://voteview.com/rollcall/RS1130190,"not forced by the (date, tally) key: rolls 190 and 192 are both 54-44 NLRB confirmations on 30 July 2013. The roll call's own description names the nominee - roll 190 is Kent Yoshiho Hirozawa",7,"For the past several years, Senate Republicans engaged in obstruction tactics that blocked votes on many of President Obama's nominees for key cabinet and agency posts, including the National Labor Relations Board (NLRB) which would have been without a quorum and unable to function if new members were not confirmed by August. In July, with Senate Democrats on the verge of changing Senate rules to block filibusters on executive branch nominees, Republicans relented and agreed to allow votes on the nominees. Obama nominated Kent Yoshiho Hirozawa to be a member of the NLRB. He was confirmed on July 30.",senate_2013.csv,
2013,Senate,113,1,11,,,,Confirmation of Nancy Schiffer for the National Labor Relations Board,confirmation,2013-07-30,Passed,54,44,Y,Y=Right; N=Wrong,192,https://voteview.com/rollcall/RS1130192,"not forced by the (date, tally) key: rolls 190 and 192 are both 54-44 NLRB confirmations on 30 July 2013. The roll call's own description names the nominee - roll 192 is Nancy Jean Schiffer",7,"For the past several years, Senate Republicans engaged in obstruction tactics that blocked votes on many of President Obama's nominees for key cabinet and agency posts, including the National Labor Relations Board (NLRB) which would have been without a quorum and unable to function if new members were not confirmed by August. In July, with Senate Democrats on the verge of changing Senate rules to block filibusters on executive branch nominees, Republicans relented and agreed to allow votes on the nominees. Obama nominated Nancy Jean Schiffer to be a member of the NLRB. She was confirmed.",senate_2013.csv,
2013,Senate,113,1,12,,,,Confirmation of Mark Pearce for the National Labor Relations Board,confirmation,2013-07-30,Passed,59,38,Y,Y=Right; N=Wrong,194,https://voteview.com/rollcall/RS1130194,,7,"For the past several years, Senate Republicans engaged in obstruction tactics that blocked votes on many of President Obama's nominees for key cabinet and agency posts, including the National Labor Relations Board (NLRB) which would have been without a quorum and unable to function if new members were not confirmed by August. In July, with Senate Democrats on the verge of changing Senate rules to block filibusters on executive branch nominees, Republicans relented and agreed to allow votes on the nominees. Obama nominated Mark Gaston Pearce to be a member of the NLRB. He was confirmed.",senate_2013.csv,
2013,Senate,113,1,13,H.R.,2775,HR2775-113,"Continuing Appropriations Act, 2014",passage,2013-10-16,Passed,81,18,Y,Y=Right; N=Wrong,219,https://voteview.com/rollcall/RS1130219,,7,"This bill ended the 16-day Republican-led government shutdown that kept vital services behind locked doors for the public, paychecks out of the pockets of hundreds of thousands of federal workers, and pushed the economy to the brink of disaster. The Fiscal 2014 Continuing Appropriations and Debt Limit Suspension bill funds government operations through Jan. 15, 2014, and raises the debt ceiling to allow federal borrowing through Feb. 7, 2014. It also would provide for retroactive pay for federal employees who worked or were furloughed during that time. The bill passed.",senate_2013.csv,
2013,Senate,113,1,14,,,,Confirmation of Richard Griffin for National Labor Relations Board General Counsel,confirmation,2013-10-29,Passed,55,44,Y,Y=Right; N=Wrong,222,https://voteview.com/rollcall/RS1130222,,7,"For the past several years Senate Republicans engaged in obstruction tactics that blocked votes on several of President Obama's nominees for key cabinet and agency posts and many judicial nominations. In July, with Senate Democrats on the verge of changing Senate rules to block filibusters on executive branch nominees, Republicans relented and agreed to allow votes on several nominees, including the nomination of Richard F. Griffin to be the General Counsel of the National Labor Relations Board. Griffin was confirmed by the Senate.",senate_2013.csv,
2013,Senate,113,1,15,S.,815,S815-113,Employment Non-Discrimination Act of 2013,passage,2013-11-07,Passed,64,32,Y,Y=Right; N=Wrong,232,https://voteview.com/rollcall/RS1130232,,8,The Employment Non-Discrimination Act (ENDA) would prohibit discrimination against employees or job applicants on the basis of their actual or perceived sexual orientation or gender identity. Currently 29 states allow workers to be fired for being gay and 33 allow workers to be fired from being transgendered. The bill passed.,senate_2013.csv,
2013,Senate,113,1,16,,,,Senate Rules Change: Threshold for Cloture on Nominations to Simple Majority,motion,2013-11-21,Agreed to,52,48,Y,Y=Right; N=Wrong,243,https://voteview.com/rollcall/RS1130243,"vote_question cloture -> motion: senate.gov gives roll 243 of the 113th the question text 'On the Decision of the Chair PN527', the title 'Shall the Decision of the Chair Stand as the Judgment of the Senate? (McConnell Appeal)' and a `majority_requirement` of 1/2 - an appeal of a ruling of the chair, not a cloture vote. It takes the residual `motion`, as 1982 Senate 9 and 1989 Senate 8 already do for the same posture. The scorecard's heading names cloture as the SUBJECT of the rules change, which is what produced `cloture` - the result `Agreed to` is unchanged",8,"Responding to the Republican minority's unprecedented use of the filibuster to block Obama administration nominees from getting up or down votes, Majority Leader Harry Reid proposed an historic change in the rules of the Senate to allow a majority of Senators to cut off debate with 51 votes, instead of 60, during the consideration of all executive branch and judicial nominees. In the entire history of the Senate, there have been 168 filibusters of executive branch and judicial nominees; half of them occurred during the Obama administration. Further, only 23 district court nominees have been filibustered since the beginning of the Senate; 20 of them occurred during the past four and a half years. The rules change ending the minority party's stranglehold on the nominations process was passed.",senate_2013.csv,
2013,Senate,113,1,17,,,,Confirmation of Mel Watt for Federal Housing Finance Agency Director,confirmation,2013-12-10,Passed,57,41,Y,Y=Right; N=Wrong,252,https://voteview.com/rollcall/RS1130252,,8,"During the past several years Senate Republicans engaged in obstruction tactics that blocked votes on several of President Obama's nominees for key cabinet and agency posts and many judicial nominations. One of those nominations was Obama's choice of Rep. Mel Watt (D-N.C.) to lead the Federal Housing Finance Agency (FHFA). The FHFA is the agency that oversees the mortgage finance companies Fannie Mae and Freddie Mac, which together guarantee nearly 80% of all mortgages nationwide. After the Senate rule change, Watt was confirmed.",senate_2013.csv,
2013,Senate,113,1,18,,,,Confirmation of Cornelia Pillard for District of Columbia Circuit Judge,confirmation,2013-12-12,Passed,51,44,Y,Y=Right; N=Wrong,256,https://voteview.com/rollcall/RS1130256,,8,"During the past several years Senate Republicans engaged in obstruction tactics that blocked votes on several of President Obama's nominees for key cabinet and agency posts and many judicial nominations. One of those nominations was Obama's choice of Cornelia T. L. 'Nina' Pillard to be United States Circuit Judge for the District of Columbia Circuit. After the Senate rule change, Pillard was confirmed.",senate_2013.csv,
2014,Senate,113,2,1,,,,Confirmation of Robert L. Wilkins for U.S. Court of Appeals Judge,confirmation,2014-01-13,Passed,55,43,Y,Y=Right; N=Wrong,298,https://voteview.com/rollcall/RS1130298,,3,Confirmation of President Barack Obama's nomination of Robert L. Wilkins of the District of Columbia to be a judge for the U.S. Court of Appeals for the District of Columbia Circuit. The nomination was confirmed.,senate_2014.csv,
2014,Senate,113,2,2,H.R.,3979,HR3979-113,National Defense Authorization Act for FY2015,passage,2014-04-07,Passed,59,38,Y,Y=Right; N=Wrong,392,https://voteview.com/rollcall/RS1130392,,3,"This bill extended eligibility for expanded unemployment benefits through May 31, 2014. The bill also prohibited individuals with adjusted gross incomes of $1 million or more from receiving benefits. The bill passed.",senate_2014.csv,
2014,Senate,113,2,3,S.,2199,S2199-113,Paycheck Fairness Act,cloture,2014-04-09,Rejected,53,44,Y,Y=Right; N=Wrong,394,https://voteview.com/rollcall/RS1130394,"vote_question 'passage' -> 'cloture': the roll call's own question is 'On Cloture on the Motion to Proceed'. The scorecard's value was inferred from its prose, which the 11 Aug 2026 review measured at ~8% wrong",3,"The Paycheck Fairness Act would have required employers to demonstrate that wage gaps between men and women doing the same work were actually due to factors besides gender. It also would have prohibited retaliation against workers who shared salary information or inquired about their employers' wage practices. The bill would have brought Equal Pay Act remedies and class action procedures into conformance with those available for other civil rights claims, and required the Labor Department to provide training and collect wage information. The bill failed.",senate_2014.csv,
2014,Senate,113,2,4,S.,2223,S2223-113,Minimum Wage Fairness Act,cloture,2014-04-30,Rejected,54,42,Y,Y=Right; N=Wrong,408,https://voteview.com/rollcall/RS1130408,"vote_question 'passage' -> 'cloture': the roll call's own question is 'On Cloture on the Motion to Proceed'. The scorecard's value was inferred from its prose, which the 11 Aug 2026 review measured at ~8% wrong",4,This bill would have increased the federal minimum wage from $7.25 to $10.10 by 2016. It would have gradually increased the minimum cash wage for workers who receive tips until it equaled 70% of the federal minimum wage for other workers. The bill failed.,senate_2014.csv,
2014,Senate,113,2,5,S.,2432,S2432-113,Cloture Motion: Bank on Students Emergency Loan Refinancing Act,cloture,2014-06-11,Rejected,56,38,Y,Y=Right; N=Wrong,476,https://voteview.com/rollcall/RS1130476,,4,Student Loan Refinancing: Republicans in the Senate blocked discussion of Sen. Elizabeth Warren's (D-Mass.) Bank on Students Emergency Loan Refinancing Act when they rejected a motion to consider debate on a bill that would allow eligible borrowers to refinance their student loans. The amendment was rejected.,senate_2014.csv,
2014,Senate,113,2,6,,,,Confirmation of Pamela Harris for U.S. Circuit Court of Appeals Judge,confirmation,2014-07-28,Passed,50,43,Y,Y=Right; N=Wrong,533,https://voteview.com/rollcall/RS1130533,,4,Confirmation of President Barack Obama's nomination of Pamela Harris of Maryland to be a judge for the 4th U.S. Circuit Court of Appeals. The nomination was confirmed.,senate_2014.csv,
2014,Senate,113,2,7,H.R.,5021,HR5021-113,Amendment to Reauthorize the Highway Trust Fund,amendment,2014-07-29,Adopted,66,31,Y,Y=Right; N=Wrong,536,https://voteview.com/rollcall/RS1130536,,4,"Senator Carper amendment that reauthorized federal-aid highway and transit programs through Dec. 19, 2014, and compelled Congress to attempt to find a long-term funding solution before the end of the year. The amendment passed.",senate_2014.csv,
2014,Senate,113,2,8,H.R.,5021,HR5021-113,Amendment to Cut Funding for the Federal Highway and Transit Program,amendment,2014-07-29,Rejected,28,69,N,Y=Wrong; N=Right,537,https://voteview.com/rollcall/RS1130537,,4,A dangerous amendment by Senator Lee that would have drastically reduced already insufficient funding for the federal highway and transit program from $37.6 billion to $7.6 billion. The amendment was rejected.,senate_2014.csv,
2014,Senate,113,2,9,S.,2569,S2569-113,Bring Jobs Home Act,cloture,2014-07-30,Rejected,54,42,Y,Y=Right; N=Wrong,540,https://voteview.com/rollcall/RS1130540,"vote_question 'passage' -> 'cloture': the roll call's own question is 'On the Cloture Motion'. The scorecard's value was inferred from its prose, which the 11 Aug 2026 review measured at ~8% wrong",4,"A bill that would have given businesses a tax credit for up to 20% of the expenses incurred by bringing work done in foreign countries back into the United States, provided the business also increased its number of full-time employees. It also would have prohibited tax deductions for expenses incurred when moving jobs outside the United States. The bill failed.",senate_2014.csv,
2014,Senate,113,2,10,S.,2648,S2648-113,"Emergency Supplemental Appropriations Act, 2014",cloture,2014-07-30,Agreed to,63,33,Y,Y=Right; N=Wrong,541,https://voteview.com/rollcall/RS1130541,"vote_question 'passage' -> 'cloture': the roll call's own question is 'On the Cloture Motion'. The scorecard's value was inferred from its prose, which the 11 Aug 2026 review measured at ~8% wrong; result 'Passed' -> 'Agreed to', which follows the roll call ('Cloture Motion Agreed to') and the collection's convention for a cloture",5,"Appropriations bill that allocated $3.6 billion in supplemental appropriations, including $2.73 billion to assist immigrant children and $615 million for wildfire suppression. The bill contained emergency funding to care for child refugees from Central America. It included funding to help identify children eligible for protective status to ensure they would not be returned to dangerous situations. The bill passed.",senate_2014.csv,
2015,Senate,114,1,1,S.J.Res.,8,SJRES8-114,Resolution Overturning the NLRB's Updated Election Procedures,passage,2015-03-04,Passed,53,46,N,Y=Wrong; N=Right,67,https://voteview.com/rollcall/RS1140067,,6,"The National Labor Relations Board modernized its election procedures to reduce unnecessary litigation and delay in the election process. The moderinzed rules, issued on December 12, 2014, make the election process run more smoothly and predictably, to the benefit of employers, workers and unions. This resolution of disapproval is extreme and would roll back and undermine workers' rights to a fair and timely election process on union representation. The resolution passed the Senate and House, but vetoed by President Obama.",senate_2015.csv,
2015,Senate,114,1,2,S.Con.Res.,11,SCONRES11-114,Amendment to Prohibit Project Labor Agreements,amendment,2015-03-26,Adopted,51,49,N,Y=Wrong; N=Right,120,https://voteview.com/rollcall/RS1140120,"not forced by the (date, tally) key: rolls 106, 120 and 123 are all 51-49 on S.Con.Res. 11 that day. Roll 120 is 'To establish a spending-neutral reserve fund relating to prohibiting awarding of construction contracts based on awardees entering or not entering into agreements with labor organizations' - the project labor agreement amendment this record describes",6,"This amendment by Rep. Jeff Flake (R-Ariz.) to the FY2016 Budget Resolution (S.Con.Res. 11) prohibited the use of Project Labor Agreements (PLAs) on projects funded through the resolution. PLAs are a proven, effective tool used to ensure the timely, cost-effective completion of large and complex projects, providing a better value for government agencies and the taxpayers who fund these projects. They also provide contractors--union and nonunion, alike--access to a properly trained and highly skilled workforce. The amendment passed.",senate_2015.csv,
2015,Senate,114,1,3,S.Con.Res.,11,SCONRES11-114,FY2016 Budget Resolution,budget resolution,2015-03-27,Passed,52,46,N,Y=Wrong; N=Right,135,https://voteview.com/rollcall/RS1140135,"match not forced by the (date, tally) key alone; the rivals were separated by the kind of vote the scorecard describes, and only one of them is that kind",6,"This Senate budget resolution for fiscal year 2016 would accelerate the transfer of wealth from working-class families to large corporations and the wealthy, while slashing programs that serve moderate- and low-income families. Rather than investing in the middle class, the Senate budget would cut more than $5 trillion in programs that support working families in education, workforce training, public health, research, infrastructure and other critical investments. It also raises retirement contributions by $127 billion over 10 years for federal employees--a six percent pay cut for current employees. Finally, this budget offered by Republicans raises no new revenue for deficit reduction or needed investments. Instead of closing the corporate tax loopholes that encourage companies to ship jobs overseas, this budget lowers corporate tax rates and taxes paid by the wealthiest Americans. The resolution was agreed to in the Senate and House.",senate_2015.csv,
2015,Senate,114,1,4,H.R.,1314,HR1314-114,Amendment to Restore Funding for the Trade Adjustment Assistance Program,amendment,2015-05-18,Rejected,45,41,Y,Y=Right; N=Wrong,181,https://voteview.com/rollcall/RS1140181,,7,"This amendment by Sen. Sherrod Brown (D-Ohio) would have raised the annual funding for the Trade Adjustment Assistance program from the inadequate $400 million per year to a more robust $575 million per year. Although the AFL-CIO strongly supports renewal of Trade Adjustment Assistance, a vital program to help retrain workers who lost jobs to trade, the 'Trade Adjustment Assistance Enhancement Act of 2015' falls short in many areas. It fails to include a minimum of $575 million in annual funding, as the Administration has previously requested for the program and as sought in S. 568 and in the earlier Baucus-Collins proposal from 2013; it excludes public sector workers from coverage; and it fails to include the Health Coverage Tax Credit. The amendment failed.",senate_2015.csv,
2015,Senate,114,1,5,H.R.,1314,HR1314-114,Substitute Amendment to the Bipartisan Budget Act of 2015,cloture,2015-05-21,Agreed to,62,38,N,Y=Wrong; N=Right,183,https://voteview.com/rollcall/RS1140183,"vote_question 'amendment' -> 'cloture': the roll call's own question is 'On the Cloture Motion'. The scorecard's value was inferred from its prose, which the 11 Aug 2026 review measured at ~8% wrong; result 'Adopted' -> 'Agreed to', which follows the roll call ('Cloture Motion Agreed to') and the collection's convention for a cloture",7,"This substitute amendment by Sen. Orrin Hatch (R-Utah) to the Bipartisan Budget Act of 2015 (H.R. 1314) includes trade-related provisions to grant authority to the president to ""fast track"" trade agreements. It fails to hold the executive branch accountable to acheive negotiating objectives, address the job-killing U.S. trade imbalance, which currently stands at $505 billion, or ensures that trade deals do not continue the current race to the bottom in terms of pay and benefits, worker rights, environmental protections, access to affordable medicines, food safety rules and other vital protections for working families. In short, it does nothing to prevent the mistakes of the failed trade policies that have contributed to stagnating wages, increasing inequality and the closure of more than 60,000 factories since 2000. Cloture passed.",senate_2015.csv,
2015,Senate,114,1,6,H.R.,1314,HR1314-114,Amendment to Address Currency Manipulation in Trade Agreements,amendment,2015-05-22,Rejected,48,51,Y,Y=Right; N=Wrong,187,https://voteview.com/rollcall/RS1140187,,7,"This amendment by Sen. Rob Portman (R-Ohio) to the Bipartisan Budget Act of 2015 (H.R. 1314) would ensure a primary U.S. negotiating objective would be to establish strong, enforceable rules against currency manipulation in trade agreements. The amendment failed.",senate_2015.csv,
2015,Senate,114,1,7,H.R.,1314,HR1314-114,Amendment to Prevent Investor-State Dispute Settlement Provisions,amendment,2015-05-22,Rejected,39,60,Y,Y=Right; N=Wrong,188,https://voteview.com/rollcall/RS1140188,,7,This amendment by Sen. Elizabeth Warren (D-Mass.) to the Bipartisan Budget Act of 2015 (H.R. 1314) would have prevented Fast Track procedures from applying to any free trade agreement negotiated by the U.S. that included Investor-State Dispute Settlement provisions. The amendment failed.,senate_2015.csv,
2015,Senate,114,1,8,H.R.,1314,HR1314-114,Amendment to Require Congressional Approval of Additional Countries to Join the TPP,amendment,2015-05-22,Rejected,47,52,Y,Y=Right; N=Wrong,189,https://voteview.com/rollcall/RS1140189,,7,This amendment by Sen. Sherrod Brown (D-Ohio) to the Bipartisan Budget Act of 2015 (H.R. 1314) would have required Congressional approval before additional countries would be allowed to join the Trans-Pacific Partnership. The amendment failed.,senate_2015.csv,
2015,Senate,114,1,9,H.R.,1314,HR1314-114,Bipartisan Budget Act of 2015,passage,2015-05-22,Passed,62,37,N,Y=Wrong; N=Right,193,https://voteview.com/rollcall/RS1140193,"match not forced by the (date, tally) key alone; the rivals were separated by the kind of vote the scorecard describes, and only one of them is that kind",8,"This bill includes trade-related provisions to grant authority to the president to ""fast track"" trade agreements. It fails to hold the executive branch accountable to acheive negotiating objectives, address the job-killing U.S. trade imbalance, which currently stands at $505 billion, or ensures that trade deals do not continue the current race to the bottom in terms of pay and benefits, worker rights, environmental protections, access to affordable medicines, food safety rules and other vital protections for working families. In short, it does nothing to prevent the mistakes of the failed trade policies that have contributed to stagnating wages, increasing inequality and the closure of more than 60,000 factories since 2000. The bill passed the House and Senate, was signed by President Obama and became law on November 2, 2015.",senate_2015.csv,
2015,Senate,114,1,10,H.R.,2146,HR2146-114,Defending Public Safety Employees' Retirement Act,passage,2015-06-24,Passed,60,38,N,Y=Wrong; N=Right,219,https://voteview.com/rollcall/RS1140219,,8,"This bill includes trade-related provisions to grant authority to the president to ""fast track"" trade agreements. It fails to hold the executive branch accountable to acheive negotiating objectives, address the job-killing U.S. trade imbalance, which currently stands at $505 billion, or ensures that trade deals do not continue the current race to the bottom in terms of pay and benefits, worker rights, environmental protections, access to affordable medicines, food safety rules and other vital protections for working families. In short, it does nothing to prevent the mistakes of the failed trade policies that have contributed to stagnating wages, increasing inequality and the closure of more than 60,000 factories since 2000. The bill passed the House and Senate, was signed by President Obama and became law on June 29, 2015.",senate_2015.csv,
2015,Senate,114,1,11,S.,1177,S1177-114,Amendment to Provide Private School Vouchers,amendment,2015-07-08,Rejected,45,52,N,Y=Wrong; N=Right,225,https://voteview.com/rollcall/RS1140225,,8,This amendment by Sen. Lamar Alexander (R-Tenn.) would have provided vouchers for students for use at private institutions. This amendment would have moved scarce federal dollars from where they are critical and undermined the basic goal of public education by allowing funding designated for low-income areas to be re-routed to private schools. The amendment failed.,senate_2015.csv,
2015,Senate,114,1,12,H.R.,22,HR22-114,Amendment to Repeal the Affordable Care Act,cloture,2015-07-26,Rejected,49,43,N,Y=Wrong; N=Right,253,https://voteview.com/rollcall/RS1140253,"vote_question 'amendment' -> 'cloture': the roll call's own question is 'On the Cloture Motion'. The scorecard's value was inferred from its prose, which the 11 Aug 2026 review measured at ~8% wrong",8,"This amendment by Sen. Mitch McConnell (R-Ky.) to the FAST Act (H.R. 22) would repeal the Affordable Care Act, which provides insurance coverage to millions of Americans who otherwise would be uninsured. The amendment failed.",senate_2015.csv,
2015,Senate,114,1,13,H.R.,3762,HR3762-114,Amendment to Repeal the Excise Tax on High Cost Employer-Based Health Coverage,amendment,2015-12-03,Adopted,90,10,Y,Y=Right; N=Wrong,316,https://voteview.com/rollcall/RS1140316,,8,This amendment by Sen. Dean Heller (R-Nev.) made permanent a repeal of the excise tax on high cost employer-based health coverage in budget reconciliation legislation. The amendment passed.,senate_2015.csv,
2015,Senate,114,1,14,H.R.,22,HR22-114,Fixing America's Surface Transportation (FAST) Act,conference report,2015-12-03,Adopted,83,16,Y,Y=Right; N=Wrong,331,https://voteview.com/rollcall/RS1140331,"vote_question 'passage' -> 'conference report': the roll call's own question is 'On the Conference Report'. The scorecard's value was inferred from its prose, which the 11 Aug 2026 review measured at ~8% wrong; result 'Passed' -> 'Adopted', which follows the roll call ('Conference Report Agreed to') and the collection's convention for a conference report",9,"This bipartisan, long-term funding bill for our nation's transit systems, highways, bridges and passenger rail networks breaks the cycle of flat-line funding and short-term extensions that has strangled our economy and stunted job creation. The FAST Act strikes the right balance on many important policy issues that were considered, including measures to address bus driver assaults, responsible transit public-private partnerships, improved Buy America rules, rail safety and the transport of hazardous materials. The bill includes the reauthorization of the Export-Import Bank, which will help American manufacturers and their employees compete with foreign companies and support good middle-class jobs in this country. The bill passed the House and Senate, was signed by President Obama and became law on December 4, 2015.",senate_2015.csv,
2016,Senate,114,2,1,H.J.Res.,88,HJRES88-114,Resolution Overturning the Investment Advisors' Conflict of Interest Rule,passage,2016-05-24,Passed,56,41,N,Y=Wrong; N=Right,423,https://voteview.com/rollcall/RS1140423,,2,"This resolution of disapproval blocks a Department of Labor rule that would have required investment professionals advising on retirement accounts to put their clients' best interests ahead of their own financial interests. The resolution passed the House and Senate, but was vetoed by President Obama.",senate_2016.csv,
2016,Senate,114,2,2,S.,2193,S2193-114,Cloture Motion: Kate's Law,cloture,2016-07-06,Rejected,55,42,N,Y=Wrong; N=Right,459,https://voteview.com/rollcall/RS1140459,,2,"This punitive bill would increase penalties for civil violations of our immigration laws, putting tens of thousands more people behind bars at enormous cost to taxpayers. Many of those affected would be women and children fleeing persecution, violence and repression. Cloture on the motion to proceed (60 votes are needed) failed the Senate.",senate_2016.csv,
2016,Senate,114,2,3,S.,2848,S2848-114,Water Resources Development Act of 2016,cloture,2016-09-14,Agreed to,94,3,Y,Y=Right; N=Wrong,479,https://voteview.com/rollcall/RS1140479,"vote_question 'passage' -> 'cloture': the roll call's own question is 'On the Cloture Motion'. The scorecard's value was inferred from its prose, which the 11 Aug 2026 review measured at ~8% wrong; result 'Passed' -> 'Agreed to', which follows the roll call ('Cloture Motion Agreed to') and the collection's convention for a cloture",3,"This bill revises or authorizes new Army Corps projects, keeps American ports and harbors competitive, improves the nation's manufacturing capacity through enhanced Buy America standards, and provides long-overdue, emergency aid to Flint, Michigan and other communities facing a tainted drinking water crisis. The bill passed the Senate amended.",senate_2016.csv,
2017,Senate,115,1,1,S.Con.Res.,3,SCONRES3-115,FY2017 Budget Resolution,budget resolution,2017-01-12,Passed,51,48,N,Y=Wrong; N=Right,26,https://voteview.com/rollcall/RS1150026,,8,"A concurrent budget resolution that paves the way for a vote to repeal the Affordable Care Act under a procedure known as ""reconciliation."" Budget reconciliation rules allow for the expedited consideration of legislation and a simple majority for passage in the U.S. Senate. The measure passed the Senate and House without amendment.",senate_2017.csv,
2017,Senate,115,1,2,,,,Confirmation of Elisabeth Prince Devos for Secretary of Education,confirmation,2017-02-07,Passed,50,50,N,Y=Wrong; N=Right,54,https://voteview.com/rollcall/RS1150054,,8,"Despite giving millions of dollars to special interest groups opposed to public education and in favor of destroying teachers unions, President Trump nominated Betsy Devos to serve as the Secretary of Education. Devos was confirmed by the Senate.",senate_2017.csv,
2017,Senate,115,1,3,,,,Confirmation of Jeff Sessions for Attorney General,confirmation,2017-02-08,Passed,52,47,N,Y=Wrong; N=Right,59,https://voteview.com/rollcall/RS1150059,,8,"During his 20 years as a U.S. Senator, Sessions displayed a clear pattern of hostility to the rights of working families. Sessions stood in opposition to the Voting Rights Act, the Lily Ledbetter Fair Pay Act, numerous measures to protect immigrant workers, and even the reauthorization of the Violence Against Women Act. At the time of his nomination, Sessions had a lifetime AFL-CIO voting record of 14%. Sessions was confirmed by the Senate.",senate_2017.csv,
2017,Senate,115,1,4,,,,Confirmation of Thomas Price for Secretary of Health and Human Services,confirmation,2017-02-10,Passed,52,47,N,Y=Wrong; N=Right,61,https://voteview.com/rollcall/RS1150061,,8,"President Trump nominated Rep. Tom Price of Georgia to serve as the Secretary of Health and Human Services. As a congressman, Price supported the privatization of Medicare and Social Security, and advocated to slash funding for Medicaid. Price also supported the repeal of the Affordable Care Act. Price was confirmed by the Senate.",senate_2017.csv,
2017,Senate,115,1,5,,,,Confirmation of Steven Mnuchin for Secretary of the Treasury,confirmation,2017-02-13,Passed,53,47,N,Y=Wrong; N=Right,63,https://voteview.com/rollcall/RS1150063,,9,"Despite a troubling record as a banker, hedge fund manager, and Wall Street financier, President Trump nominated Steven Mnuchin to serve as Secretary of the Treasury. As the head of OneWest Bank from 2009-2015, Mnuchin had received bailout funds after promising to assist families facing foreclosure during the financial crisis to stay in their homes. Under his leadership, a New York State Supreme Court judge described OneWest’s foreclosure practices as ""harsh, repugnant, shocking and repulsive."" Mnuchin was confirmed by the Senate.",senate_2017.csv,
2017,Senate,115,1,6,,,,Confirmation of Mick Mulvaney for Director of the Office of Management and Budget,confirmation,2017-02-16,Passed,51,49,N,Y=Wrong; N=Right,68,https://voteview.com/rollcall/RS1150068,,9,"Mick Mulvaney, elected to Congress as a member of the 2010 Tea Party wave, was a harsh critic of government spending on Medicare, Medicaid and other income support programs, and even called Social Security a ""Ponzi Scheme."" Mulvaney’s vote to shut down the government in 2013 and consistent opposition to spending on infrastructure made him spectacularly unfit to be the nation’s chief budget officer. Mulvaney was confirmed by the Senate.",senate_2017.csv,
2017,Senate,115,1,7,H.J.Res.,37,HJRES37-115,Resolution Overturning the Fair Pay and Safe Workplace Rule,passage,2017-03-06,Passed,49,48,N,Y=Wrong; N=Right,81,https://voteview.com/rollcall/RS1150081,,9,"This resolution of disapproval overturned an Obama administration rule that would have required companies bidding on federal contracts to disclose past violations of labor and employment laws, including the Occupational Safety and Health Act, the Fair Labor Standards Act and the National Labor Relations Act. The resolution passed the House and Senate, was signed by President Trump and became law on March 27, 2017.",senate_2017.csv,
2017,Senate,115,1,8,H.J.Res.,83,HJRES83-115,Resolution Overturning the OSHA Injury and Illness Reporting Rule,passage,2017-03-22,Passed,50,48,N,Y=Wrong; N=Right,93,https://voteview.com/rollcall/RS1150093,,9,"This resolution of disapproval overturned an Obama administration rule that would require employers to keep accurate and complete records of serious work-related injuries and illnesses for at least five years. The resolution passed the House and Senate, was signed by President Trump and became law on April 3, 2017.",senate_2017.csv,
2017,Senate,115,1,9,H.J.Res.,67,HJRES67-115,Resolution Overturning the Retirement Plan Safe Harbor Rule,passage,2017-03-30,Passed,50,49,N,Y=Wrong; N=Right,99,https://voteview.com/rollcall/RS1150099,,9,"This resolution of disapproval overturned an Obama administration rule that would have allowed states to create retirement programs for private sector workers whose employers do not offer any retirement savings plan. The resolution passed the House and Senate, was signed by President Trump and became law on April 13, 2017.",senate_2017.csv,
2017,Senate,115,1,10,,,,Confirmation of Neil Gorsuch to the United States Supreme Court,confirmation,2017-04-07,Passed,54,45,N,Y=Wrong; N=Right,111,https://voteview.com/rollcall/RS1150111,,10,"Judge Neil Gorsuch's record on the U.S. Court of Appeals for the Tenth Circuit demonstrates that he is far more likely to rule in favor of corporate interests and against the interests of working men and women. He routinely rules against workers in health and safety cases; he regularly rejects the claims of employees seeking relief from discrimination in the workplace; and he frequently denies workers' efforts to secure earned wage and benefits. Based on this review and the evasive answers he provided during his confirmation hearing, we are compelled to oppose Judge Gorsuch's nomination to be an Associate Justice on the Supreme Court of the United States.",senate_2017.csv,
2017,Senate,115,1,11,H.R.,1628,HR1628-115,Amendment to Eliminate the Individual Mandate of the Affordable Care Act,amendment,2017-07-28,Rejected,49,51,N,Y=Wrong; N=Right,179,https://voteview.com/rollcall/RS1150179,,10,"This amendment by Sen. Mitch McConnell (R-Ky.) to the American Health Care Act (H.R. 1628) would undermine the coverage expansions of the Affordable Care Act by eliminating the penalties that apply under the employer shared-responsibility requirements and the individual mandate, which would cause 16 million people to become uninsured. This amendment also would eliminate the Prevention and Public Health Fund. The amendment failed.",senate_2017.csv,
2017,Senate,115,1,12,,,,Confirmation of Marvin Kaplan to the National Labor Relations Board,confirmation,2017-08-02,Passed,50,48,N,Y=Wrong; N=Right,184,https://voteview.com/rollcall/RS1150184,"match not forced by the (date, tally) key alone; the rivals were separated by the kind of vote the scorecard describes, and only one of them is that kind",10,"Despite never having practiced labor law, congressional aid Marvin Kaplan of Kansas was nominated by President Trump to serve as a member of the National Labor Relations Board. Kaplan’s sole experience with labor law was on a policy level; he drafted legislation to weaken worker protections under the National Labor Relations Act and held hearings to criticize the NLRB during the Obama administration. Kaplan was confirmed by the Senate.",senate_2017.csv,
2017,Senate,115,1,13,,,,Confirmation of William J. Emanuel to the National Labor Relations Board,confirmation,2017-09-25,Passed,49,47,N,Y=Wrong; N=Right,203,https://voteview.com/rollcall/RS1150203,,10,"Before being nominated by President Trump to serve on the National Labor Relations Board, William J. Emanuel of California had exclusively represented employers, most recently at the notorious union-busting law firm Littler Mendelson. At his confirmation hearing, Emanuel admitted that he had never represented a worker or union in an employment matter – not even in pro bono work. Emanuel was confirmed by the Senate.",senate_2017.csv,
2017,Senate,115,1,14,H.Con.Res.,71,HCONRES71-115,FY2018 Budget Resolution,budget resolution,2017-10-19,Passed,51,49,N,Y=Wrong; N=Right,245,https://voteview.com/rollcall/RS1150245,,10,"This resolution establishing the congressional budget for FY2018 cuts programs like Medicare, Medicaid and other income security programs that provide critical support to our nation's most vulnerable population by $4.1 trillion over the next decade to pay for trillions of dollars in tax giveaways for millionaires and major corporations. The fiscal blueprint would also cut discretionary spending, including funding for education, infrastructure, job training, housing assistance and financial aid for college students by $800 billion. By 2027, spending on domestic priorities as a share of the economy would be the lowest it has been since the Hoover Administration. The resolution passed the Senate amended; the House agreed to the Senate amended budget resolution without amendment.",senate_2017.csv,
2017,Senate,115,1,15,H.J.Res.,111,HJRES111-115,Resolution Overturning Forced Arbitration Ban,passage,2017-10-24,Passed,50,50,N,Y=Wrong; N=Right,249,https://voteview.com/rollcall/RS1150249,"date 2017-10-25 -> 2017-10-24: the scorecard dates the H.J.Res. 111 vote to 25 Oct; the Senate took no vote on the measure that day and Voteview roll 249 of the 115th is H.J.Res. 111 on 24 Oct at 50-50, the tally the scorecard prints. The 50-50 is senators only - Vice President Pence broke the tie 51-50 - which is why the printed figure and Voteview agree",11,"This resolution of disapproval overturned a rule adopted by the Consumer Financial Protection Bureau to ban the use of forced arbitration clauses. Forced arbitration clauses are the 'fine print' in contracts that force consumers to give up their right to sue and instead require disputes be resolved though individual arbitration. The resolution passed the House and Senate, was signed by President Trump and became law on Nov. 1, 2017.",senate_2017.csv,
2017,Senate,115,1,16,H.R.,1,HR1-115,FY2018 Budget Act Amending the Tax Code to Reduce Tax Rates,passage,2017-12-20,Passed,51,48,N,Y=Wrong; N=Right,323,https://voteview.com/rollcall/RS1150323,"not forced by the (date, tally) key: rolls 322 and 323 are both 51-48 on H.R. 1 that day and Voteview describes them identically. Roll 322 is Motion Rejected and roll 323 Motion Agreed to; the scorecard records the measure as Passed, which is roll 323 - the Senate's adoption of the tax reconciliation bill",11,"This bill amends the Internal Revenue Code in a way that makes working people pay the price for massive tax giveaways to millionaires and wealthy corporations. In addition to lowering the top tax rate for wealthy individuals and reducing the corporate rate by nearly 40%, the bill lowers the tax rate on offshore profits to zero, which gives corporations a giant incentive to move American jobs offshore. The bill also eliminates the Affordable Care Act's individual mandate, which will mean the loss of health care for 13 million Americans and a 10% premium increase, on average. The bill passed the House and Senate, was signed by President Trump and became law on December 22, 2017.",senate_2017.csv,
2018,Senate,115,2,1,H.R.,2579,HR2579-115,Cloture Vote: Amendment to the Broader Options for Americans Act,cloture,2018-02-15,Rejected,54,45,N,Y=Wrong; N=Right,359,https://voteview.com/rollcall/RS1150359,"not forced by the (date, tally) key: rolls 359 and 360 are both 54-45 cloture motions on H.R. 2579 that day. Roll 359 is 'To ensure that State and local law enforcement may cooperate with Federal officials to protect our communities from violent criminals and suspected terrorists who are illegally present' - the Toomey amendment this record describes; roll 360 is described only as 'Of a perfecting nature'; bill number: the scorecard prints (none); roll 359 is on H.R. 2579. bill_number follows the roll call and the description keeps the scorecard's words",4,"This amendment by Sen. Pat Toomey (R-Pa.) to S. Amdt. 1959 to the Broader Options for Americans Act (H.R. 2579) would have placed unnecessary burdens on law enforcement agents and establish draconian law enforcement scenarios for aspiring immigrants. Cloture on the amendment failed on Feb. 15, 2018.",senate_2018.csv,
2018,Senate,115,2,2,S.,2155,S2155-115,"Economic Growth, Regulatory Relief and Consumer Protection Act",passage,2018-03-14,Passed,67,31,N,Y=Wrong; N=Right,379,https://voteview.com/rollcall/RS1150379,"match not forced by the (date, tally) key alone; the rivals were separated by the kind of vote the scorecard describes, and only one of them is that kind",4,"This misnamed bill puts consumers and our economy at greater risk by weakening important financial regulations put in place after the 2008 crisis to protect Americans from predatory lending and promote financial stability. It undermine the current safety and soundness requirements that apply to mid-size banks and gives even the largest Wall Street megabanks new statutory tools for pressuring the Federal Reserve to weaken regulations designed to make banks more accountable. It weakens protections against predatory, unaffordable mortgage lending practices and broadens exemptions from the mortgage affordability requirements created by Dodd-Frank. The bill passed the Senate on March 14, 2018, and became law on May 24, 2018.",senate_2018.csv,
2018,Senate,115,2,3,,,,Confirmation of John F. Ring to the National Labor Relations Board,confirmation,2018-04-11,Passed,50,48,N,Y=Wrong; N=Right,392,https://voteview.com/rollcall/RS1150392,"match not forced by the (date, tally) key alone; the rivals were separated by the kind of vote the scorecard describes, and only one of them is that kind",5,"President Donald Trump nominated yet another management lawyer with no experience representing working people to the National Labor Relations Board (NLRB). John F. Ring has an extensive track record at the corporate law firm Morgan, Lewis & Bockius representing employers before the NLRB, other agencies and in the courts, but to our knowledge, he has no experience representing working people seeking to exercise their rights. Ring was confirmed on April 11, 2018, and became the third Republican member of the five member NLRB.",senate_2018.csv,
2018,Senate,115,2,4,S.,140,S140-115,Cloture Vote: Amendment to the Tribal Labor Sovereignty Act,cloture,2018-04-16,Rejected,55,41,N,Y=Wrong; N=Right,399,https://voteview.com/rollcall/RS1150399,bill number: the scorecard prints (none); roll 399 is on S. 140. bill_number follows the roll call and the description keeps the scorecard's words,5,"An amendment to the Tribal Labor Sovereignty Act, which would deny protection under the National Labor Relations Act (NLRA) to a large number of workers employed by tribal-owned and -operated enterprises located on tribal land. Among these workers are over 600,000 tribal casino workers, the vast majority of whom are not Native Americans. In recent years, the number and type of enterprises affected has grown well beyond the gaming industry, and would now include mining operations, power plants, smoke shops, saw mills, construction companies, ski resorts, high-tech firms, hotels, and spas. Many of these are commercial businesses that compete with non-Indian enterprises. As proposed, the Tribal Labor Sovereignty Act would strip all workers in these enterprises of their rights and protections under the NLRA. The motion to invoke cloture failed on April 16, 2018.",senate_2018.csv,
2018,Senate,115,2,5,,,,Confirmation of Brett M. Kavanaugh to the United States Supreme Court,confirmation,2018-10-06,Passed,50,48,N,Y=Wrong; N=Right,548,https://voteview.com/rollcall/RS1150548,,5,"Any Supreme Court nominee must be fair, independent and committed to protecting the rights, freedoms and legal safeguards of all Americans. Judge Brett Kavanaugh has a dangerous track record of protecting the privileges of the wealthy and powerful at the expense of working people. Judge Kavanaugh was confirmed on October 6, 2018.",senate_2018.csv,
2019,Senate,116,1,1,,,,Nomination of Allison Jones Rushing to the U.S. Court of Appeals for the Fourth Circuit,confirmation,2019-03-05,Passed,53,44,N,Y=Wrong; N=Right,35,https://voteview.com/rollcall/RS1160035,,5,"Judge Allison Jones Rushing has dedicated her brief legal career to representing corporations and advancing corporate interests over the rights of working people and is too inexperienced to serve on the U.S. Court of Appeals for the Fourth Circuit. Nevertheless, Judge Rushing's nomination was confirmed on March 5, 2019.",senate_2019.csv,
2019,Senate,116,1,2,,,,Nomination of Chad Readler to the U.S. Court of Appeals for the Sixth Circuit,confirmation,2019-03-06,Passed,52,47,N,Y=Wrong; N=Right,37,https://voteview.com/rollcall/RS1160037,,5,"The AFL-CIO opposes the nomination of Chad Readler to serve on the United States Court of Appeals for the Sixth Circuit. Mr. Readler has taken positions in both his professional and in personal capacities that align with those taken during his government service. As a private attorney, he advocated for restrictive voting laws, including voter roll purges and rolling back early voting. Mr. Readler was confirmed on March 6, 2019.",senate_2019.csv,
2019,Senate,116,1,3,,,,Nomination of Eric Murphy to the U.S. Court of Appeals for the Sixth Circuit,confirmation,2019-03-07,Passed,52,46,N,Y=Wrong; N=Right,39,https://voteview.com/rollcall/RS1160039,,5,"The AFL-CIO opposes the nomination of Eric Murphy to serve on the United States Court of Appeals for the Sixth Circuit, on both substantive and procedural grounds. Our nation deserves judges who treat all Americans fairly and demonstrate respect for democratic values. Mr. Murphy’s record leads us to the conclusion that he would not be such a judge. Nevertheless, he was confirmed on March 7, 2019.",senate_2019.csv,
2019,Senate,116,1,4,,,,Nomination of Naomi Rao to the U.S. Court of Appeals for the D.C. Circuit,confirmation,2019-03-13,Passed,53,46,N,Y=Wrong; N=Right,44,https://voteview.com/rollcall/RS1160044,,6,"Ms. Rao has associated herself with extreme ideological and disturbing views concerning date rape, racial and gender discrimination, and LGBGTQ rights. As a law professor, founder, and director of the Koch Foundation-funded Center for the Study of the Administrative State at the Antonin Scalia Law School, her academic writings reflect views far beyond the legal mainstream. Nevertheless, Ms. Rao's nomination was confirmed on March 13, 2019.",senate_2019.csv,
2019,Senate,116,1,5,,,,Nomination of Michael Truncale to the U.S. District Court for Eastern Texas,confirmation,2019-05-14,Passed,49,46,N,Y=Wrong; N=Right,108,https://voteview.com/rollcall/RS1160108,,6,"The AFL-CIO opposes the nomination of Michael Truncale for the Eastern District of Texas. Mr. Truncale has a deeply partisan record that raises very serious concerns about his ability to be open-minded and fair to all litigants. His nomination was confirmed on May 14, 2019.",senate_2019.csv,
2019,Senate,116,1,6,,,,Nomination of Michael Park to the U.S. Circuit Judge for the Second Circuit,cloture,2019-05-14,Agreed to,50,45,N,Y=Wrong; N=Right,109,https://voteview.com/rollcall/RS1160109,"vote_question 'confirmation' -> 'cloture': the roll call's own question is 'On the Cloture Motion'. The scorecard's value was inferred from its prose, which the 11 Aug 2026 review measured at ~8% wrong; result 'Passed' -> 'Agreed to', which follows the roll call ('Cloture Motion Agreed to') and the collection's convention for a cloture",6,"The AFL-CIO opposes the nomination of Michael H. Park to the U.S. Court of Appeals for the Second Circuit. His nomination was confirmed on May 14, 2019.",senate_2019.csv,
2019,Senate,116,1,7,,,,Nomination of Kenneth Lee to the U.S. Court of Appeals for the Ninth Circuit,confirmation,2019-05-15,Passed,52,45,N,Y=Wrong; N=Right,110,https://voteview.com/rollcall/RS1160110,,6,"The AFL-CIO opposes the nomination of Kenneth Lee to serve on the U.S. Court of Appeals for the Ninth Circuit on both procedural and substantive grounds. Mr. Lee has a career record that raises profound concerns about his ability to be impartial. His nomination was confirmed on May 15, 2019.",senate_2019.csv,
2019,Senate,116,1,8,,,,Nomination of Howard Nielson to the U.S. District Court of Utah,confirmation,2019-05-22,Passed,51,47,N,Y=Wrong; N=Right,123,https://voteview.com/rollcall/RS1160123,,6,"The AFL-CIO opposes the nomination of Howard Nielson to serve on the United States District Court of Utah. In our view, his record of extreme ideological partisanship makes him an unfit candidate. His nomination was confirmed on May 22, 2019.",senate_2019.csv,
2019,Senate,116,1,9,,,,Nomination of Matthew Kacsmaryk to the U.S. District Court for the Northern District of Texas,confirmation,2019-06-19,Passed,52,46,N,Y=Wrong; N=Right,172,https://voteview.com/rollcall/RS1160172,,7,"he AFL-CIO urges you to oppose the nomination of Matthew Kacsmaryk to serve on the United States District Court for the Northern District of Texas. Our nation’s courts need appointees who are not biased and will treat all Americans fairly—including LGBTQ individuals and working women. Our review of Kacsmaryk’s record leads us to the conclusion that he does not possess that background. His nomination was confirmed on June 19, 2019.",senate_2019.csv,
2019,Senate,116,1,10,H.R.,1327,HR1327-116,"Never Forget the Heroes: James Zadroga, Ray Pfeifer, and Luis Alvarez Permanent Authorization of the September 11th Victim Compensation Fund Act",passage,2019-07-23,Passed,97,2,Y,Y=Right; N=Wrong,224,https://voteview.com/rollcall/RS1160224,,7,"This bill will guarantee that those sickened as a result of the 9/11 attacks will receive compensation for their 9/11-related illnesses by fully funding the September 11th Victim Compensation Fund of 2001 through FY 2092. This bill passed the Senate on July 23, 2019, and was signed into law by President Trump on July 29, 2019.",senate_2019.csv,
2019,Senate,116,1,11,H.R.,3877,HR3877-116,Bipartisan Budget Act of 2019,passage,2019-08-01,Passed,67,28,Y,Y=Right; N=Wrong,262,https://voteview.com/rollcall/RS1160262,,7,"This bill increases the FY2020 and FY2021 discretionary spending limits for defense and nondefense spending and suspends the debt limit. After passing the House, the bill passed the Senate on August 1, 2019, and was signed into law on August 2, 2019.",senate_2019.csv,
2019,Senate,116,1,12,S.Res.,333,SRES333-116,Resolution to Insist on Paid Family Leave for Federal Personnel,passage,2019-09-25,Rejected,47,48,Y,Y=Right; N=Wrong,305,https://voteview.com/rollcall/RS1160305,,7,"This resolution introduced by Sen Brian Schatz (D-Hawaii) insists on paid family leave for federal personnel. The resolution failed on Sept. 25, 2019.",senate_2019.csv,
2019,Senate,116,1,13,,,,Nomination of Eugene Scalia for Secretary of Labor,confirmation,2019-09-26,Passed,53,44,N,Y=Wrong; N=Right,313,https://voteview.com/rollcall/RS1160313,,7,"The AFL-CIO opposes the nomination of Eugene Scalia to be Secretary of Labor. He has spent his entire career representing corporate interests and fighting against the interests of working people. Eugene Scalia is the antithesis of what is required from a Secretary of Labor and what working people deserve to expect from the Department of Labor. Corporations and the rich already have abundant representation in the Trump administration. Working people cannot afford to have yet another corporate defender representing them at the Labor Department. Scalia was confirmed on Sept. 26, 2019.",senate_2019.csv,
2019,Senate,116,1,14,,,,Nomination of Justin Walker to the U.S. District Court for the Western District of Kentucky,confirmation,2019-10-24,Passed,50,41,N,Y=Wrong; N=Right,333,https://voteview.com/rollcall/RS1160333,,8,"The AFL-CIO opposes the nomination of Justin Walker to the U.S. District Court for the Western District of Kentucky. Only ten years after his graduation from law school, Mr. Walker has extremely limited legal experience, minimal trial experience, and a deeply partisan record that raises very serious concerns about his ability to be fair and open-minded. He was confirmed on Oct. 24, 2019.",senate_2019.csv,
2019,Senate,116,1,15,S.J.Res.,52,SJRES52-116,Resolution to Repeal a Regulation That Allows the Sale of Junk Health Insurance Plans,passage,2019-10-30,Rejected,43,52,Y,Y=Right; N=Wrong,337,https://voteview.com/rollcall/RS1160337,,8,"This resolution would repeal a regulation issued by the Treasury and Health and Human Services departments that allow for the sale of junk health insurance plans. The resolution was defeated on Oct. 30, 2019.",senate_2019.csv,
2019,Senate,116,1,16,,,,Nomination of Steven Menashi to the U.S. Court of Appeals for the Second Circuit,confirmation,2019-11-14,Passed,51,41,N,Y=Wrong; N=Right,356,https://voteview.com/rollcall/RS1160356,,8,"The AFL-CIO opposes the nomination of Steven Menashi to serve on the United States Court of Appeals for the Second Circuit on both substantive and procedural grounds. Our nation deserves judges who treat all Americans fairly and demonstrate respect for democratic values. Nothing in Mr. Menashi’s record leads us to the conclusion that he would be such a judge. His nomination was confirmed on Nov. 14, 2019.",senate_2019.csv,
2019,Senate,116,1,17,,,,Nomination of Lawrence VanDyke to the U.S. Court of Appeals for the Ninth Circuit,confirmation,2019-12-11,Passed,51,44,N,Y=Wrong; N=Right,391,https://voteview.com/rollcall/RS1160391,,8,"The AFL-CIO opposes the nomination of Lawrence VanDyke to fill a vacancy on the United States Court of Appeals for the Ninth Circuit. Our opposition to Mr. VanDyke, who currently serves as the Deputy Assistant Attorney General for the Environment and Natural Resources Division at the U.S. Department of Justice, is rooted in both substantive and procedural grounds.",senate_2019.csv,
2019,Senate,116,1,18,H.R.,1865,HR1865-116,"Further Consolidated Appropriations Act, 2020",passage,2019-12-19,Passed,71,23,Y,Y=Right; N=Wrong,415,https://voteview.com/rollcall/RS1160415,,8,"This bill provides FY2020 appropriations for federal departments and agencies, and extends several expiring programs. After passing the House, the bill passed the Senate on Dec. 19, 2019, and was signed into law on Dec. 20, 2019.",senate_2019.csv,
2019,Senate,116,1,19,H.R.,1158,HR1158-116,"Consolidated Appropriations Act, 2020",passage,2019-12-19,Passed,81,11,Y,Y=Right; N=Wrong,428,https://voteview.com/rollcall/RS1160428,,8,"This bill provides FY2020 appropriations for federal departments and agencies. After passing the House, it passed the Senate on Dec. 19, 2019, and became law on Dec. 20, 2019.",senate_2019.csv,
2020,Senate,116,2,1,H.R.,5430,HR5430-116,United States–Mexico–Canada Agreement Implementation Act,passage,2020-01-16,Passed,89,10,Y,Y=Right; N=Wrong,442,https://voteview.com/rollcall/RS1160442,,5,"The revised United States – Mexico – Canada Agreement (USMCA) includes a first-of-its-kind facility-specific enforcement mechanism with rapid timelines and meaningful penalties. The rapid response mechanism will allow complaints to be brought against facilities for violating the rights of freedom of association and collective bargaining, including on-site verifications that must be resolved in a timely manner where violations are found. The USMCA also improved enforcement by eliminating the provision that would allow any party to block the formation of a dispute resolution panel when state-to-state conflicts arise; it severely limited Investor-State Dispute Settlement (ISDS); it removes unreasonable barriers to trade complaints by making clear there is a presumption that labor violations are trade-related; it removes troubling language on violence against workers; and it bans trade in goods made with forced labor. It also eliminated the giveaway to Big Pharma in the administration’s initial proposal. This bill passed the Senate on Jan. 16, 2020, and was signed into law on Jan. 29, 2020.",senate_2020.csv,
2020,Senate,116,2,2,,,,Nomination of Andrew Lynn Brasher to the U.S. Circuit Judge for the 11th Circuit,confirmation,2020-02-11,Passed,52,43,N,Y=Wrong; N=Right,464,https://voteview.com/rollcall/RS1160464,,5,"The AFL-CIO opposed the nomination of Alabama Middle District Court Judge Andrew Brasher to serve on the U.S. Court of Appeals for the 11th Circuit. As an attorney, Judge Brasher demonstrated a remarkable hostility toward civil rights. As the chief solicitor general for the notoriously ideological office of the Alabama Solicitor General, he led efforts to undermine the protections of the Voting Rights Act of 1965 (VRA), defend unconstitutional racial gerrymandering of legislative districts, fight against LBGTQ equality and restrict health care access for women. He also joined an amicus brief advocating that it should be more difficult for people to join together in class action suits against corporations, and a lawsuit seeking to invalidate the Dodd – Frank Act. Nevertheless, Judge Brasher's nomination was confirmed on Feb. 11, 2020.",senate_2020.csv,
2020,Senate,116,2,3,H.R.,6074,HR6074-116,"Coronavirus Preparedness and Response Supplemental Appropriations Act, 2020",passage,2020-03-05,Passed,96,1,Y,Y=Right; N=Wrong,494,https://voteview.com/rollcall/RS1160494,,6,"This supplemental was the first phase of a national response to the public health emergency presented by the novel coronavirus (COVID-19) epidemic. It helped ensure that front-line workers performing essential services were protected against exposures to the virus—in order to protect these individuals and the public. The AFL-CIO supported robust funding to support the efforts of public health agencies to respond to the outbreak and to help health care workers and first responders safely care for individuals who contract COVID-19. This funding also will help public-facing workers stay safe as they provide essential services in areas such as transportation, education, corrections and food preparation. This bill passed the Senate on March 4, 2020, and was signed into law on March 6, 2020.",senate_2020.csv,
2020,Senate,116,2,4,H.R.,6201,HR6201-116,Families First Coronavirus Response Act,passage,2020-03-18,Passed,90,8,Y,Y=Right; N=Wrong,504,https://voteview.com/rollcall/RS1160504,,6,"This was the second bill to respond to the growing COVID-19 pandemic. H.R. 6201 would encourage working people to seek testing for infection by making the tests free for most people covered by employment-based insurance, Medicare or Medicaid; mandates that workers who are sick or affected by quarantine receive up to 14 paid sick days and up to 12 weeks of paid leave per year. H.R. 6201 also would take steps to improve access to food by expanding the Supplemental Nutrition Assistance Program (SNAP), the Women, Infant and Children (WIC) program and the school lunch program. Recognizing that the current federal unemployment insurance (UI) program would not be able to provide sufficient support for states to meet the needs of workers, the package would provide additional funding for states. This bill passed the Senate on March 18, 2020, and was signed into law that same day.",senate_2020.csv,
2020,Senate,116,2,5,H.R.,748,HR748-116,Amendment to Limit Unemployment Benefits,amendment,2020-03-25,Rejected,48,48,N,Y=Wrong; N=Right,507,https://voteview.com/rollcall/RS1160507,,6,"This amendment by Sen. Ben Sasse (R-Neb.) to the Coronavirus Aid, Relief and Economic Security (CARES) Act (H.R. 748) would have wrongfully included unfair language so additional unemployment benefits would not result in an individual receiving unemployment compensation that is more than the amount of wages the individual was earning prior to becoming unemployed. The amendment failed on March 25, 2020, and the CARES Act passed that same day and was signed into law on March 27, 2020.",senate_2020.csv,
2020,Senate,116,2,6,H.R.,748,HR748-116,"Coronavirus Aid, Relief and Economic Security (CARES) Act",passage,2020-03-25,Passed,96,0,Y,Y=Right; N=Wrong,508,https://voteview.com/rollcall/RS1160508,date 2020-03-26 -> 2020-03-25 per Voteview roll 508,6,"This legislation includes a number of economic supports America’s workers immediately require, including an expansion of the unemployment insurance program, increased funding for schools, hospitals and state and local governments, and relief for the airline industry conditioned on the protection of worker rights. This bill passed the Senate on March 25, 2020, and was signed into law on March 27, 2020.",senate_2020.csv,
2020,Senate,116,2,7,,,,Nomination of Justin Reed Walker to the U.S. Circuit Judge for the District of Columbia Circuit,confirmation,2020-06-18,Passed,51,42,N,Y=Wrong; N=Right,551,https://voteview.com/rollcall/RS1160551,,7,"The AFL-CIO opposed the nomination of Judge Justin Walker to the U.S. Court of Appeals for the District of Columbia Circuit. Admitted only in 2019 to practice in the Western District of Kentucky, he began his service on the bench barely ten years after his graduation from law school, and at the time had very limited legal experience, minimal trial experience, and his support for corporate interests over the rights of working people has been robust. As an attorney in private practice, he sought to undermine the collective bargaining rights of the employees to achieve better wages, benefits and working conditions afforded by the NLRA. He has repeatedly expressed vehement opposition to the Affordable Care Act and to the Supreme Court ruling that largely upheld the ACA’s extension of health care coverage for millions of Americans. Nevertheless, Judge Walker's nomination was confirmed on June 18, 2020.",senate_2020.csv,
2020,Senate,116,2,8,,,,Nomination of Cory T. Wilson to the U.S. Circuit Judge for the 5th District,confirmation,2020-06-24,Passed,52,48,N,Y=Wrong; N=Right,553,https://voteview.com/rollcall/RS1160553,,7,"The AFL-CIO opposed the nomination of Cory Wilson to the U.S. Court of Appeals for the 5h Circuit. With scant judicial experience, he is known for inflammatory diatribes against the broad provision of health care, of voting rights protection and marriage equality. Despite Mississippi’s history of voter suppression, he worked to impose more restrictions on voting, repeatedly dismissing evidence of discrimination against African American voters. He also has consistently disparaged federal efforts to monitor Mississippi elections and ridiculed civil rights organizations that attempt to protect the vote and other critical legal protections. Nevertheless, Wilson's nomination was confirmed on June 24, 2020.",senate_2020.csv,
2020,Senate,116,2,9,,,,Nomination of Marvin Kaplan to the National Labor Relations Board,confirmation,2020-07-29,Passed,52,46,N,Y=Wrong; N=Right,577,https://voteview.com/rollcall/RS1160577,"match not forced by the (date, tally) key alone; the rivals were separated by the kind of vote the scorecard describes, and only one of them is that kind",7,"The AFL-CIO opposed the nomination of Marvin Kaplan for a second five-year term as a Republican member of the National Labor Relations Board. Kaplan’s record of decisions at the board has been among the most partisan, anti-worker in the board’s history. Kaplan’s nomination was confirmed on July 29, 2020.",senate_2020.csv,
2020,Senate,116,2,10,,,,Nomination of Lauren McFerran to the National Labor Relations Board,confirmation,2020-07-29,Passed,53,42,Y,Y=Right; N=Wrong,579,https://voteview.com/rollcall/RS1160579,,7,"The AFL-CIO supports the nomination of Lauren McFerran to the National Labor Relations Board (NLRB) for a second 5-year term. McFerran, a former aide to the late Sen. Ted Kennedy who chaired the Labor Committee, has been a diligent and respected member of the board during her first five years of service. McFerran’s nomination was confirmed on July 29, 2020.",senate_2020.csv,
2020,Senate,116,2,11,,,,Nomination of Amy Coney Barrett to the U.S. Supreme Court,confirmation,2020-10-26,Passed,52,48,N,Y=Wrong; N=Right,652,https://voteview.com/rollcall/RS1160652,,7,"The AFL-CIO opposed the nomination of Judge Amy Coney Barrett for associate justice for the Supreme Court. The speed with which Judge Barrett’s nomination was processed was offensive and violated any sense of fairness and non-partisanship, which should be the hallmark of filling a lifetime appointment to the Supreme Court. Despite having refused to consider President Obama’s nominee, Judge Merrick Garland, for more than nine months until after the 2016 election, Mitch McConnell, who was then the Senate majority leader, rushed Barrett’s confirmation through in record time when the American people were already voting in large numbers in the 2020 presidential election. Coney Barrett’s nomination was confirmed on Oct. 26, 2020.",senate_2020.csv,
2020,Senate,116,2,12,,,,Nomination of Judy Shelton to the Federal Reserve Board,cloture,2020-11-17,Rejected,47,50,N,Y=Wrong; N=Right,661,https://voteview.com/rollcall/RS1160661,"vote_question 'confirmation' -> 'cloture': the roll call's own question is 'On the Cloture Motion'. The scorecard's value was inferred from its prose, which the 11 Aug 2026 review measured at ~8% wrong",8,"The AFL-CIO opposed the nomination of Judy Shelton to the Federal Reserve Board. Shelton had a longstanding lack of commitment to Federal Reserve independence, a decades-long advocacy of returning to the gold standard, opposition to federal deposit insurance, and her questioning of whether a central bank is even needed. Shelton’s nomination failed the Senate on Nov. 11, 2020.",senate_2020.csv,
2021,Senate,117,1,1,,,,Nomination of Janet Yellen for Secretary of the Treasury,confirmation,2021-01-25,Passed,84,15,Y,Y=Right; N=Wrong,6,https://voteview.com/rollcall/RS1170006,,5,"The AFL-CIO supported the confirmation of Janet Yellen to serve as secretary of the Department of the Treasury. President Biden made history by nominating former Federal Reserve Board Chair Yellen to be the first female treasury secretary. As chair of the Federal Reserve, Yellen’s decisions prioritized jobs and wages for all working people, including communities of color long ignored by economic policymakers. The Senate confirmed Yellen’s nomination on Jan. 25, 2021.",senate_2021.csv,
2021,Senate,117,1,2,,,,Nomination of Peter Buttigieg for Secretary of Transportation,confirmation,2021-02-02,Passed,86,13,Y,Y=Right; N=Wrong,11,https://voteview.com/rollcall/RS1170011,,5,"The AFL-CIO supported the confirmation of Pete Buttigieg to serve as secretary of the Department of Transportation. Buttigieg has committed to supporting workers while improving our nation’s outdated infrastructure that has gone unaddressed for far too long. He is focused on promoting union jobs, increasing workers’ economic power and ensuring safe working conditions. He fully recognizes the importance of safety for both travelers and workers—a critical issue for the nation during the pandemic. The Senate confirmed Buttigieg’s nomination on Feb. 2, 2021.",senate_2021.csv,
2021,Senate,117,1,3,,,,Nomination of Alejandro Mayorkas for Secretary of Homeland Security,confirmation,2021-02-02,Passed,56,43,Y,Y=Right; N=Wrong,12,https://voteview.com/rollcall/RS1170012,,5,"The AFL-CIO supported the confirmation of Alejandro Mayorkas to serve as secretary of the Department of Homeland Security (DHS). Mayorkas has a record of public service and understands that real security can only be achieved by respecting fundamental human and labor rights. As DHS secretary, Mayorkas oversees a wide range of functions vital to union efforts to ensure workers’ rights and lift labor standards, including worksite immigration enforcement, work authorization, work visa programs and work permits. The department also makes determinations on relief programs and reviews worker applications for citizenship, DACA, TPS and other types of immigrant and nonimmigrant status. The secretary has an important role in ensuring adequate attention to these functions and preventing immigration enforcement from being used as a weapon against worker organizing. The Senate confirmed Mayorkas’ nomination on Feb. 2, 2021",senate_2021.csv,
2021,Senate,117,1,4,S.Con.Res.,5,SCONRES5-117,Budget Resolution,budget resolution,2021-02-05,Passed,50,50,Y,Y=Right; N=Wrong,54,https://voteview.com/rollcall/RS1170054,"match not forced by the (date, tally) key alone; the rivals were separated by the kind of vote the scorecard describes, and only one of them is that kind",6,"This bill allowed Congress to pass critical COVID-19 relief with a simple majority vote and avoid a filibuster in the Senate. It helped the nation respond to the public health and economic emergency presented by the COVID-19 pandemic. This bill passed the Senate on Feb. 5, 2021.",senate_2021.csv,
2021,Senate,117,1,5,,,,Nomination of Jennifer Granholm for Secretary of Energy,confirmation,2021-02-25,Passed,64,35,Y,Y=Right; N=Wrong,66,https://voteview.com/rollcall/RS1170066,,6,"The AFL-CIO supported the confirmation of former Michigan Gov. Jennifer Granholm to serve as secretary of the Department of Energy. She brings to the department a demonstrated commitment to rebuilding American manufacturing and creating good union jobs. As head of a department that oversees hundreds of billions of dollars in legacy, traditional and future energy programs, assets and innovation, she is well suited to helping to ensure that today and tomorrow’s energy supply chains are built in America, that America leads in clean energy and advanced industrial innovation and production, and that environmental progress goes hand in hand with the retention and creation of good union jobs. The Senate confirmed Granholm’s nomination on Feb. 25, 2021.",senate_2021.csv,
2021,Senate,117,1,6,,,,Nomination of Miguel Cardona for Secretary of Education,confirmation,2021-03-01,Passed,64,33,Y,Y=Right; N=Wrong,68,https://voteview.com/rollcall/RS1170068,,6,"The AFL-CIO supported the confirmation of Miguel Cardona to serve as secretary of the Department of Education. Cardona’s nomination represents a sorely needed transition away from the anti-education values and record of former Education Secretary Betsy DeVos. After four long years of this billionaire lobbyist undermining our public education system at the expense of students and teachers, Cardona ushers in a new perspective as both a former public school teacher and a member of the American Federation of Teachers (AFT). The Senate confirmed Cardona’s nomination on March 1, 2021.",senate_2021.csv,
2021,Senate,117,1,7,H.R.,1319,HR1319-117,American Rescue Plan Act of 2021,passage,2021-03-06,Passed,50,49,Y,Y=Right; N=Wrong,110,https://voteview.com/rollcall/RS1170110,"match not forced by the (date, tally) key alone; the rivals were separated by the kind of vote the scorecard describes, and only one of them is that kind",6,"This bill provided $1.9 trillion in emergency assistance to the American people during the unprecedented COVID-19 crisis. The American Rescue Plan stabilized state and local governments, helped reopen public schools safely, funded distribution of the new COVID-19 vaccine and related supplies, and supported transportation systems. Importantly, the bill also provided relief for multiemployer pension plans, fully subsidized COBRA health insurance for laid-off workers and continued unemployment insurance benefits, including for workers not normally covered under state programs, such as gig workers and independent contractors. This bill passed the Senate on March 6, 2021.",senate_2021.csv,
2021,Senate,117,1,8,,,,Nomination of Merrick Garland for Attorney General,confirmation,2021-03-10,Passed,70,30,Y,Y=Right; N=Wrong,114,https://voteview.com/rollcall/RS1170114,,6,"The AFL-CIO urged swift confirmation of Judge Merrick Garland of the U.S. Court of Appeals for the District of Columbia Circuit to serve as attorney general. The multiple crises facing our nation make it more important than ever to have a chief law enforcement officer with Judge Garland’s demonstrated commitment to integrity, independence and justice for all. Judge Garland’s distinctive career makes him singularly prepared to lead the Department of Justice during these challenging times. The Senate confirmed Judge Garland’s nomination on March 10, 2021",senate_2021.csv,
2021,Senate,117,1,9,,,,Nomination of Katherine Tai for U.S. Trade Representative,confirmation,2021-03-17,Passed,98,0,Y,Y=Right; N=Wrong,123,https://voteview.com/rollcall/RS1170123,,7,"The AFL-CIO supported the confirmation of Katherine Tai to serve as U.S. trade representative (USTR). While chief trade counsel for the House Ways and Means Committee, Tai worked for stronger and better enforcement of our trade laws and remedies. The AFL-CIO was proud to partner with her to craft the North American Free Trade Agreement’s long-overdue replacement, the United States-Mexico-Canada Agreement. Under Tai, the USTR is poised to develop a forward-looking, pro-worker trade agenda that includes even stronger enforcement and labor protections for American workers and their counterparts across borders. The Senate confirmed Tai’s nomination on March 17, 2021",senate_2021.csv,
2021,Senate,117,1,10,,,,Nomination of Xavier Becerra for Secretary of Health and Human Services,confirmation,2021-03-18,Passed,50,49,Y,Y=Right; N=Wrong,125,https://voteview.com/rollcall/RS1170125,,7,"The AFL-CIO supported the confirmation of Xavier Becerra to serve as secretary of the Department of Health and Human Services. Throughout his 24-year tenure in the U.S. House of Representatives, and later as California’s attorney general, Becerra fought to expand working people’s access to affordable health care. The Senate confirmed Becerra’s nomination on March 18, 2021.",senate_2021.csv,
2021,Senate,117,1,11,,,,Nomination of Martin Walsh for Secretary of Labor,confirmation,2021-03-22,Passed,68,29,Y,Y=Right; N=Wrong,127,https://voteview.com/rollcall/RS1170127,,7,"The AFL-CIO supported the confirmation of Boston Mayor Marty Walsh to serve as secretary of the Department of Labor. A LIUNA member who rose to become president of the Boston Building Trades Council, Walsh is the first union member to serve as labor secretary in more than 40 years. As mayor, he was a leader in the fight to raise the state minimum wage to $15 an hour, while at the same time creating 135,000 new jobs. Most importantly, Walsh knows firsthand that collective bargaining is essential to building a stronger economy, combating inequality, beating back COVID-19 and expanding opportunities for women, immigrants and people of color. The Senate confirmed Walsh’s nomination on March 22, 2021.",senate_2021.csv,
2021,Senate,117,1,12,,,,Nomination of Vanita Gupta for Associate Attorney General,confirmation,2021-04-21,Passed,51,49,Y,Y=Right; N=Wrong,160,https://voteview.com/rollcall/RS1170160,"match not forced by the (date, tally) key alone; the rivals were separated by the kind of vote the scorecard describes, and only one of them is that kind",7,"The AFL-CIO supported the confirmation of Vanita Gupta to serve as associate attorney general. With deep experience in a broad range of complex civil justice, law enforcement and public safety matters, Gupta is uniquely qualified for this position. Throughout her career, most recently as president of the Leadership Conference on Civil and Human Rights, she has been successful in developing collaborative professional relationships through which she has built consensus and earned the respect of a wide range of stakeholders. The Senate confirmed Gupta’s nomination on April 21, 2021",senate_2021.csv,
2021,Senate,117,1,13,,,,Nomination of Kristen Clarke for Assistant Attorney General,confirmation,2021-05-25,Passed,51,48,Y,Y=Right; N=Wrong,203,https://voteview.com/rollcall/RS1170203,"match not forced by the (date, tally) key alone; the rivals were separated by the kind of vote the scorecard describes, and only one of them is that kind",8,"The AFL-CIO supported the confirmation of Kristen Clarke to serve as assistant attorney general for the Civil Rights Division of the Department of Justice, the division charged with enforcing federal statutes that aim to protect everyone in the country from discriminatory treatment. As the former president of the Lawyers’ Committee for Civil Rights Under Law, Clarke is the ideal person to lead this work, which remains as consequential today as when the division was created by the Civil Rights Act of 1957. The Senate confirmed Clarke’s nomination on May 25, 2021",senate_2021.csv,
2021,Senate,117,1,14,H.R.,7,HR7-117,Paycheck Fairness Act,cloture,2021-06-08,Rejected,49,50,Y,Y=Right; N=Wrong,227,https://voteview.com/rollcall/RS1170227,"vote_question 'passage' -> 'cloture': the roll call's own question is 'On Cloture on the Motion to Proceed'. The scorecard's value was inferred from its prose, which the 11 Aug 2026 review measured at ~8% wrong",8,"T he Paycheck Fairness Act would update the Equal Pay Act. Although the 1963 law made it illegal for employers to pay unequal wages to male and female employees for the same work, wage disparities persist in both the private and public sectors, at every educational level, across the country. This bill would require employers to demonstrate that wage gaps truly result from factors unrelated to gender and prohibit retaliation against workers who discuss their pay with co-workers. It would also bring remedies and class-action procedures into conformance with those available for other civil rights claims, and strengthen the government’s ability to identify and remedy discrimination by requiring employers to report pay data to the Equal Employment Opportunity Commission. The Senate blocked this legislation on June 8, 2021.",senate_2021.csv,
2021,Senate,117,1,15,,,,Nomination of Ketanji Brown Jackson to the U.S. Court of Appeals for the District of Columbia Circuit,confirmation,2021-06-14,Passed,53,44,Y,Y=Right; N=Wrong,231,https://voteview.com/rollcall/RS1170231,,8,"The AFL-CIO supported the confirmation of U.S. District Judge Ketanji Brown Jackson to serve on the U.S. Court of Appeals for the District of Columbia Circuit. Her nomination reflected President Biden’s promise to appoint highly qualified judges and to expand diversity on the federal bench. Throughout her professional life, most recently as a district judge for the District of Columbia, Judge Jackson has demonstrated a strong commitment to equal justice under the law. The Senate confirmed Judge Jackson’s nomination on June 14, 2021",senate_2021.csv,
2021,Senate,117,1,16,,,,Nomination of Kiran Ahuja for Director of the Office of Personnel Management,confirmation,2021-06-22,Passed,50,50,Y,Y=Right; N=Wrong,245,https://voteview.com/rollcall/RS1170245,"match not forced by the (date, tally) key alone; the rivals were separated by the kind of vote the scorecard describes, and only one of them is that kind",8,"The AFL-CIO supported the confirmation of Kiran Ahuja to serve as director of the Office of Personnel Management (OPM). OPM is essential to the productive operation of the federal government because it develops and implements the human resource policies and services depended upon by the federal civilian workforce. Recently, federal workers were forced to endure unwarranted attacks for carrying out their duties—including many who stayed on the job during the pandemic—and the longest government shutdown in our nation’s history. The Senate confirmed Ahuja’s nomination on June 22, 2021.",senate_2021.csv,
2021,Senate,117,1,17,,,,Nomination of Julie Su for Deputy Secretary of Labor,confirmation,2021-07-13,Passed,50,47,Y,Y=Right; N=Wrong,256,https://voteview.com/rollcall/RS1170256,"match not forced by the (date, tally) key alone; the rivals were separated by the kind of vote the scorecard describes, and only one of them is that kind",9,"The AFL-CIO supported the confirmation of Julie Su to serve as deputy secretary of the Department of Labor. Su is a stellar nominee who has devoted her career to advancing labor rights, workplace protections and employment opportunities for all. As labor secretary of California, the world’s fifth-largest economy, Su enacted a sweeping pro-worker agenda that is a progressive model for every other state. From her work to prevent wage theft to her record of holding Big Tech accountable, Su has shown she is ready to meet this moment and fight for working people across the nation. The Senate confirmed Su’s nomination on July 13, 2021.",senate_2021.csv,
2021,Senate,117,1,18,,,,Nomination of Jennifer Abruzzo for General Counsel of the National Labor Relations Board,confirmation,2021-07-21,Passed,50,50,Y,Y=Right; N=Wrong,273,https://voteview.com/rollcall/RS1170273,,9,"The AFL-CIO supported the confirmation of Jennifer Abruzzo to serve as general counsel of the National Labor Relations Board (NLRB). Abruzzo is eminently qualified for this important role of safeguarding the rights of workers to organize and engage in collective bargaining. Most recently, she served as special counsel for strategic initiatives for the Communications Workers of America (CWA). She also spent more than two decades at the NLRB, as deputy general counsel and then acting general counsel. The Senate confirmed Abruzzo’s nomination on July 21, 2021.",senate_2021.csv,
2021,Senate,117,1,19,,,,Nomination of Gwynne Wilcox to the National Labor Relations Board,confirmation,2021-07-28,Passed,52,47,Y,Y=Right; N=Wrong,282,https://voteview.com/rollcall/RS1170282,"match not forced by the (date, tally) key alone; the rivals were separated by the kind of vote the scorecard describes, and only one of them is that kind",9,"The AFL-CIO supported the confirmation of Gwynne Wilcox to serve on the National Labor Relations Board (NLRB). Wilcox will be the first Black woman on the NLRB in the agency’s 85-year history, and she brings to the board extensive knowledge of both the long-standing and emerging issues facing workers who seek protection under the National Labor Relations Act. The Senate confirmed Wilcox’s nomination on July 28, 2021.",senate_2021.csv,
2021,Senate,117,1,20,,,,Nomination of David Prouty to the National Labor Relations Board,confirmation,2021-07-28,Passed,53,46,Y,Y=Right; N=Wrong,284,https://voteview.com/rollcall/RS1170284,"match not forced by the (date, tally) key alone; the rivals were separated by the kind of vote the scorecard describes, and only one of them is that kind",9,"The AFL-CIO supported the confirmation of David Prouty to serve on the National Labor Relations Board. Throughout his career, Prouty has demonstrated a commitment to protecting workers’ rights and an understanding of the power of collective bargaining. Most recently, Prouty served as general counsel of Service Employees International Union (SEIU) Local 32BJ. He also has served as general counsel of the Major League Baseball Players Association (MLBPA) and as general counsel of UNITE HERE. The Senate confirmed Prouty’s nomination on July 28, 2021.",senate_2021.csv,
2021,Senate,117,1,21,H.R.,3684,HR3684-117,Infrastructure Investment and Jobs Act,passage,2021-08-10,Passed,69,30,Y,Y=Right; N=Wrong,314,https://voteview.com/rollcall/RS1170314,,9,"After decades of delay and infrastructure decline, the House passed a bipartisan infrastructure bill. Centered around the creation of good union jobs, the bill provides for a $1 trillion investment in roads, bridges, transit, rail, climate change mitigation, electric vehicles, clean drinking water, high-speed internet, resilient transmission lines and more. The bill also includes labor standards guaranteeing that the jobs created have family-supporting wages, as well as “buy America” provisions that will bolster U.S. manufacturing. This bill passed the Senate on Aug. 10, 2021.",senate_2021.csv,
2021,Senate,117,1,22,S.,1,S1-117,For the People Act of 2021,motion,2021-08-11,Agreed to,50,49,Y,Y=Right; N=Wrong,358,https://voteview.com/rollcall/RS1170358,"vote_question passage -> motion: senate.gov gives roll 358 of the 117th the question text 'On the Motion to Discharge S. 1' at a `majority_requirement` of 1/2, and the result 'Motion to Discharge Agreed to'. Discharging the Rules Committee brings S. 1 to the floor and does not pass it - the Senate never voted on passage - so it takes the residual `motion` and the result `Agreed to`. The scorecard's own text describes the legislation and never says it passed; match not forced by the (date, tally) key alone; the rivals were separated by the measure the scorecard prints, which for this block is a typeset field off the scoreboard PDF rather than an inference",10,"For years, some of the rich and powerful have tried to make it harder to register and vote. This legislation gives voters tools to defeat those seeking to gain power through intimidation, coercion and voter suppression. It would create standards to protect the vote by promoting early voting and same-day and online registration. It establishes a public financing system powered by small donations and requires super PACs to make their donors public. Finally, it would restore voting rights for formerly incarcerated individuals and commit Congress to restoring the Voting Rights Act to end racial discrimination in voting.",senate_2021.csv,
2021,Senate,117,1,23,,,,Nomination of Doug Parker for Assistant Secretary of Labor,confirmation,2021-10-25,Passed,50,41,Y,Y=Right; N=Wrong,425,https://voteview.com/rollcall/RS1170425,,10,"The AFL-CIO supported the confirmation of Doug Parker to serve as assistant secretary for the Occupational Safety and Health Administration (OSHA) in the Department of Labor. Parker is the ideal candidate to lead OSHA, the agency charged with enforcing federal statutes that aim to ensure worker safety and health. Parker’s years of experience advocating for and protecting workers make him uniquely qualified to lead this agency and ensure that it enforces standards for new and emerging hazards and reaches targeted populations who are particularly vulnerable to dangerous working conditions. The Senate confirmed Parker’s nomination on Oct. 25, 2021.",senate_2021.csv,
2021,Senate,117,1,24,S.,4,S4-117,John R. Lewis Voting Rights Advancement Act of 2021,cloture,2021-11-03,Rejected,50,49,Y,Y=Right; N=Wrong,459,https://voteview.com/rollcall/RS1170459,"vote_question 'passage' -> 'cloture': the roll call's own question is 'On Cloture on the Motion to Proceed'. The scorecard's value was inferred from its prose, which the 11 Aug 2026 review measured at ~8% wrong",10,"This bipartisan legislation helps protect our nation’s citizens from discriminatory voting practices and restores the ability to mount effective legal challenges to anti-democratic voting measures. Passage would be an important step toward restoration of the fundamental voter protections undermined by the Supreme Court’s 2013 Shelby County v. Holder decision and its 2021 decision in Brnovich v. Democratic National Committee . The Senate blocked this legislation on November 3, 2021.",senate_2021.csv,
2022,Senate,117,2,1,H.R.,3076,HR3076-117,Postal Service Reform Act,passage,2022-03-08,Passed,79,19,Y,Y=Right; N=Wrong,599,https://voteview.com/rollcall/RS1170599,,3,"This bill would bring financial stability to the Postal Service. First, it eliminates the mandate that the Postal Service pre-fund its retiree health care benefits decades in advance, a requirement asked of no other public or private agency. Second, it adopts private sector best practices by maximizing the integration of postal annuitants into Medicare – a program to which the Postal Service and its workers have contributed over $34 billion. Additionally, the legislation benefits the public by codifying the mandate to provide six-day mail delivery.",senate_2022.csv,
2022,Senate,117,2,2,,,,"Nomination of David Weil to be Administrator of the Wage and Hour Division, DOL",cloture,2022-03-30,Rejected,47,53,Y,Y=Right; N=Wrong,648,https://voteview.com/rollcall/RS1170648,"vote_question 'confirmation' -> 'cloture': the roll call's own question is 'On the Cloture Motion'. The scorecard's value was inferred from its prose, which the 11 Aug 2026 review measured at ~8% wrong",3,AFL-CIO supported the nomination of David Weil to be Administrator of the U.S. Department of Labor’s Wage and Hour Division. Mr. Weil is highly qualified for this position and has a proven track record of protecting workers.,senate_2022.csv,
2022,Senate,117,2,3,H.R.,4373,HR4373-117,COVID Supplemental Appropriations Act,cloture,2022-04-05,Rejected,47,52,Y,Y=Right; N=Wrong,657,https://voteview.com/rollcall/RS1170657,"vote_question 'passage' -> 'cloture': the roll call's own question is 'On Cloture on the Motion to Proceed'. The scorecard's value was inferred from its prose, which the 11 Aug 2026 review measured at ~8% wrong",4,"Failure to enact this legislation would deny millions of people the vaccines and treatments that are necessary to save lives, keep children in schools, and allow workers to stay on the job. Unfortunately, the COVID threat remains – it still claims lives and takes a toll on our economy.",senate_2022.csv,
2022,Senate,117,2,4,,,,Nomination of Judge Ketanji Brown Jackson to the United States Supreme Court,confirmation,2022-04-07,Passed,53,47,Y,Y=Right; N=Wrong,662,https://voteview.com/rollcall/RS1170662,"match not forced by the (date, tally) key alone; the rivals were separated by the kind of vote the scorecard describes, and only one of them is that kind",4,"The AFL-CIO supported the confirmation of United States Judge Ketanji Brown Jackson to serve on the United States Supreme Court. Her nomination reflected President Biden’s promise to appoint highly qualified judges and to expand diversity on the federal bench. Throughout her professional life, most recently as a D.C. Circuit Court of Appeals Judge, Judge Jackson has demonstrated a strong commitment to equal justice under the law.",senate_2022.csv,
2022,Senate,117,2,5,,,,Federal Reserve Nominations of Dr. Lisa DeNell Cook,confirmation,2022-05-10,Passed,50,50,Y,Y=Right; N=Wrong,694,https://voteview.com/rollcall/RS1170694,,4,"The AFL-CIO supported the nomination of Dr. Cook, who is a highly respected economist, has served as an economic advisor to President Obama and held visiting appointments at four Federal Reserve Regional Banks. Dr. Cook would be the first black woman to serve on the board.",senate_2022.csv,
2022,Senate,117,2,6,,,,Federal Reserve Nomination of Dr. Philip Jefferson,confirmation,2022-05-11,Passed,91,7,Y,Y=Right; N=Wrong,701,https://voteview.com/rollcall/RS1170701,,4,"The AFL-CIO supported the nomination of Dr. Jefferson, who likewise brings valuable experience and expertise to the Board. His research has focused on the effects of macroeconomic and monetary policy on employment, economic growth, poverty rates, and household finance, all of which are issues at the center of the Fed’s mandate. Dr. Jefferson has worked at the Federal Reserve twice, once as an economist in the Board’s monetary affairs division and later as a research assistant in the fiscal analysis department.",senate_2022.csv,
2022,Senate,117,2,7,H.R.,4346,HR4346-117,CHIPS and Science Act,passage,2022-07-27,Passed,64,33,Y,Y=Right; N=Wrong,799,https://voteview.com/rollcall/RS1170799,"not forced by the (date, tally) key: rolls 798 and 799 are both 64-33 'On the Motion' on H.R. 4346 that day. Roll 798 is 'To improve the bill' - the substitute - and roll 799 carries the shell bill's own title, which is the Senate's adoption of the CHIPS and Science Act that this record describes",4,"CHIPS Act of 2022, which contains $52 billion for investment in domestic semiconductor funding, including $2 billion in funding for production of mature semiconductor technologies in the United States that are necessary to the production of cars, trucks, and agricultural equipment. Passage of this legislation will ensure access to critical technologies, increase national security, and remove impediments and roadblocks to the domestic production of future technologies. The need for this legislation has become apparent with the supply shortages that have plagued domestic production for the past several years.",senate_2022.csv,
2022,Senate,117,2,8,H.R.,5376,HR5376-117,Inflation Reduction Act,passage,2022-08-07,Passed,50,50,Y,Y=Right; N=Wrong,853,https://voteview.com/rollcall/RS1170853,"the published description is the CHIPS and Science Act text, reproduced verbatim from record #7, and does not describe H.R. 5376. The AFL-CIO's own page for this vote carries it, so it is left as published rather than replaced with prose that is not the AFL-CIO's; match not forced by the (date, tally) key alone; the rivals were separated by the kind of vote the scorecard describes, and only one of them is that kind",5,"CHIPS Act of 2022, which contains $52 billion for investment in domestic semiconductor funding, including $2 billion in funding for production of mature semiconductor technologies in the United States that are necessary to the production of cars, trucks, and agricultural equipment. Passage of this legislation will ensure access to critical technologies, increase national security, and remove impediments and roadblocks to the domestic production of future technologies. The need for this legislation has become apparent with the supply shortages that have plagued domestic production for the past several years.",senate_2022.csv,
2022,Senate,117,2,9,,,,Lisa M. Gomez Assistant Secretary for the Employee Benefits Security Administration (EBSA) at the U.S. Department of Labor,confirmation,2022-09-29,Passed,49,36,Y,Y=Right; N=Wrong,880,https://voteview.com/rollcall/RS1170880,,5,AFL-CIO supported the nomination of Lisa Gomez to be Assistant Secretary for the Employee Benefits Security Administration (EBSA) at the U.S. Department of Labor. Ms. Gomez is highly qualified for this position and her confirmation will ensure that EBSA’s important work protecting the retirement income security and health care of millions of working and retired Americans will continue.,senate_2022.csv,
2022,Senate,117,2,10,H.R.,8404,HR8404-117,Respect for Marriage Act,passage,2022-11-29,Passed,61,36,Y,Y=Right; N=Wrong,890,https://voteview.com/rollcall/RS1170890,,5,"This legislation is essential to securing marriage equality for same-gender couples, as well as the marriages of individuals of different races, ethnicities or national origin. The bill would enshrine into law the diversity and inclusivity of the US. Marriages, whether same-gender or interracial, or of people of different ethnicities and nationalities, would be protected under federal law, and states would be required to recognize them. The bill ensures that people who enter into same-gender marriages and marriages of different races, ethnicities and national origin have the certainty of equal treatment under the law and the dignity afforded other married couples regardless of where they live.",senate_2022.csv,
2022,Senate,117,2,11,H.Con.Res.,119,HCONRES119-117,Rail Workers Sick Leave,budget resolution,2022-12-01,Rejected,52,43,Y,Y=Right; N=Wrong,899,https://voteview.com/rollcall/RS1170899,"vote_question 'passage' -> 'budget resolution': the roll call's own question is 'On the Concurrent Resolution'. The scorecard's value was inferred from its prose, which the 11 Aug 2026 review measured at ~8% wrong",5,"Unlike many workers, railroad employees are not guaranteed a single paid sick day. This resolution provides for seven days of sick leave for railroad employees. Rail workers are an integral part of the supply chain that makes America's economy run. As essential workers, they showed up day in and day out through the pandemic to keep our country moving forward. They deserve good wages, fair treatment and vital protections like paid sick leave.",senate_2022.csv,
2022,Senate,117,2,12,H.R.,2617,HR2617-117,Consolidated Appropriations Act of 2023,passage,2022-12-22,Passed,68,29,Y,Y=Right; N=Wrong,949,https://voteview.com/rollcall/RS1170949,,5,"This omnibus package provides a much needed increase in non-defense discretionary funding and critical investments in Medicaid, education, children's health and worker protection programs. After nearly 10 years, the National Labor Relations Board (NLRB) will finally receive a desperately needed boost in funding. The bill also includes increased funding for Registered Apprenticeships, projects authorized by the Infrastructure Investment and Jobs Act, and funds to implement the CHIPS and Science Act of 2022. It also includes the Pregnant Workers Fairness Act and supplementary funding for the 9/11 World Trade Center Health Program.",senate_2022.csv,
2023,Senate,118,1,1,,,,Nomination of Nancy Abudu to the U.S. Court of Appeals for the 11th Circuit,confirmation,2023-05-18,Passed,49,47,Y,Y=Right; N=Wrong,132,https://voteview.com/rollcall/RS1180132,,3,"The AFL-CIO supported the confirmation of Nancy Abudu to the U.S. Court of Appeals for the 11th Circuit. With exceptional professional credentials and extensive experience in voting and civil rights litigation, Abudu was a highly qualified judicial nominee. Now confirmed, she brings diversity to the 11th Circuit as the first African American woman and the first person of color from Georgia.",senate_2023.csv,
2023,Senate,118,1,2,H.J.Res.,45,HJRES45-118,Congressional Review Act resolution to block the Department of Education rule relating to “Waivers and Modifications of Federal Student Loans”,passage,2023-06-01,Passed,52,46,N,Y=Wrong; N=Right,135,https://voteview.com/rollcall/RS1180135,,3,"This resolution aimed to overturn President Biden’s student debt relief program addressing the long-standing student debt crisis that hinders economic security for millions. Reversing the bipartisan payment pause and forcing repayment would disproportionately affect those earning less than $75,000 annually, as they constitute 90% of beneficiaries. The relief has allowed these individuals to begin saving for homes and emergencies.",senate_2023.csv,
2023,Senate,118,1,3,,,,Nomination of Casey Pitts to the U.S. District Court for the Northern District of California,confirmation,2023-06-14,Passed,53,46,Y,Y=Right; N=Wrong,161,https://voteview.com/rollcall/RS1180161,"match not forced by the (date, tally) key alone; the rivals were separated by the kind of vote the scorecard describes, and only one of them is that kind",3,"The AFL-CIO supported the confirmation of Casey Pitts for the U.S. District Court judge position in the Northern District of California. Pitts is a highly respected labor and employment attorney with extensive litigation experience. As an openly LGBTQ+ individual, Pitts also brings diversity to this court.",senate_2023.csv,
2023,Senate,118,1,4,,,,Nomination of Gwynne A. Wilcox to the National Labor Relations Board (NLRB),confirmation,2023-09-06,Passed,51,48,Y,Y=Right; N=Wrong,216,https://voteview.com/rollcall/RS1180216,,3,"The AFL-CIO supported the reconfirmation of Gwynne A. Wilcox as a member of the NLRB. As the first Black woman to serve on the NLRB, Wilcox has a remarkable history of expertise and commitment to workers’ rights. Since her confirmation, Wilcox has protected workers’ rights, fair labor practices, and a just and equitable workplace.",senate_2023.csv,
2023,Senate,118,1,5,,,,Nomination of Jessica Looman to be administrator of the Wage and Hour Division of the Department of Labor (DOL),confirmation,2023-10-25,Passed,51,46,Y,Y=Right; N=Wrong,265,https://voteview.com/rollcall/RS1180265,,3,"The AFL-CIO supported the confirmation of Jessica Looman to be administrator of the U.S. DOL’s Wage and Hour Division. The former executive director of the Minnesota State Building and Construction Trades Council, Looman is highly qualified for this position, with a track record of protecting workers.",senate_2023.csv,
2023,Senate,118,1,6,H.R.,4366,HR4366-118,"Prohibit Executive Order 14019, Promoting Access to Voting",amendment,2023-10-31,Rejected,45,50,N,Y=Wrong; N=Right,279,https://voteview.com/rollcall/RS1180279,,4,"This amendment to the Consolidated Appropriations Act of 2024 would prohibit the use of funds to implement or enforce Executive Order 14019, which promotes and expands voting access for millions of Americans by directing federal agencies to consider ways to expand citizens’ opportunities to register to vote and participate in the electoral process.",senate_2023.csv,
2023,Senate,118,1,7,,,,Nomination of Martin O’Malley to be Social Security Administration (SSA) commissioner,confirmation,2023-12-18,Passed,50,11,Y,Y=Right; N=Wrong,347,https://voteview.com/rollcall/RS1180347,,4,"The AFL-CIO supported the confirmation of Martin O’Malley to lead the SSA, a position that has gone unfilled for over two years. The SSA needs a strong leader, and former Maryland Gov. O’Malley’s experience and demonstrated competence make him a good fit for this position.",senate_2023.csv,
2024,Senate,118,2,1,S.J.Res.,38,SJRES38-118,"S.J.Res. 38, Dealing with Buy America Requirements",veto override,2024-02-29,Rejected,50,47,N,Y=Wrong; N=Right,413,https://voteview.com/rollcall/RS1180413,"vote_question 'passage' -> 'veto override': the roll call's own question is 'On Overriding the Veto'. The scorecard's value was inferred from its prose, which the 11 Aug 2026 review measured at ~8% wrong",6,"This joint resolution nullifies the final rule issued by the Federal Highway Administration titled Waiver of Buy America Requirements for Electric Vehicle Chargers and published on Feb. 21, 2023. The rule temporarily waives the Buy America requirements for steel, iron, manufactured products and construction materials in electric vehicle (EV) chargers.",senate_2024.csv,
2024,Senate,118,2,2,H.J.Res.,98,HJRES98-118,"S.J.Res. 49, Resolution of Disapproval on Joint Employer Rule",passage,2024-04-10,Passed,50,48,N,Y=Wrong; N=Right,474,https://voteview.com/rollcall/RS1180474,"bill number: the scorecard prints S.J.Res. 49, which drew no roll call at all in the 118th Senate. What the Senate passed 50-48 on 10 Apr 2024 is the House's H.J.Res. 98, roll 474 - the same resolution of disapproval of the NLRB joint employer rule, and the measure the record's House twin also cites; bill number: the scorecard prints S.J.Res. 49; roll 474 is on H.J.Res. 98. bill_number follows the roll call and the description keeps the scorecard's words; vote_question 'veto override' -> 'passage': the roll call's own question is 'On the Joint Resolution'. The scorecard's value was inferred from its prose, which the 11 Aug 2026 review measured at ~8% wrong",6,"The AFL-CIO opposed the vote to overturn the National Labor Relations Board's 2023 Joint Employer Rule. The rule restores a reasonable standard recognizing entities with control over working conditions as joint employers, ensuring compliance with the National Labor Relations Act and protecting workers’ rights to collective bargaining. Overriding the veto would revert to a restrictive Trump-era standard, creating uncertainty and undermining workers' rights without substantiated threats to business models like franchising or staffing services.",senate_2024.csv,
2024,Senate,118,2,3,H.R.,3935,HR3935-118,"H.R. 3935, The FAA Reauthorization Act of 2024",passage,2024-05-09,Passed,88,4,Y,Y=Right; N=Wrong,514,https://voteview.com/rollcall/RS1180514,,6,"This bill reauthorizes the Federal Aviation Administration (FAA) through FY 2028, covering such activities as airport planning, facilities, equipment and operations, as well as reauthorizing the National Transportation Safety Board through FY 2028. It directs the FAA to increase air traffic controller hiring targets and establishes a workforce development program to support the education, recruitment and retention of aviation professionals. The bill also creates an FAA ombudsman to address inquiries or objections regarding aircraft certifications, pilot certificates and operational approvals. It raises the commercial airline pilot retirement age to 67, prohibits aircraft dispatchers from working remotely except in emergencies, and requires the Department of Transportation (DOT) to ensure the aircraft boarding and deplaning process is accessible for individuals with disabilities. DOT is also tasked with ensuring young children are seated next to an accompanying adult without additional fees when adjacent seats are available. The bill prohibits the FAA from requiring mask-wearing or COVID-19 vaccines for passengers, air carrier employees or FAA employees. It also requires the FAA to issue rules to update unmanned aircraft (drone) operations, including those beyond the visual line of sight, and to establish certification and operational rules for pilots of powered-lift aircraft capable of vertical takeoff and landing.",senate_2024.csv,
2024,Senate,118,2,4,S.,4381,S4381-118,"S. 4381, Right to Contraception Act",cloture,2024-06-05,Rejected,51,39,Y,Y=Right; N=Wrong,542,https://voteview.com/rollcall/RS1180542,"vote_question 'passage' -> 'cloture': the roll call's own question is 'On Cloture on the Motion to Proceed'. The scorecard's value was inferred from its prose, which the 11 Aug 2026 review measured at ~8% wrong",7,"A bill to protect an individual's ability to access contraceptives and to engage in contraception, and to protect a health care provider's ability to provide contraceptives, contraception and information related to contraception.",senate_2024.csv,
2024,Senate,118,2,5,,,,"P.N. 1357, Confirmation of Anne Marie Wagner to the Federal Labor Relations Authority",confirmation,2024-07-10,Passed,55,37,Y,Y=Right; N=Wrong,562,https://voteview.com/rollcall/RS1180562,,7,"Working people supported the confirmation of Anne Marie Wagner to the Federal Labor Relations Authority (FLRA). Wagner is highly qualified to be a member of the FLRA. She brings decades of experience with the Office of Special Counsel, the Merit Systems Protection Board and the U.S. Government Accountability Office Personnel Appeals Board to the FLRA. Wagner’s experience with federal employee relations and appeals led the Senate Committee on Homeland Security & Government Affairs to report her nomination with a strong bipartisan vote.",senate_2024.csv,
2024,Senate,118,2,6,,,,"P.N. 1789, Confirmation of Lauren McFerran as Chair of the National Labor Relations Board",cloture,2024-12-11,Rejected,49,50,Y,Y=Right; N=Wrong,672,https://voteview.com/rollcall/RS1180672,"vote_question 'confirmation' -> 'cloture': the roll call's own question is 'On the Cloture Motion'. The scorecard's value was inferred from its prose, which the 11 Aug 2026 review measured at ~8% wrong",7,"The NLRB is the sole venue whereby most private sector workers’ rights to organize and collectively bargain are enforced. With workers turning to the board for representation elections and the enforcement of their rights in increasing numbers, the agency’s seats need to be filled to tackle this increasing workload. And it is vital that the board is composed of individuals like Chair McFerran who believe in its mission.",senate_2024.csv,
2024,Senate,118,2,7,H.R.,82,HR82-118,"S. 597, Social Security Fairness Act",passage,2024-12-21,Passed,76,20,Y,Y=Right; N=Wrong,690,https://voteview.com/rollcall/RS1180690,,7,"The Windfall Elimination Provision (WEP) penalizes retirees who have spent their career in public service but who also have paid into Social Security at some point while working in the private sector. Although these retirees do not expect to receive Social Security benefits for their years of public sector service for which they did not pay FICA tax, it is not fair that their Social Security benefits for their private sector work—or for the private sector work of their spouses—are reduced as a result of a 1983 change in federal law intended to address the false perception that such federal retirees were “double dipping.” These provisions are grossly unfair as the Social Security benefits of private sector workers are not reduced if they receive benefits from private pension plans. These federal retirees have earned their Social Security benefits and should receive them. Together, the WEP-Government Pension Offset (GPO) provisions adversely affect approximately 25% of public sector workers. According to 2022 data, more than 2 million Social Security beneficiaries are affected by the WEP, and almost three-quarters of a million beneficiaries had spousal or widow(er) benefits reduced by the GPO.",senate_2024.csv,
2025,Senate,119,1,1,,,,Letter to President Trump demanding reinstatement of NLRB Member Gwynn Wilcox,,2025-02-13,Rejected,51,48,N,Y=Wrong; N=Right,,https://aflcio.org/scorecard/votes/2025/senate/letter-president-trump-demanding-reinstatement-nlrb-member-gwynn-wilcox,"not a roll call: a letter to President Trump about the Wilcox firing; aflcio_position N, not Y: the AFL-CIO supported this letter, but the record's own text states that ""a 'no' vote indicates the person signed the letter"", so a nay is the scored-right vote. The scorecard's ""Bad for working people"" tag encodes that inversion rather than contradicting the prose. The record is a letter, not a roll call, so it carries no vote_question and the card says to ""disregard the notation on whether this measure passed""",3,"Working people supported this letter to President Trump protesting his firing of National Labor Relations Board Member Gwynn Wilcox, as the firing destroyed the Board's quorum and undermined its independence and workers' access to justice, and demanding her reinstatement. ( Because this system is designed for votes, and this measure is a letter rather than a vote, please note the following: (1) a ""no"" vote indicates the person signed the letter protesting the firing of Wilcox, and (2) disregard the notation on whether this measure passed or did not pass, as it was a letter not a bill. )",senate_2025.csv,
2025,Senate,119,1,3,S.Con.Res.,7,SCONRES7-119,"S.Con.Res.7, Senate 2025 Budget Resolution",budget resolution,2025-02-21,Passed,52,48,N,Y=Wrong; N=Right,87,https://voteview.com/rollcall/RS1190087,,3,Working people opposed this resolution that would initiative a process to cut trillions in taxes for the wealthy and large corporations with little benefit to working families.,senate_2025.csv,
2025,Senate,119,1,2,H.R.,1968,HR1968-119,"H.R. 1968, Full-Year Continuing Appropriations and Extensions Act",passage,2025-03-14,Passed,54,46,N,Y=Wrong; N=Right,133,https://voteview.com/rollcall/RS1190133,"date and tally, both from the AFL-CIO's own page, and the printed date is IMPOSSIBLE rather than merely unmatched: it publishes 'February 20, 2025', and the HOUSE did not pass H.R. 1968 until 11 March 2025 (rolls 68-69), so the measure had not reached the Senate on 20 February. Every Senate roll call on it falls on 14 March, and its only passage vote is roll 133 at 54-46, which is what the record's 'Passed' describes. The printed 51-49 belongs to nothing on this measure - the 2025 Senate's only 51-49s are the Patel nomination and an S.Con.Res. 7 amendment, both on 20 February. CONFIRMED 31 Aug 2026 by the scorecard's own per-legislator export, which settles WHERE the wrong key came from: this record's column of marks reproduces roll 70 - the S.Con.Res. 7 amendment of 20 February, 51-49 - EXACTLY, on all 100 senators, while roll 133 leaves 5 wrong. So the site linked the record to roll 70 and took its date, its tally and its member marks from there. The intent is not in doubt: the AFL-CIO's own legislative alert attached to this record is dated 13 March 2025 and opposes 'the Full-Year Continuing Appropriations and Extensions Act, 2025 (H.R. 1968) scheduled for Senate floor consideration this week'. The match stands; the export column is the defective artifact. Date 2025-02-20 -> 2025-03-14 and tally 51-49 -> 54-46; date 2025-02-20 -> 2025-03-14 per Voteview roll 133; tally 51-49 -> 54-46 per Voteview roll 133",3,Working people opposed this bill/budget that would cut funding for critical services that hardworking taxpayers depend upon.,senate_2025.csv,
2025,Senate,119,1,4,S.J.Res.,37,SJRES37-119,"S.J.Res.37, A Joint Resolution Terminating the National Emergency Declared to Impose Duties on Articles Imported from Canada",passage,2025-04-02,Passed,51,48,Y,Y=Right; N=Wrong,160,https://voteview.com/rollcall/RS1190160,,3,Working people supported this bill that terminates the across the board use of tarriffs against our allies and trade partners rather than strategic deployment of these trade tools where necessary.,senate_2025.csv,
2025,Senate,119,1,5,S.,1582,S1582-119,"S.1582, GENIUS Act",passage,2025-06-17,Passed,68,30,N,Y=Wrong; N=Right,318,https://voteview.com/rollcall/RS1190318,"date and tally, both from the AFL-CIO's own page, and the printed date is IMPOSSIBLE rather than merely unmatched: it publishes 'April 9, 2025', and the FIRST Senate roll call on S. 1582 of any kind is roll 240 on 8 May 2025. The measure's only passage vote is roll 318, 17 June 2025 at 68-30, which is what the record's 'Passed' describes; its cloture votes are 48-49, 68-30 and 67-27 and its motion to proceed 69-31, so no reading of the card reaches 51-45. CONFIRMED 31 Aug 2026 by the scorecard's own per-legislator export, and it is the SAME defect as senate 2 above: this record's column reproduces roll 200 EXACTLY (96/96) - the Paul Atkins SEC confirmation of 9 April 2025 at 51-45, which is precisely the date and tally the page publishes - while roll 318 leaves 19 wrong. The column is also a PURE PARTY LINE, every Democrat right and every Republican wrong, which no S. 1582 roll call is. So the site linked the record to roll 200. The match stands. Date 2025-04-09 -> 2025-06-17 and tally 51-45 -> 68-30; date 2025-04-09 -> 2025-06-17 per Voteview roll 318; tally 51-45 -> 68-30 per Voteview roll 318",4,Working people opposed this bill that would enable the crypto industry to operate without effective oversight and endanger hard-earned retirement benefits.,senate_2025.csv,
2025,Senate,119,1,6,H.R.,1,HR1-119,"H.R. 1, One Big Beautiful Bill Act",passage,2025-07-01,Passed,50,50,N,Y=Wrong; N=Right,372,https://voteview.com/rollcall/RS1190372,"match not forced by the (date, tally) key alone; the rivals were separated by the kind of vote the scorecard describes, and only one of them is that kind",4,"Working people opposed this bill that would enact devastating cuts to Medicaid, SNAP, and other important social safety programs to provide tax-cuts to the rich.",senate_2025.csv,
2025,Senate,119,1,7,,,,Nomination of Emil Bove,confirmation,2025-07-29,Passed,50,49,N,Y=Wrong; N=Right,448,https://voteview.com/rollcall/RS1190448,,4,Working people opposed the confirmation of Emil Bove to the Third Circuit U.S. Court of Appeals.,senate_2025.csv,
2025,Senate,119,1,8,S.,3386,S3386-119,"S. 3386, Health Care Freedom for Patients Act",cloture,2025-12-11,Rejected,51,48,N,Y=Wrong; N=Right,643,https://voteview.com/rollcall/RS1190643,"match not forced by the (date, tally) key alone; the rivals were separated by the measure the scorecard prints, which for this block is a typeset field off the scoreboard PDF rather than an inference; vote_question 'passage' -> 'cloture': the roll call's own question is 'On the Cloture Motion'. The scorecard's value was inferred from its prose, which the 11 Aug 2026 review measured at ~8% wrong",4,Working people opposed this bill that would not prevent catastrophic increases to health care premium prices that will deny access to millions of American families.,senate_2025.csv,
2025,Senate,119,1,9,S.,3385,S3385-119,"S. 3385, Lower Health Care Costs Act",cloture,2025-12-11,Rejected,51,48,Y,Y=Right; N=Wrong,644,https://voteview.com/rollcall/RS1190644,"match not forced by the (date, tally) key alone; the rivals were separated by the measure the scorecard prints, which for this block is a typeset field off the scoreboard PDF rather than an inference; vote_question 'passage' -> 'cloture': the roll call's own question is 'On the Cloture Motion'. The scorecard's value was inferred from its prose, which the 11 Aug 2026 review measured at ~8% wrong",4,"Working people supported this bill that would provide a clean, three-year extension to Affordable Care Act subsidies to prevent extreme increases in premium prices for American consumers.",senate_2025.csv,
